type,issue,date,front1,front2,front3,front4,front5,back1,back2,sales,pool,firstPrizeCount,secondPrizeCount,source
dlt,26089,2026-08-08,3,7,12,14,26,5,11,,,,,17500
dlt,26088,2026-08-05,3,9,11,24,27,5,11,305815169,792266898,2,160,17500
dlt,26087,2026-08-03,5,10,16,24,27,4,10,306098479,768406558,9,172,17500
dlt,26086,2026-08-01,10,11,18,22,35,6,12,327985310,813207389,2,121,17500
dlt,26085,2026-07-29,3,4,14,28,31,5,7,302145325,804161465,2,94,17500
dlt,26084,2026-07-27,13,25,30,32,33,4,5,300483424,770490757,8,81,17500
dlt,26083,2026-07-25,14,15,16,23,26,7,9,316550987,772867559,8,135,17500
dlt,26082,2026-07-22,16,26,27,28,34,2,6,295623678,807119056,5,76,17500
dlt,26081,2026-07-20,8,16,18,24,34,9,12,301607097,784468403,5,125,17500
dlt,26080,2026-07-18,5,10,15,21,23,7,8,325550165,765513154,10,173,17500
dlt,26079,2026-07-15,6,8,23,26,27,5,12,301975334,794651243,5,111,17500
dlt,26078,2026-07-13,2,13,20,25,32,8,11,302935941,818797138,5,181,17500
dlt,26077,2026-07-11,4,14,19,24,27,6,7,318922356,797164073,2,141,17500
dlt,26076,2026-07-08,15,20,27,28,35,2,11,303115587,804904837,4,113,17500
dlt,26075,2026-07-06,1,6,16,18,26,4,10,295227167,814593833,3,89,17500
dlt,26074,2026-07-04,1,4,10,23,25,1,12,319733435,818314176,6,115,17500
dlt,26073,2026-07-01,4,10,22,23,33,2,12,306363724,798037522,6,129,17500
dlt,26072,2026-06-29,1,13,26,29,30,9,11,309759041,820383228,5,67,17500
dlt,26071,2026-06-27,5,13,22,26,32,2,3,332658791,844492276,1,179,17500
dlt,26070,2026-06-24,4,5,15,21,32,2,11,312722588,814894461,1,112,17500
dlt,26069,2026-06-22,12,19,21,24,29,3,10,312134107,757966457,8,98,17500
dlt,26068,2026-06-20,3,11,12,21,22,6,10,333899407,802145380,5,212,17500
dlt,26067,2026-06-17,6,16,18,19,28,7,11,322509643,791339917,6,158,17500
dlt,26066,2026-06-15,10,13,19,21,30,4,5,352461614,817519004,2,106,17500
dlt,26065,2026-06-13,4,11,12,13,25,4,8,361984211,802840285,6,189,17500
dlt,26064,2026-06-10,3,13,15,17,21,2,7,352495130,787631261,4,103,17500
dlt,26063,2026-06-08,3,15,20,29,31,1,12,353853854,762261291,5,79,17500
dlt,26062,2026-06-06,7,15,20,24,29,4,10,397538816,738675961,15,304,17500
dlt,26061,2026-06-03,10,12,26,31,35,2,12,354547009,807705563,4,114,17500
dlt,26060,2026-06-01,22,28,30,31,34,1,5,364299680,769160539,37,98,17500
dlt,26059,2026-05-30,6,13,17,19,26,7,8,373161795,818749861,3,269,17500
dlt,26058,2026-05-27,7,12,13,18,34,1,5,354634349,786536913,5,118,17500
dlt,26057,2026-05-25,23,25,26,27,34,4,10,341310042,801147297,4,158,17500
dlt,26056,2026-05-23,6,7,18,21,30,1,5,368991091,767589409,6,151,17500
dlt,26055,2026-05-20,9,10,20,33,35,4,11,348746645,757078646,4,83,17500
dlt,26054,2026-05-18,2,6,14,22,24,8,11,349381748,718927617,13,101,17500
dlt,26053,2026-05-16,2,9,14,20,31,5,9,374349995,738749152,14,133,17500
dlt,26052,2026-05-13,2,3,20,28,33,2,12,353399952,782179260,9,201,17500
dlt,26051,2026-05-11,13,18,28,32,33,2,11,355675446,799348751,4,135,17500
dlt,26050,2026-05-09,6,10,14,23,33,8,10,373660843,812279268,6,97,17500
dlt,26049,2026-05-06,1,6,14,15,17,2,3,298483726,786081563,6,69,17500
dlt,26048,2026-05-04,11,17,20,23,35,1,10,276914543,778139138,7,87,17500
dlt,26047,2026-05-02,9,20,21,23,28,6,11,301530437,776088008,5,97,17500
dlt,26046,2026-04-29,1,13,18,27,33,4,7,305905116,801117818,6,84,17500
dlt,26045,2026-04-27,1,15,21,26,33,4,7,309445116,795611859,7,86,17500
dlt,26044,2026-04-25,3,8,22,26,29,7,10,333443770,796949218,8,168,17500
dlt,26043,2026-04-22,8,12,14,19,22,11,12,308301370,835097420,1,86,17500
dlt,26042,2026-04-20,2,7,13,19,24,3,8,311873981,783361004,5,260,17500
dlt,26041,2026-04-18,24,25,27,29,34,2,6,342918690,804564900,6,94,17500
dlt,26040,2026-04-15,6,12,13,21,34,8,9,322412866,776038688,6,118,17500
dlt,26039,2026-04-13,9,11,20,26,27,6,9,321747230,760888094,11,175,17500
dlt,26038,2026-04-11,8,17,21,33,35,6,7,343632778,799997856,2,174,17500
dlt,26037,2026-04-08,7,12,13,28,32,6,8,324524682,756781635,5,133,17500
dlt,26036,2026-04-06,4,7,16,26,32,5,8,298882570,732445104,9,114,17500
dlt,26035,2026-04-04,2,22,30,33,34,8,12,324023066,744740092,11,91,17500
dlt,26034,2026-04-01,11,12,25,26,27,8,11,321281232,745020716,6,215,17500
dlt,26033,2026-03-30,3,5,7,9,18,2,10,319640788,743671788,12,250,17500
dlt,26032,2026-03-28,3,4,19,26,32,1,12,342713464,787204235,6,141,17500
dlt,26031,2026-03-25,6,8,22,29,34,5,7,321190415,762397267,9,82,17500
dlt,26030,2026-03-23,2,13,22,28,34,5,12,316922568,801741816,8,97,17500
dlt,26029,2026-03-21,3,5,17,33,35,5,7,337467964,834276729,6,144,17500
dlt,26028,2026-03-18,15,27,29,30,34,1,10,303460918,861344045,1,63,17500
dlt,26027,2026-03-16,9,10,11,12,16,1,11,307838475,799972392,7,166,17500
dlt,26026,2026-03-14,10,11,22,26,32,1,8,330044286,794063793,3,119,17500
dlt,26025,2026-03-11,3,15,24,28,29,3,7,299297449,761949362,10,147,17500
dlt,26024,2026-03-09,2,4,8,10,21,9,12,293616732,790603786,3,138,17500
dlt,26023,2026-03-07,9,25,26,27,28,1,8,323009849,763063925,6,109,17500
dlt,26022,2026-03-04,5,9,10,18,26,5,6,294728612,753076287,10,261,17500
dlt,26021,2026-03-02,5,8,12,14,17,4,5,291691198,783711295,7,161,17500
dlt,26020,2026-02-28,1,10,21,23,29,10,12,319278064,823831821,3,77,17500
dlt,26019,2026-02-25,12,13,14,16,31,4,12,356165890,780263624,8,72,17500
dlt,26018,2026-02-11,9,11,19,30,35,1,12,349431305,761611230,7,86,17500
dlt,26017,2026-02-09,4,5,10,23,31,7,12,314171855,762704025,6,104,17500
dlt,26016,2026-02-07,8,9,12,19,24,1,6,333666762,755649051,13,243,17500
dlt,26015,2026-02-04,1,4,10,13,17,3,11,310086553,829148795,4,98,17500
dlt,26014,2026-02-02,16,18,23,34,35,1,6,318884035,842732986,2,81,17500
dlt,26013,2026-01-31,3,5,6,23,26,1,4,350779828,782886373,10,409,17500
dlt,26012,2026-01-28,1,2,9,22,25,1,6,318917948,799554979,5,131,17500
dlt,26011,2026-01-26,14,21,23,29,33,2,10,312938804,793323030,3,74,17500
dlt,26010,2026-01-24,2,3,13,18,26,2,9,336186076,751872266,4,182,17500
dlt,26009,2026-01-21,5,12,13,14,33,5,8,302386708,734360129,5,144,17500
dlt,26008,2026-01-19,3,6,17,21,33,5,11,301922043,724155773,4,151,17500
dlt,26007,2026-01-17,1,3,13,20,26,3,10,333462560,710693230,18,213,17500
dlt,26006,2026-01-14,5,12,18,23,35,6,12,315815131,787011243,8,217,17500
dlt,26005,2026-01-12,2,4,16,23,35,6,11,311138123,788287446,8,77,17500
dlt,26004,2026-01-10,5,18,23,25,32,5,9,329175580,779153160,11,174,17500
dlt,26003,2026-01-07,2,9,11,15,16,2,4,299733101,829620750,7,122,17500
dlt,26002,2026-01-05,4,8,15,20,31,7,8,300101679,858169056,6,125,17500
dlt,26001,2026-01-03,7,9,23,27,32,2,8,309467020,875846392,13,193,17500
dlt,25150,2025-12-31,13,14,15,28,31,1,5,315770974,942601223,4,148,17500
dlt,25149,2025-12-29,24,26,30,31,32,5,12,293718026,921221227,1,77,17500
dlt,25148,2025-12-27,3,4,14,30,32,8,12,314824866,869158981,2,52,17500
dlt,25147,2025-12-24,6,16,21,25,33,7,8,290531842,816064823,1,85,17500
dlt,25146,2025-12-22,6,11,13,16,22,2,3,295258973,762703697,4,90,17500
dlt,25145,2025-12-20,5,7,20,22,25,4,5,318998515,739212071,12,169,17500
dlt,25144,2025-12-17,2,5,13,15,28,5,8,294039927,818422787,15,176,17500
dlt,25143,2025-12-15,3,4,18,24,29,7,12,292194189,891182916,2,90,17500
dlt,25142,2025-12-13,9,10,14,27,29,2,9,305166365,850180600,3,166,17500
dlt,25141,2025-12-10,4,9,24,28,29,2,10,293217299,830232368,6,80,17500
dlt,25140,2025-12-08,4,5,13,18,34,2,8,294883884,850018674,3,88,17500
dlt,25139,2025-12-06,8,18,22,30,35,1,4,319213811,830587732,4,63,17500
dlt,25138,2025-12-03,1,3,19,21,23,7,11,299205645,795955875,6,79,17500
dlt,25137,2025-12-01,7,8,9,11,22,5,11,306419813,784972571,7,185,17500
dlt,25136,2025-11-29,7,11,15,16,23,9,11,332166578,783829598,11,181,17500
dlt,25135,2025-11-26,2,10,16,28,32,1,7,310594999,813180323,5,127,17500
dlt,25134,2025-11-24,7,12,18,27,33,9,10,311134788,793585609,8,245,17500
dlt,25133,2025-11-22,4,11,23,27,35,7,11,337536466,818773870,9,90,17500
dlt,25132,2025-11-19,1,9,10,12,19,6,7,313565367,850074477,8,125,17500
dlt,25131,2025-11-17,3,8,25,29,32,9,12,312224838,878666212,3,134,17500
dlt,25130,2025-11-15,1,13,16,27,29,2,11,347978820,855509809,5,98,17500
dlt,25129,2025-11-12,3,9,14,28,35,2,4,327577708,826944600,3,86,17500
dlt,25128,2025-11-10,3,6,26,30,33,11,12,335180121,806116343,9,113,17500
dlt,25127,2025-11-08,4,5,19,28,29,5,8,353038355,827515757,36,284,17500
dlt,25126,2025-11-05,1,8,18,27,30,6,7,333017418,1033170236,8,134,17500
dlt,25125,2025-11-03,10,11,13,19,35,4,11,333554750,1071539155,4,116,17500
dlt,25124,2025-11-01,6,9,14,26,27,8,9,367907521,1062300760,18,211,17500
dlt,25123,2025-10-29,8,13,24,25,31,4,10,333755324,1136294713,9,145,17500
dlt,25122,2025-10-27,2,3,6,16,17,4,5,332420638,1153025367,9,119,17500
dlt,25121,2025-10-25,2,3,8,13,21,7,12,356833346,1201113534,10,114,17500
dlt,25120,2025-10-22,11,13,22,26,35,2,8,325832725,1229721100,8,113,17500
dlt,25119,2025-10-20,8,15,27,29,31,1,7,319880731,1247363714,3,83,17500
dlt,25118,2025-10-18,2,8,9,12,21,4,5,319584678,1209569201,4,188,17500
dlt,25117,2025-10-15,5,10,18,21,29,5,7,302232387,1200034223,12,249,17500
dlt,25116,2025-10-13,2,6,16,22,29,8,12,298992508,1245943636,0,122,17500
dlt,25115,2025-10-11,3,12,14,21,35,1,5,330363634,1188143074,3,79,17500
dlt,25114,2025-10-08,3,8,9,12,16,1,5,286469363,1144042317,8,110,17500
dlt,25113,2025-10-06,1,14,18,28,35,2,3,302539540,1174480897,14,82,17500
dlt,25112,2025-09-29,3,4,21,23,24,9,12,319054991,1222244291,7,113,17500
dlt,25111,2025-09-27,2,9,14,21,26,2,12,331165537,1227497634,5,152,17500
dlt,25110,2025-09-24,1,15,22,30,31,2,8,299730589,1216735503,6,101,17500
dlt,25109,2025-09-22,4,8,10,13,26,9,10,313350591,1212757053,3,157,17500
dlt,25108,2025-09-20,14,18,21,24,29,3,6,341209503,1188449971,6,125,17500
dlt,25107,2025-09-17,5,7,8,15,33,6,10,314311008,1185080983,7,111,17500
dlt,25106,2025-09-15,5,6,11,26,29,5,10,314630148,1199200033,12,136,17500
dlt,25105,2025-09-13,15,16,25,28,34,10,12,341440186,1251025275,3,75,17500
dlt,25104,2025-09-10,2,6,9,22,34,2,8,315640944,1199979893,4,95,17500
dlt,25103,2025-09-08,5,8,19,32,34,4,5,310233728,1180433357,4,162,17500
dlt,25102,2025-09-06,9,10,13,26,28,2,4,336362587,1157865480,1,100,17500
dlt,25101,2025-09-03,5,7,19,26,32,8,9,307833370,1106707324,9,141,17500
dlt,25100,2025-09-01,26,28,32,34,35,2,7,313027593,1140476606,2,82,17500
dlt,25099,2025-08-30,6,12,20,26,31,2,4,333985688,1089336924,12,301,17500
dlt,25098,2025-08-27,1,7,9,10,23,10,12,308524554,1129247143,1,88,17500
dlt,25097,2025-08-25,5,24,25,32,34,1,9,310927488,1077551661,3,63,17500
dlt,25096,2025-08-23,2,11,17,22,24,7,9,332437847,1040644815,12,223,17500
dlt,25095,2025-08-20,7,13,14,19,27,6,10,305061816,1082529387,8,201,17500
dlt,25094,2025-08-18,4,9,17,30,33,5,9,307470270,1116595093,13,176,17500
dlt,25093,2025-08-16,1,7,9,16,30,2,5,330705608,1157754344,6,126,17500
dlt,25092,2025-08-13,4,10,17,25,32,5,7,305765437,1153953579,14,216,17500
dlt,25091,2025-08-11,1,19,22,25,27,3,10,307088100,1254338103,2,49,17500
dlt,25090,2025-08-09,6,14,19,22,27,1,4,331564816,1200005188,7,221,17500
dlt,25089,2025-08-06,2,11,12,32,34,3,10,301829705,1218712702,68,170,17500
dlt,25088,2025-08-04,8,9,10,11,35,5,11,298062525,1540665716,9,158,17500
dlt,25087,2025-08-02,5,13,14,16,20,3,8,315319154,1579681545,14,149,17500
dlt,25086,2025-07-30,2,6,23,24,33,1,10,295578823,1646600667,2,45,17500
dlt,25085,2025-07-28,2,5,9,14,33,4,9,294227352,1595323742,25,71,17500
dlt,25084,2025-07-26,9,11,13,18,29,4,11,315027700,1790261423,3,89,17500
dlt,25083,2025-07-23,12,17,18,20,34,2,5,296169217,1769075337,3,98,17500
dlt,25082,2025-07-21,2,3,4,12,26,1,8,296090839,1735099174,4,112,17500
dlt,25081,2025-07-19,1,4,6,15,18,2,3,321712458,1745616944,5,75,17500
dlt,25080,2025-07-16,9,10,18,22,24,3,12,299028201,1723670049,2,132,17500
dlt,25079,2025-07-14,2,14,32,34,35,5,11,300459382,1685844586,3,42,17500
dlt,25078,2025-07-12,7,10,15,21,24,5,6,322049886,1653989426,5,193,17500
dlt,25077,2025-07-09,12,14,16,19,28,1,4,302633813,1664896849,2,61,17500
dlt,25076,2025-07-07,11,18,22,25,29,4,12,306337461,1612133474,7,122,17500
dlt,25075,2025-07-05,8,12,16,19,35,6,9,327099927,1627185578,9,142,17500
dlt,25074,2025-07-02,2,11,15,18,21,5,10,304472528,1661629014,10,80,17500
dlt,25073,2025-06-30,1,4,17,33,34,3,9,306793454,1695259566,11,158,17500
dlt,25072,2025-06-28,4,7,15,24,29,1,4,337329044,1739661640,6,131,17500
dlt,25071,2025-06-25,1,8,25,31,33,5,11,313848778,1743326978,3,65,17500
dlt,25070,2025-06-23,8,9,15,20,22,4,12,312961169,1718532211,2,112,17500
dlt,25069,2025-06-21,4,6,7,33,34,9,10,338663590,1677561945,3,71,17500
dlt,25068,2025-06-18,1,4,17,20,22,4,10,318966997,1628402089,2,98,17500
dlt,25067,2025-06-16,6,10,12,21,22,1,6,321766533,1588528359,5,156,17500
dlt,25066,2025-06-14,15,18,27,28,34,3,6,339059066,1579075869,3,95,17500
dlt,25065,2025-06-11,7,25,32,33,35,4,9,322427160,1539171327,4,103,17500
dlt,25064,2025-06-09,5,10,18,20,34,1,8,328463659,1534694449,2,107,17500
dlt,25063,2025-06-07,5,18,26,29,32,7,10,353640087,1482278557,11,102,17500
dlt,25062,2025-06-04,14,20,27,28,29,6,10,331453922,1525360041,3,104,17500
dlt,25061,2025-06-02,2,11,16,23,28,5,10,326041766,1489857621,10,141,17500
dlt,25060,2025-05-31,12,14,19,33,34,1,7,344759819,1530054632,2,97,17500
dlt,25059,2025-05-28,3,9,10,11,26,1,2,330253002,1472810541,4,165,17500
dlt,25058,2025-05-26,6,11,15,21,23,1,7,337041717,1457374217,3,147,17500
dlt,25057,2025-05-24,9,10,11,12,29,1,10,379533383,1415654588,4,191,17500
dlt,25056,2025-05-21,12,15,28,29,32,8,11,354948673,1375155244,2,109,17500
dlt,25055,2025-05-19,8,10,25,29,30,1,2,373248241,1329842896,6,110,17500
dlt,25054,2025-05-17,3,12,16,21,29,1,2,400498726,1305673257,6,143,17500
dlt,25053,2025-05-14,14,23,29,30,33,6,12,378116432,1281475209,7,88,17500
dlt,25052,2025-05-12,2,4,11,29,30,2,8,384489687,1261675356,3,218,17500
dlt,25051,2025-05-10,2,4,13,29,31,5,12,402596942,1208341380,5,156,17500
dlt,25050,2025-05-07,15,18,20,21,34,4,10,380353203,1220697850,7,137,17500
dlt,25049,2025-05-05,9,20,22,29,34,3,8,350534405,1233463084,10,78,17500
dlt,25048,2025-05-03,2,6,17,23,35,6,11,364105069,1258998703,2,126,17500
dlt,25047,2025-04-30,3,10,11,12,21,2,3,367385544,1202271493,9,167,17500
dlt,25046,2025-04-28,4,10,15,20,34,4,7,367246953,1213336580,4,110,17500
dlt,25045,2025-04-26,8,11,21,23,27,3,8,394950774,1207089477,10,140,17500
dlt,25044,2025-04-23,15,17,21,22,26,2,8,368611600,1237807812,4,132,17500
dlt,25043,2025-04-21,3,16,20,21,27,9,11,362168053,1212466180,2,143,17500
dlt,25042,2025-04-19,6,8,11,18,20,5,11,391234678,1157421361,2,164,17500
dlt,25041,2025-04-16,3,4,21,22,27,5,11,372136085,1110680827,8,109,17500
dlt,25040,2025-04-14,2,8,16,31,32,4,12,365388846,1147506477,4,154,17500
dlt,25039,2025-04-12,3,7,14,15,19,6,10,380283087,1128975871,4,99,17500
dlt,25038,2025-04-09,7,8,20,26,34,8,9,367355129,1098668135,4,145,17500
dlt,25037,2025-04-07,5,20,23,27,31,4,6,302429281,1078059212,3,78,17500
dlt,25036,2025-04-05,4,7,13,27,30,2,6,303323074,1044099471,4,87,17500
dlt,25035,2025-04-02,22,25,28,29,30,4,8,290834566,1034539140,6,85,17500
dlt,25034,2025-03-31,4,15,22,28,33,6,8,291102580,1046884586,12,143,17500
dlt,25033,2025-03-29,1,2,8,10,33,10,12,312033249,1132503712,3,107,17500
dlt,25032,2025-03-26,12,22,25,27,28,1,2,303333312,1094382586,0,62,17500
dlt,25031,2025-03-24,14,18,20,25,35,1,7,311643171,1024377872,4,72,17500
dlt,25030,2025-03-22,3,9,14,24,28,6,7,338162194,995094280,9,178,17500
dlt,25029,2025-03-19,5,9,26,31,33,3,10,314474524,1043234947,2,144,17500
dlt,25028,2025-03-17,6,8,20,25,29,3,7,313737340,1006966152,7,103,17500
dlt,25027,2025-03-15,3,6,11,13,20,1,11,333487900,1035665607,8,117,17500
dlt,25026,2025-03-12,2,3,7,17,30,1,9,313696373,1039296516,1,80,17500
dlt,25025,2025-03-10,3,6,8,10,25,3,7,313678335,993864523,7,137,17500
dlt,25024,2025-03-08,6,12,13,16,23,5,8,331854703,1035953603,14,132,17500
dlt,25023,2025-03-05,10,20,22,24,25,9,12,302766777,1115584483,4,93,17500
dlt,25022,2025-03-03,1,11,13,27,29,4,10,298217183,1103298037,7,102,17500
dlt,25021,2025-03-01,10,18,25,30,35,3,12,335200766,1123599303,7,115,17500
dlt,25020,2025-02-26,1,9,12,22,29,5,9,300087089,1132471892,8,146,17500
dlt,25019,2025-02-24,7,8,11,18,23,3,11,296357549,1159248699,7,199,17500
dlt,25018,2025-02-22,1,7,9,20,28,1,4,314802603,1191928481,16,84,17500
dlt,25017,2025-02-19,10,12,26,28,31,3,10,288044955,1260507193,1,93,17500
dlt,25016,2025-02-17,5,7,12,20,29,8,12,288272949,1212239218,12,157,17500
dlt,25015,2025-02-15,7,10,24,31,35,1,8,314676590,1290950588,4,84,17500
dlt,25014,2025-02-12,5,19,22,29,35,2,10,289867311,1278086019,4,128,17500
dlt,25013,2025-02-10,14,16,18,20,35,2,5,289136668,1260404089,5,81,17500
dlt,25012,2025-02-08,2,18,19,21,25,2,11,358739098,1240397718,2,97,17500
dlt,25011,2025-01-25,3,6,7,11,27,2,8,373437138,1183329141,5,163,17500
dlt,25010,2025-01-22,5,21,28,30,32,7,12,314170042,1197169901,6,86,17500
dlt,25009,2025-01-20,3,19,21,30,32,6,9,308814993,1207630140,5,126,17500
dlt,25008,2025-01-18,1,5,7,13,35,5,12,336989378,1208994728,7,132,17500
dlt,25007,2025-01-15,15,22,23,25,31,1,9,311942681,1221403982,1,70,17500
dlt,25006,2025-01-13,3,4,13,19,35,3,10,315397229,1157222668,4,104,17500
dlt,25005,2025-01-11,5,6,8,31,32,9,11,313119385,1135025880,4,212,17500
dlt,25004,2025-01-08,2,5,9,13,33,1,7,294103605,1149680405,3,102,17500
dlt,25003,2025-01-06,10,25,30,32,34,4,10,302634553,1125887685,1,46,17500
dlt,25002,2025-01-04,19,21,22,28,32,6,9,328380460,1059802299,7,90,17500
dlt,25001,2025-01-01,5,8,16,17,27,4,7,300925149,1083648909,12,162,17500
dlt,24152,2024-12-30,1,2,7,8,31,2,10,303398169,1125809265,3,145,17500
dlt,24151,2024-12-28,5,12,17,19,35,10,11,315044922,1100535289,5,109,17500
dlt,24150,2024-12-25,4,11,23,25,34,5,7,294938543,1082499928,2,146,17500
dlt,24149,2024-12-23,2,5,16,18,22,7,9,293475449,1046459747,3,108,17500
dlt,24148,2024-12-21,6,9,20,32,35,8,11,319089575,1027404435,2,119,17500
dlt,24147,2024-12-18,12,18,21,22,31,1,7,297698975,981658901,0,75,17500
dlt,24146,2024-12-16,5,20,21,22,32,3,4,296215559,912659139,6,125,17500
dlt,24145,2024-12-14,1,6,9,22,24,1,3,320626163,931270188,4,95,17500
dlt,24144,2024-12-11,6,7,8,21,30,1,5,298735511,901592546,4,119,17500
dlt,24143,2024-12-09,16,20,22,24,31,4,5,299228472,887487585,6,144,17500
dlt,24142,2024-12-07,8,21,24,33,34,3,10,327282822,908929975,13,88,17500
dlt,24141,2024-12-04,2,6,7,16,20,2,11,302351348,966806148,7,154,17500
dlt,24140,2024-12-02,3,6,15,23,31,1,12,313586274,992732460,4,112,17500
dlt,24139,2024-11-30,5,12,20,23,24,5,7,346398503,965113949,9,160,17500
dlt,24138,2024-11-27,5,17,20,28,34,4,9,314640260,1009101191,3,79,17500
dlt,24137,2024-11-25,8,15,16,17,21,2,5,314223012,987311038,3,119,17500
dlt,24136,2024-11-23,1,17,20,29,34,7,8,339548742,975020596,1,105,17500
dlt,24135,2024-11-20,6,8,22,24,30,3,8,312278951,908783183,11,290,17500
dlt,24134,2024-11-18,1,4,7,13,33,5,6,315446181,961163598,4,123,17500
dlt,24133,2024-11-16,8,10,14,22,29,4,6,340137954,939926813,6,105,17500
dlt,24132,2024-11-13,5,6,10,16,31,6,9,313339293,940646991,6,86,17500
dlt,24131,2024-11-11,2,3,4,21,26,2,3,314078746,955783254,10,86,17500
dlt,24130,2024-11-09,11,21,25,31,32,4,10,324915160,986242258,6,113,17500
dlt,24129,2024-11-06,7,19,30,31,34,5,7,293942499,998345494,3,78,17500
dlt,24128,2024-11-04,3,7,10,29,31,1,3,295772015,966301155,2,75,17500
dlt,24127,2024-11-02,2,3,10,16,28,7,10,320316369,924642774,4,146,17500
dlt,24126,2024-10-30,2,10,17,28,34,7,8,294045224,905005034,5,112,17500
dlt,24125,2024-10-28,10,14,19,24,26,1,10,287673530,892379302,3,77,17500
dlt,24124,2024-10-26,2,3,7,10,25,1,11,305128586,858545810,5,93,17500
dlt,24123,2024-10-23,3,9,16,30,31,8,9,283405074,852251926,7,200,17500
dlt,24122,2024-10-21,5,6,9,15,17,3,10,280871730,873167406,2,163,17500
dlt,24121,2024-10-19,7,15,18,24,33,4,5,292563058,853826236,12,168,17500
dlt,24120,2024-10-16,4,12,17,23,27,2,8,280844941,921780534,7,146,17500
dlt,24119,2024-10-14,6,12,28,30,33,2,7,278151059,940710313,7,71,17500
dlt,24118,2024-10-12,1,3,9,16,19,5,11,300619285,958387739,15,351,17500
dlt,24117,2024-10-09,2,10,22,26,28,2,4,279087954,1025830819,4,177,17500
dlt,24116,2024-10-07,1,3,6,16,25,1,11,263019108,1040962747,1,66,17500
dlt,24115,2024-10-05,3,4,12,19,24,8,12,243348471,988785696,8,128,17500
dlt,24114,2024-09-30,12,27,30,34,35,5,11,290854587,1038006419,3,77,17500
dlt,24113,2024-09-28,16,18,25,26,33,4,8,317006955,1008302191,5,122,17500
dlt,24112,2024-09-25,5,15,24,31,34,3,10,283593275,1014832820,1,81,17500
dlt,24111,2024-09-23,3,9,19,27,30,7,11,280484335,966755237,15,249,17500
dlt,24110,2024-09-21,1,7,8,18,28,4,12,307601707,1060908945,2,191,17500
dlt,24109,2024-09-18,12,23,26,27,28,3,11,282500167,1040316851,3,96,17500
dlt,24108,2024-09-16,16,17,21,31,34,3,8,270720268,1012698647,7,37,17500
dlt,24107,2024-09-14,6,14,16,18,34,3,10,303292855,1030077351,4,135,17500
dlt,24106,2024-09-11,5,11,19,22,29,2,12,283352466,1014306626,9,160,17500
dlt,24105,2024-09-09,14,20,21,28,32,9,11,281222334,1064900748,2,70,17500
dlt,24104,2024-09-07,1,4,9,13,17,6,9,303918306,1026470045,3,105,17500
dlt,24103,2024-09-04,19,21,29,32,33,6,8,285358461,1003149772,5,76,17500
dlt,24102,2024-09-02,1,5,9,14,20,5,11,286610488,991319514,2,150,17500
dlt,24101,2024-08-31,16,19,22,27,35,6,10,296382861,960205928,0,63,17500
dlt,24100,2024-08-28,2,12,19,22,32,5,11,278077493,894146459,6,144,17500
dlt,24099,2024-08-26,4,10,24,31,35,5,8,276604624,911074907,4,36,17500
dlt,24098,2024-08-24,3,10,15,19,29,9,10,298358972,904522393,6,135,17500
dlt,24097,2024-08-21,7,11,12,14,19,2,8,275862263,925914937,5,76,17500
dlt,24096,2024-08-19,2,3,23,27,31,1,10,274611467,928765334,5,123,17500
dlt,24095,2024-08-17,1,7,19,26,27,3,5,292394451,942654791,3,98,17500
dlt,24094,2024-08-14,12,13,24,29,31,2,8,268381009,921004006,6,93,17500
dlt,24093,2024-08-12,16,24,26,28,29,8,12,267469695,933160955,2,73,17500
dlt,24092,2024-08-10,2,4,25,26,31,1,6,291452049,896954081,2,89,17500
dlt,24091,2024-08-07,1,8,11,17,21,1,2,275909984,853175802,7,99,17500
dlt,24090,2024-08-05,2,3,6,28,33,7,11,272808891,871435469,6,82,17500
dlt,24089,2024-08-03,5,6,29,30,34,7,8,295210405,883749233,9,127,17500
dlt,24088,2024-07-31,1,2,23,28,32,3,5,275758279,936027718,1,47,17500
dlt,24087,2024-07-29,7,10,20,28,34,5,10,270914474,878620335,5,75,17500
dlt,24086,2024-07-27,11,12,14,22,28,7,11,289812124,894351076,4,85,17500
dlt,24085,2024-07-24,2,9,16,29,35,1,6,272997715,884649054,2,133,17500
dlt,24084,2024-07-22,4,11,16,17,23,5,10,273725306,843256869,7,69,17500
dlt,24083,2024-07-20,9,11,12,13,30,7,9,286958348,862133985,30,230,17500
dlt,24082,2024-07-17,8,21,23,24,26,4,5,267432531,1063036330,3,211,17500
dlt,24081,2024-07-15,14,15,25,27,34,1,10,272829311,1046747917,3,80,17500
dlt,24080,2024-07-13,3,5,24,27,28,9,11,291094012,1020105407,3,69,17500
dlt,24079,2024-07-10,3,8,17,18,23,6,11,268730382,991691070,6,158,17500
dlt,24078,2024-07-08,5,7,10,14,15,4,7,268900803,1008923163,6,115,17500
dlt,24077,2024-07-06,1,3,25,26,29,6,12,290800928,1038326614,3,89,17500
dlt,24076,2024-07-03,1,6,22,27,35,7,12,267258235,1020815446,5,86,17500
dlt,24075,2024-07-01,8,17,26,28,32,1,10,271990488,1018960254,2,71,17500
dlt,24074,2024-06-29,2,10,11,21,27,9,11,299903507,982548557,5,149,17500
dlt,24073,2024-06-26,7,9,12,21,23,5,9,274592514,975514513,5,144,17500
dlt,24072,2024-06-24,4,17,21,23,32,1,6,277834690,983268733,0,50,17500
dlt,24071,2024-06-22,6,10,15,34,35,2,10,299309419,915626815,1,73,17500
dlt,24070,2024-06-19,4,20,21,32,34,2,9,285815574,853967599,5,71,17500
dlt,24069,2024-06-17,7,9,16,20,24,3,7,283229251,861827969,4,209,17500
dlt,24068,2024-06-15,15,20,31,32,33,5,10,309548443,856579360,8,93,17500
dlt,24067,2024-06-12,3,11,14,20,22,6,9,284089108,887419661,6,216,17500
dlt,24066,2024-06-10,13,19,20,24,25,6,7,273100690,913263901,5,153,17500
dlt,24065,2024-06-08,5,10,18,26,27,3,6,309719434,921687696,11,360,17500
dlt,24064,2024-06-05,5,12,21,32,33,8,9,288277616,962849743,6,121,17500
dlt,24063,2024-06-03,7,12,16,33,34,1,3,292831289,973735264,10,52,17500
dlt,24062,2024-06-01,5,14,15,16,33,3,5,315884493,1026874292,4,78,17500
dlt,24061,2024-05-29,1,12,19,31,33,5,8,299445616,1010655904,2,70,17500
dlt,24060,2024-05-27,3,21,25,28,30,1,12,296628686,972277348,2,67,17500
dlt,24059,2024-05-25,17,18,20,25,31,3,12,324880212,931975708,2,79,17500
dlt,24058,2024-05-22,6,10,13,20,32,1,2,309602010,870850888,0,80,17500
dlt,24057,2024-05-20,9,25,30,33,34,3,9,318410232,800308581,13,64,17500
dlt,24056,2024-05-18,16,17,18,27,35,6,12,336018142,843912893,6,120,17500
dlt,24055,2024-05-15,7,17,22,30,34,5,7,317431264,863670781,3,62,17500
dlt,24054,2024-05-13,5,6,9,11,22,1,3,320575371,832891426,5,176,17500
dlt,24053,2024-05-11,1,7,19,20,35,3,9,336156975,830363706,14,293,17500
dlt,24052,2024-05-08,2,3,13,22,34,4,8,310107521,889972405,3,84,17500
dlt,24051,2024-05-06,5,21,22,23,29,1,2,315085775,873151022,2,84,17500
dlt,24050,2024-05-04,3,4,14,18,26,7,9,317239170,815223577,5,165,17500
dlt,24049,2024-05-01,4,6,9,10,22,1,8,314130981,797733182,4,92,17500
dlt,24048,2024-04-29,12,18,21,26,28,8,9,334634953,778092485,6,116,17500
dlt,24047,2024-04-27,11,19,21,26,35,10,11,359497689,778752831,1,140,17500
dlt,24046,2024-04-24,6,12,17,29,30,7,11,339369342,719960456,21,171,17500
dlt,24045,2024-04-22,9,10,14,31,32,3,8,340035744,849701016,11,245,17500
dlt,24044,2024-04-20,3,13,15,17,22,6,10,363290238,899843308,7,71,17500
dlt,24043,2024-04-17,3,4,8,14,27,5,7,337646989,913546495,5,93,17500
dlt,24042,2024-04-15,1,8,15,23,35,5,12,347841577,922909347,3,84,17500
dlt,24041,2024-04-13,6,8,14,16,28,3,5,370223535,876124218,10,166,17500
dlt,24040,2024-04-10,5,12,16,29,30,3,6,350033896,907166366,7,123,17500
dlt,24039,2024-04-08,3,10,11,20,22,6,10,349193612,931378506,5,133,17500
dlt,24038,2024-04-06,15,22,24,25,29,1,5,364876225,911253519,7,85,17500
dlt,24037,2024-04-03,17,19,20,29,35,7,11,343086982,927354950,5,62,17500
dlt,24036,2024-04-01,2,5,11,32,34,6,10,353073460,918965534,5,77,17500
dlt,24035,2024-03-30,5,13,17,29,33,5,12,382184067,926324125,5,85,17500
dlt,24034,2024-03-27,23,26,27,29,33,5,8,359904179,912961631,5,101,17500
dlt,24033,2024-03-25,4,8,10,11,15,7,9,356750334,921716263,3,93,17500
dlt,24032,2024-03-23,5,15,26,33,35,1,9,390395258,891308930,4,84,17500
dlt,24031,2024-03-20,9,12,15,30,34,5,6,372883742,863917070,2,63,17500
dlt,24030,2024-03-18,8,9,11,19,30,6,12,368415603,802701826,5,173,17500
dlt,24029,2024-03-16,4,19,24,28,34,4,5,321907209,815798946,3,108,17500
dlt,24028,2024-03-13,13,18,20,26,28,4,8,290304264,793751297,7,94,17500
dlt,24027,2024-03-11,8,9,16,22,23,7,9,294174414,797510013,11,130,17500
dlt,24026,2024-03-09,1,18,21,26,33,2,12,309482982,855790631,2,37,17500
dlt,24025,2024-03-06,1,2,8,18,27,4,8,287737493,803788990,1,161,17500
dlt,24024,2024-03-04,3,5,12,17,26,1,12,288745840,755385806,3,131,17500
dlt,24023,2024-03-02,8,10,12,14,22,5,9,310377214,732529067,6,120,17500
dlt,24022,2024-02-28,7,9,11,31,32,4,8,285993558,722283850,5,169,17500
dlt,24021,2024-02-26,1,12,16,20,28,7,9,282070714,717631060,21,101,17500
dlt,24020,2024-02-24,2,4,8,19,26,2,6,294279472,878719861,4,135,17500
dlt,24019,2024-02-21,19,20,26,29,30,3,4,269021669,871199740,6,130,17500
dlt,24018,2024-02-19,4,12,19,25,27,1,9,298212980,900623259,6,119,17500
dlt,24017,2024-02-07,3,7,25,27,35,1,4,347010224,914830111,0,105,17500
dlt,24016,2024-02-05,15,18,25,27,29,6,11,291609488,836640938,4,89,17500
dlt,24015,2024-02-03,8,11,14,24,31,5,6,293435107,832704685,15,149,17500
dlt,24014,2024-01-31,4,5,16,21,31,9,11,277054139,899112802,3,108,17500
dlt,24013,2024-01-29,5,22,25,28,30,3,12,273865726,867748199,10,88,17500
dlt,24012,2024-01-27,21,22,25,26,34,1,9,302400695,906728561,0,57,17500
dlt,24011,2024-01-24,1,3,27,32,34,1,7,278088460,826914378,4,53,17500
dlt,24010,2024-01-22,2,8,10,15,27,2,8,277288880,823023677,8,115,17500
dlt,24009,2024-01-20,15,18,19,24,26,5,9,310609197,855885855,2,129,17500
dlt,24008,2024-01-17,4,6,11,20,30,3,5,290297440,813246230,6,136,17500
dlt,24007,2024-01-15,4,5,28,34,35,4,11,295347811,831890342,12,174,17500
dlt,24006,2024-01-13,8,13,16,17,33,2,10,317993801,881907619,6,90,17500
dlt,24005,2024-01-10,3,5,7,9,12,5,8,296118578,891647287,15,310,17500
dlt,24004,2024-01-08,2,6,18,19,27,8,9,293740320,966373899,10,193,17500
dlt,24003,2024-01-06,7,9,12,23,29,1,2,316688194,1033378430,9,195,17500
dlt,24002,2024-01-03,1,6,8,27,32,3,4,287934747,1075477263,7,164,17500
dlt,24001,2024-01-01,3,9,17,26,35,2,7,288568779,1097128760,7,102,17500
dlt,23150,2023-12-30,5,6,17,18,33,11,12,314687875,1123526130,4,159,17500
dlt,23149,2023-12-27,1,16,17,21,29,1,6,287474518,1103823972,6,95,17500
dlt,23148,2023-12-25,11,12,20,21,27,2,12,288709459,1124396079,6,107,17500
dlt,23147,2023-12-23,6,7,19,33,34,3,8,300086203,1139271874,5,72,17500
dlt,23146,2023-12-20,14,18,19,26,31,2,7,283511398,1149841280,5,62,17500
dlt,23145,2023-12-18,6,10,12,32,33,6,7,281788090,1141903902,3,87,17500
dlt,23144,2023-12-16,5,14,18,25,35,1,10,305447538,1134916198,5,99,17500
dlt,23143,2023-12-13,9,20,23,29,33,2,10,290282263,1127826661,1,94,17500
dlt,23142,2023-12-11,4,13,15,17,32,10,12,294429085,1083472752,5,60,17500
dlt,23141,2023-12-09,4,22,25,30,31,4,5,326977354,1062646770,5,81,17500
dlt,23140,2023-12-06,1,2,9,19,30,1,2,311212097,1043730971,6,113,17500
dlt,23139,2023-12-04,15,16,25,31,34,5,9,306026254,1053823169,5,59,17500
dlt,23138,2023-12-02,7,12,20,28,31,9,10,330230586,1063005169,2,137,17500
dlt,23137,2023-11-29,4,19,21,30,31,6,12,314969674,1023516740,5,79,17500
dlt,23136,2023-11-27,13,23,27,30,34,6,9,324906521,1020724605,4,75,17500
dlt,23135,2023-11-25,5,18,22,28,29,9,12,342060398,1004596055,15,104,17500
dlt,23134,2023-11-22,10,15,22,27,33,1,12,326277594,1094743540,5,70,17500
dlt,23133,2023-11-20,10,18,25,28,33,5,11,316833724,1062683066,6,164,17500
dlt,23132,2023-11-18,3,4,12,15,23,2,6,335031221,1084953128,4,88,17500
dlt,23131,2023-11-15,3,7,21,22,24,6,7,311865692,1049374830,2,157,17500
dlt,23130,2023-11-13,13,20,27,29,30,1,7,307985223,1023653096,3,90,17500
dlt,23129,2023-11-11,9,23,25,27,33,6,12,330972531,996449655,2,101,17500
dlt,23128,2023-11-08,1,5,7,12,13,2,6,304299864,951297117,4,100,17500
dlt,23127,2023-11-06,4,7,8,18,19,2,6,301104265,926105316,3,126,17500
dlt,23126,2023-11-04,7,12,17,26,34,2,6,333657269,901877083,13,101,17500
dlt,23125,2023-11-01,7,25,26,29,32,2,8,317245687,942573826,1,67,17500
dlt,23124,2023-10-30,6,18,23,27,32,6,10,308575993,891019556,2,185,17500
dlt,23123,2023-10-28,2,14,16,28,30,2,7,325381412,865257536,4,128,17500
dlt,23122,2023-10-25,1,7,9,25,29,10,12,302656130,852345166,3,148,17500
dlt,23121,2023-10-23,5,11,15,23,33,1,9,305281727,828549499,12,94,17500
dlt,23120,2023-10-21,2,8,16,31,34,1,10,318242674,864940794,2,130,17500
dlt,23119,2023-10-18,4,8,10,14,21,4,10,302972888,812121301,4,106,17500
dlt,23118,2023-10-16,6,7,13,25,33,5,8,298333764,800852860,8,102,17500
dlt,23117,2023-10-14,5,7,15,18,20,3,4,323243808,833842003,5,110,17500
dlt,23116,2023-10-11,1,3,9,18,29,4,9,300369085,814561509,7,196,17500
dlt,23115,2023-10-09,7,10,23,31,34,2,10,292932368,840443520,9,177,17500
dlt,23114,2023-10-07,2,25,27,30,35,1,10,324479019,877911007,3,58,17500
dlt,23113,2023-09-30,6,8,30,32,33,3,10,299774264,824494855,6,143,17500
dlt,23112,2023-09-27,1,11,17,22,27,2,9,294348984,843710764,4,98,17500
dlt,23111,2023-09-25,3,12,15,28,35,2,12,294847714,826081056,3,168,17500
dlt,23110,2023-09-23,4,9,11,13,17,7,8,316886671,799033238,3,136,17500
dlt,23109,2023-09-20,1,12,21,22,31,2,9,300583964,769146800,2,106,17500
dlt,23108,2023-09-18,5,6,17,30,32,2,8,301547351,734949392,5,135,17500
dlt,23107,2023-09-16,1,12,15,16,18,3,10,324896606,728703279,1,80,17500
dlt,23106,2023-09-13,16,24,26,28,31,1,6,300068817,663727793,0,44,17500
dlt,23105,2023-09-11,7,8,19,20,25,2,11,294104641,594852806,26,176,17500
dlt,23104,2023-09-09,6,15,16,32,33,8,10,315933686,772096221,22,133,17500
dlt,23103,2023-09-06,8,11,19,31,32,8,11,294563981,920553792,6,237,17500
dlt,23102,2023-09-04,2,4,7,16,33,7,11,295396987,943721191,2,69,17500
dlt,23101,2023-09-02,6,14,16,17,28,7,10,315967170,893838613,4,94,17500
dlt,23100,2023-08-30,4,6,13,19,35,9,11,286977321,888328938,1,54,17500
dlt,23099,2023-08-28,9,11,13,22,23,6,7,282172880,830398089,17,176,17500
dlt,23098,2023-08-26,2,7,15,30,34,5,9,304752327,933433567,6,75,17500
dlt,23097,2023-08-23,6,7,18,20,22,3,9,283734165,958839854,6,85,17500
dlt,23096,2023-08-21,6,7,14,21,31,3,10,282075812,966376074,1,89,17500
dlt,23095,2023-08-19,8,19,28,32,34,3,7,307851614,915556976,1,75,17500
dlt,23094,2023-08-16,12,19,22,28,32,8,12,285551526,867355969,1,102,17500
dlt,23093,2023-08-14,11,14,17,19,21,1,5,286169239,816338505,4,81,17500
dlt,23092,2023-08-12,3,16,21,26,32,3,12,306558540,795974256,3,126,17500
dlt,23091,2023-08-09,6,16,18,28,29,7,11,289311919,755893826,7,164,17500
dlt,23090,2023-08-07,8,11,12,19,35,11,12,280933706,762647025,28,199,17500
dlt,23089,2023-08-05,3,12,20,26,35,2,12,306682199,904845173,4,90,17500
dlt,23088,2023-08-02,8,14,16,22,24,9,12,287409545,871592817,7,79,17500
dlt,23087,2023-07-31,3,4,16,19,24,4,5,286062808,895827940,2,114,17500
dlt,23086,2023-07-29,3,11,15,20,35,7,11,311653031,864979868,6,54,17500
dlt,23085,2023-07-26,11,12,26,31,35,5,7,293963316,862163414,0,72,17500
dlt,23084,2023-07-24,3,5,8,24,32,7,8,290429825,809598278,3,111,17500
dlt,23083,2023-07-22,13,15,21,25,32,9,10,317082009,790074141,8,71,17500
dlt,23082,2023-07-19,2,8,9,15,20,3,9,299141777,827085116,5,167,17500
dlt,23081,2023-07-17,5,6,23,28,35,7,10,293496142,841378608,13,140,17500
dlt,23080,2023-07-15,1,2,9,16,30,1,11,319156762,899395409,2,130,17500
dlt,23079,2023-07-12,6,8,26,29,34,5,8,297882990,860725831,5,72,17500
dlt,23078,2023-07-10,2,3,6,26,27,7,8,290049087,846788540,8,124,17500
dlt,23077,2023-07-08,5,16,18,26,35,3,6,310865876,880499424,13,108,17500
dlt,23076,2023-07-05,8,9,11,26,34,2,7,299341312,948501277,3,100,17500
dlt,23075,2023-07-03,7,17,20,23,32,5,11,291887672,917148171,9,172,17500
dlt,23074,2023-07-01,3,13,22,29,34,2,9,317553672,959326220,4,85,17500
dlt,23073,2023-06-28,15,25,28,30,35,8,10,300986764,940619193,4,151,17500
dlt,23072,2023-06-26,5,6,9,11,14,2,4,303438691,932426488,3,123,17500
dlt,23071,2023-06-24,2,11,12,32,34,10,12,317016133,901185515,4,194,17500
dlt,23070,2023-06-21,10,26,29,32,33,3,11,299252381,896500867,7,101,17500
dlt,23069,2023-06-19,8,20,21,25,32,5,7,295437282,908523228,2,134,17500
dlt,23068,2023-06-17,21,22,24,27,31,7,8,323126932,874858098,7,76,17500
dlt,23067,2023-06-14,2,28,30,33,35,2,10,306580086,877298736,2,173,17500
dlt,23066,2023-06-12,6,11,13,30,32,1,3,311912224,846071268,3,93,17500
dlt,23065,2023-06-10,8,14,16,21,25,3,12,326869150,807401652,1,223,17500
dlt,23064,2023-06-07,2,6,9,31,32,3,7,306244331,747516040,8,201,17500
dlt,23063,2023-06-05,4,18,29,31,34,6,9,302254758,758945368,6,91,17500
dlt,23062,2023-06-03,6,8,22,24,30,1,8,326064748,758202286,6,146,17500
dlt,23061,2023-05-31,7,11,21,30,32,5,7,309303838,750108293,1,76,17500
dlt,23060,2023-05-29,2,7,19,24,30,9,12,310894364,688684878,20,307,17500
dlt,23059,2023-05-27,9,13,23,25,28,4,7,358763124,812443525,9,198,17500
dlt,23058,2023-05-24,19,22,29,32,35,5,8,363828515,872966224,8,93,17500
dlt,23057,2023-05-22,1,5,6,19,24,5,11,344889264,903873949,8,92,17500
dlt,23056,2023-05-20,13,22,24,33,34,1,2,398657811,920035696,3,60,17500
dlt,23055,2023-05-17,6,8,12,13,15,1,6,350342112,856791468,5,138,17500
dlt,23054,2023-05-15,19,25,30,31,34,7,9,350143702,874577473,6,197,17500
dlt,23053,2023-05-13,1,3,11,14,20,2,11,372295609,892267763,3,90,17500
dlt,23052,2023-05-10,2,8,11,30,33,5,8,355627104,854240159,5,82,17500
dlt,23051,2023-05-08,3,11,19,29,33,3,12,349432627,859364126,21,1228,17500
dlt,23050,2023-05-06,8,9,14,25,29,4,6,375710449,1005750816,5,124,17500
dlt,23049,2023-05-03,3,17,22,26,28,7,12,331270234,997411126,4,99,17500
dlt,23048,2023-05-01,7,13,16,25,32,9,11,313990124,994472934,2,68,17500
dlt,23047,2023-04-29,10,12,13,24,25,11,12,362544707,952628083,6,95,17500
dlt,23046,2023-04-26,13,21,25,28,32,2,10,352135852,948200742,0,43,17500
dlt,23045,2023-04-24,7,10,13,28,31,4,5,346712734,855642317,6,170,17500
dlt,23044,2023-04-22,2,6,7,8,15,7,10,378830462,868495061,5,140,17500
dlt,23043,2023-04-19,2,4,17,20,27,1,8,356711435,853496451,4,126,17500
dlt,23042,2023-04-17,2,16,21,23,27,1,8,362398489,828299303,4,90,17500
dlt,23041,2023-04-15,5,8,13,26,35,5,9,389220667,794168912,10,167,17500
dlt,23040,2023-04-12,4,5,18,22,30,5,12,369110639,827601739,10,101,17500
dlt,23039,2023-04-10,2,24,26,30,34,6,7,368190696,869785637,2,74,17500
dlt,23038,2023-04-08,4,10,18,27,32,10,12,311720942,806289674,2,158,17500
dlt,23037,2023-04-05,6,8,16,20,24,7,8,284657775,768030435,5,136,17500
dlt,23036,2023-04-03,1,13,22,26,31,2,10,285032829,752208151,10,503,17500
dlt,23035,2023-04-01,7,14,23,25,29,2,11,310558399,790017644,6,238,17500
dlt,23034,2023-03-29,7,9,10,15,24,4,12,287732716,803285352,5,110,17500
dlt,23033,2023-03-27,4,6,10,11,25,7,9,289373837,787964749,4,94,17500
dlt,23032,2023-03-25,5,6,18,28,30,2,7,308131139,771590189,17,133,17500
dlt,23031,2023-03-22,5,7,8,16,25,3,11,287302404,861440447,6,146,17500
dlt,23030,2023-03-20,6,11,12,20,35,5,12,291586529,880358984,5,82,17500
dlt,23029,2023-03-18,7,25,27,34,35,9,11,309186270,873738106,0,79,17500
dlt,23028,2023-03-15,1,3,29,30,34,4,12,293553586,807820511,0,52,17500
dlt,23027,2023-03-13,9,10,12,15,23,3,6,288212889,734749840,5,125,17500
dlt,23026,2023-03-11,2,13,24,27,30,1,6,316826904,733932864,1,90,17500
dlt,23025,2023-03-08,3,9,27,30,31,11,12,298831206,667313212,6,105,17500
dlt,23024,2023-03-06,11,15,24,27,30,1,10,299898051,662152862,5,111,17500
dlt,23023,2023-03-04,9,21,23,25,33,3,10,327693006,641960896,13,47,17500
dlt,23022,2023-03-01,7,11,15,26,28,8,10,304855393,656985938,5,224,17500
dlt,23021,2023-02-27,2,9,18,23,27,3,5,304448024,648618913,5,264,17500
dlt,23020,2023-02-25,5,6,23,25,28,6,9,323977748,648355013,13,272,17500
dlt,23019,2023-02-22,5,8,9,11,15,6,8,298433689,706197256,10,131,17500
dlt,23018,2023-02-20,4,8,17,26,30,3,11,297501654,732297153,3,152,17500
dlt,23017,2023-02-18,2,5,9,22,27,10,11,325814136,709369027,30,101,17500
dlt,23016,2023-02-15,2,4,12,31,32,7,11,294344609,929208065,11,85,17500
dlt,23015,2023-02-13,8,16,24,25,34,8,12,286304176,1006012729,6,70,17500
dlt,23014,2023-02-11,3,8,18,22,24,1,9,308698349,1037380726,5,156,17500
dlt,23013,2023-02-08,1,2,9,23,25,2,6,290272193,1040036601,5,89,17500
dlt,23012,2023-02-06,7,16,17,18,28,2,3,274786290,1048716293,17,136,17500
dlt,23011,2023-02-04,2,7,8,17,25,1,3,297936990,1156695738,4,155,17500
dlt,23010,2023-02-01,5,6,13,23,26,1,6,272385898,1144740863,7,377,17500
dlt,23009,2023-01-30,1,5,11,15,33,1,10,288306205,1167513305,3,89,17500
dlt,23008,2023-01-18,4,9,17,22,25,1,5,322639161,1153640352,11,243,17500
dlt,23007,2023-01-16,2,3,24,30,32,1,6,270298202,1214621616,2,48,17500
dlt,23006,2023-01-14,2,4,12,27,35,6,7,286730809,1166367354,2,123,17500
dlt,23005,2023-01-11,1,3,10,20,29,6,11,271728892,1150759496,5,113,17500
dlt,23004,2023-01-09,4,13,15,20,22,4,8,258433073,1157028435,3,106,17500
dlt,23003,2023-01-07,5,6,14,21,22,2,9,281549083,1140824557,6,96,17500
dlt,23002,2023-01-04,11,14,21,26,27,2,7,255061637,1153840957,3,48,17500
dlt,23001,2023-01-02,18,19,24,27,34,11,12,244595607,1124542797,0,64,17500
dlt,22150,2022-12-31,6,7,26,29,30,3,12,267131944,1071397015,4,117,17500
dlt,22149,2022-12-28,15,19,22,26,28,2,7,227015437,1073084049,7,46,17500
dlt,22148,2022-12-26,4,5,6,26,27,7,12,222561477,1098940648,6,138,17500
dlt,22147,2022-12-24,4,12,22,28,30,9,11,242212561,1126392172,2,95,17500
dlt,22146,2022-12-21,1,21,23,28,35,7,9,226981538,1091896945,1,29,17500
dlt,22145,2022-12-19,10,20,29,30,35,6,9,235282028,1054075162,5,141,17500
dlt,22144,2022-12-17,3,4,8,15,21,4,7,254622809,1077698266,5,111,17500
dlt,22143,2022-12-14,10,13,14,27,33,7,8,250946991,1091325801,3,121,17500
dlt,22142,2022-12-12,7,12,14,29,35,1,11,261964327,1078507658,2,83,17500
dlt,22141,2022-12-10,5,6,14,24,25,2,4,280927317,1047136066,0,114,17500
dlt,22140,2022-12-07,5,15,25,26,29,4,12,263913540,984601777,7,111,17500
dlt,22139,2022-12-05,1,13,14,22,35,2,5,249420144,1016097851,2,85,17500
dlt,22138,2022-12-03,5,13,16,27,33,7,12,263569680,983440468,14,76,17500
dlt,22137,2022-11-30,5,6,8,15,20,7,8,236652115,1041138782,8,135,17500
dlt,22136,2022-11-28,1,11,15,17,33,3,11,243043220,1089020630,4,47,17500
dlt,22135,2022-11-26,9,10,27,31,32,1,3,276637790,1072783224,5,47,17500
dlt,22134,2022-11-23,3,16,23,27,32,3,6,260504803,1082667691,10,131,17500
dlt,22133,2022-11-21,1,2,14,30,31,6,9,268194352,1126501374,2,74,17500
dlt,22132,2022-11-19,2,27,30,34,35,9,12,303478141,1087727608,1,78,17500
dlt,22131,2022-11-16,2,6,8,10,17,5,6,280955531,1023428077,13,130,17500
dlt,22130,2022-11-14,5,7,15,18,23,5,10,276026401,1072190623,1,116,17500
dlt,22129,2022-11-12,10,17,23,34,35,1,4,296103979,1037498580,1,73,17500
dlt,22128,2022-11-09,10,19,21,23,35,4,10,287676329,971487159,0,59,17500
dlt,22127,2022-11-07,2,3,8,9,20,4,10,281679123,898918318,1,111,17500
dlt,22126,2022-11-05,4,5,8,22,35,1,3,302545991,858035622,4,108,17500
dlt,22125,2022-11-02,3,7,14,16,19,1,11,281402027,847578280,3,59,17500
dlt,22124,2022-10-31,2,4,11,25,30,6,12,280957519,829363342,4,81,17500
dlt,22123,2022-10-29,2,20,28,29,30,7,10,305820352,807264781,6,84,17500
dlt,22122,2022-10-26,4,15,17,19,25,6,12,274529792,833361576,3,78,17500
dlt,22121,2022-10-24,4,15,16,20,21,4,5,273260256,808811731,4,157,17500
dlt,22120,2022-10-22,11,22,26,30,33,3,5,297092815,785438059,20,128,17500
dlt,22119,2022-10-19,1,9,16,25,29,4,9,265928079,935330701,9,187,17500
dlt,22118,2022-10-17,2,5,15,17,26,2,8,266205201,980149419,2,79,17500
dlt,22117,2022-10-15,9,12,15,21,32,2,7,288760077,943874218,2,100,17500
dlt,22116,2022-10-12,1,7,20,22,31,7,12,268635897,903895960,2,93,17500
dlt,22115,2022-10-10,17,19,20,23,27,3,8,264625441,876900512,1,73,17500
dlt,22114,2022-10-08,11,21,24,27,28,5,10,279880005,850606831,3,146,17500
dlt,22113,2022-10-05,13,15,22,31,33,5,12,276092506,816761134,3,61,17500
dlt,22112,2022-09-28,4,11,18,20,26,6,12,277451326,782148236,6,92,17500
dlt,22111,2022-09-26,6,12,16,19,31,6,10,275608888,770835538,3,81,17500
dlt,22110,2022-09-24,2,13,16,18,23,3,6,293502614,741140375,5,106,17500
dlt,22109,2022-09-21,5,9,24,29,35,5,12,274478389,726986669,13,108,17500
dlt,22108,2022-09-19,4,7,13,26,28,7,11,270398530,796949041,2,114,17500
dlt,22107,2022-09-17,7,9,19,28,29,8,10,289183885,771831893,11,326,17500
dlt,22106,2022-09-14,16,17,21,28,32,4,7,263686397,817054416,4,71,17500
dlt,22105,2022-09-12,1,8,9,21,22,1,4,261227681,797227537,6,132,17500
dlt,22104,2022-09-10,3,5,13,19,25,2,5,278107743,815868126,5,152,17500
dlt,22103,2022-09-07,8,12,16,21,32,1,12,257860867,828275399,2,87,17500
dlt,22102,2022-09-05,1,5,14,20,30,2,4,254102938,802491817,5,111,17500
dlt,22101,2022-09-03,2,4,6,7,8,3,6,285323196,795328775,5,242,17500
dlt,22100,2022-08-31,10,19,20,23,31,3,7,263081270,778544296,12,225,17500
dlt,22099,2022-08-29,7,18,25,27,33,4,5,262403522,828721804,2,92,17500
dlt,22098,2022-08-27,1,3,6,11,13,3,11,290597334,808652607,7,91,17500
dlt,22097,2022-08-24,5,13,22,28,29,5,11,265903896,812318845,5,133,17500
dlt,22096,2022-08-22,16,19,24,27,33,1,6,265333149,818056288,1,82,17500
dlt,22095,2022-08-20,5,8,22,25,35,2,7,285755605,779067574,4,86,17500
dlt,22094,2022-08-17,3,4,7,12,19,2,5,263091435,765240459,11,116,17500
dlt,22093,2022-08-15,7,11,14,21,29,7,10,263859632,835132342,15,114,17500
dlt,22092,2022-08-13,1,4,12,23,29,5,12,284162500,924505092,3,98,17500
dlt,22091,2022-08-10,2,11,20,22,34,4,12,264872501,892175409,8,54,17500
dlt,22090,2022-08-08,1,20,24,25,31,9,12,267762065,912078543,3,100,17500
dlt,22089,2022-08-06,1,20,21,31,33,3,11,283719023,884490880,0,102,17500
dlt,22088,2022-08-03,1,8,10,20,35,6,11,265773772,812522097,6,56,17500
dlt,22087,2022-08-01,4,6,10,24,28,6,12,274453796,840840031,2,64,17500
dlt,22086,2022-07-30,4,10,21,28,31,8,11,297073867,794672440,4,101,17500
dlt,22085,2022-07-27,11,16,31,33,35,6,8,272086013,779393038,1,67,17500
dlt,22084,2022-07-25,3,11,19,25,27,4,12,273954096,725347023,3,89,17500
dlt,22083,2022-07-23,2,9,17,26,32,4,6,294221785,694213667,5,331,17500
dlt,22082,2022-07-20,4,26,27,30,33,2,9,273662938,683037489,3,58,17500
dlt,22081,2022-07-18,5,10,19,31,32,9,10,275005199,656541909,35,118,17500
dlt,22080,2022-07-16,10,17,30,31,34,3,6,297387957,854183132,2,57,17500
dlt,22079,2022-07-13,7,10,19,26,32,8,12,274537529,814806479,9,153,17500
dlt,22078,2022-07-11,2,3,18,20,27,1,2,277517440,857454985,2,65,17500
dlt,22077,2022-07-09,5,10,11,16,19,1,10,303064936,822341601,7,96,17500
dlt,22076,2022-07-06,5,17,30,34,35,2,9,279968673,853413999,4,53,17500
dlt,22075,2022-07-04,4,12,13,17,18,7,9,280513406,831794198,2,107,17500
dlt,22074,2022-07-02,2,6,21,25,28,2,6,305228062,812683583,5,61,17500
dlt,22073,2022-06-29,11,18,21,25,32,2,4,287420936,795817234,2,85,17500
dlt,22072,2022-06-27,1,12,13,15,30,3,7,285522661,754035319,2,66,17500
dlt,22071,2022-06-25,9,15,19,25,29,8,9,306432833,722042898,65,348,17500
dlt,22070,2022-06-22,1,7,17,23,35,7,11,288052831,1240666270,5,146,17500
dlt,22069,2022-06-20,2,3,23,28,35,2,9,293067958,1252345739,2,79,17500
dlt,22068,2022-06-18,3,6,10,15,23,3,8,322509914,1230825950,4,125,17500
dlt,22067,2022-06-15,4,14,15,32,33,10,11,295204928,1213949798,9,185,17500
dlt,22066,2022-06-13,2,24,25,26,34,3,12,300292058,1257070426,2,75,17500
dlt,22065,2022-06-11,5,10,13,22,28,1,4,322990947,1205499301,2,128,17500
dlt,22064,2022-06-08,2,19,22,25,35,5,7,302545998,1156831124,1,56,17500
dlt,22063,2022-06-06,2,3,22,26,31,6,10,298558863,1094156707,2,49,17500
dlt,22062,2022-06-04,5,9,11,12,31,7,11,317092728,1055150107,4,107,17500
dlt,22061,2022-06-01,6,9,19,22,30,1,6,291593427,1050658907,5,112,17500
dlt,22060,2022-05-30,2,6,10,11,20,3,9,299617214,1073598422,2,134,17500
dlt,22059,2022-05-28,4,15,18,32,34,4,9,360168383,1042057372,5,59,17500
dlt,22058,2022-05-25,3,4,24,26,35,7,8,315162700,1014062807,8,58,17500
dlt,22057,2022-05-23,6,12,18,21,35,7,10,321743486,1050548455,6,89,17500
dlt,22056,2022-05-21,2,11,15,17,31,7,9,357963502,1056706742,0,102,17500
dlt,22055,2022-05-18,1,2,12,15,23,4,6,327354148,971105598,6,60,17500
dlt,22054,2022-05-16,5,16,21,23,34,7,10,319626218,958213629,19,223,17500
dlt,22053,2022-05-14,9,17,19,20,25,1,9,344052818,1081408712,18,311,17500
dlt,22052,2022-05-11,1,13,18,29,35,4,9,310675547,1198829807,7,55,17500
dlt,22051,2022-05-09,1,16,17,19,33,5,6,304581312,1225933266,8,108,17500
dlt,22050,2022-05-07,2,10,21,24,30,8,10,348959440,1265185550,4,78,17500
dlt,22049,2022-05-04,6,10,20,28,35,1,10,301545430,1238138013,5,70,17500
dlt,22048,2022-05-02,16,22,28,29,32,8,9,291309246,1221336676,1,80,17500
dlt,22047,2022-04-30,7,10,11,12,33,3,11,333697226,1179450986,4,72,17500
dlt,22046,2022-04-27,6,7,12,22,27,3,5,319329723,1151734276,7,114,17500
dlt,22045,2022-04-25,2,3,7,12,20,1,5,322807049,1184751389,1,103,17500
dlt,22044,2022-04-23,1,2,16,17,20,3,7,351891169,1132266362,4,86,17500
dlt,22043,2022-04-20,2,16,17,24,30,9,12,322417914,1106933108,14,319,17500
dlt,22042,2022-04-18,8,10,11,29,32,2,6,323544249,1179249861,5,79,17500
dlt,22041,2022-04-16,5,15,25,26,33,6,11,353526676,1182772175,5,132,17500
dlt,22040,2022-04-13,10,19,25,29,33,8,12,326654540,1179022270,10,8,17500
dlt,22039,2022-04-11,1,8,11,22,31,5,11,256237338,1238597563,3,66,17500
dlt,22038,2022-04-09,7,9,11,12,26,9,12,277396313,1218640918,17,147,17500
dlt,22037,2022-04-06,1,9,17,20,28,6,10,255392443,1326357581,1,127,17500
dlt,22036,2022-04-04,18,19,21,26,34,6,7,248062195,1288426891,2,108,17500
dlt,22035,2022-04-02,9,11,13,23,31,5,8,278506614,1262351648,3,148,17500
dlt,22034,2022-03-30,2,10,24,27,28,6,7,276331348,1248571195,6,111,17500
dlt,22033,2022-03-28,8,15,16,19,33,3,4,271656444,1255163229,5,133,17500
dlt,22032,2022-03-26,5,9,18,31,32,1,5,293074610,1270429256,0,140,17500
dlt,22031,2022-03-23,7,14,16,20,28,4,8,275183386,1208966802,3,119,17500
dlt,22030,2022-03-21,12,14,15,21,30,1,9,264133524,1205677592,3,55,17500
dlt,22029,2022-03-19,7,8,10,14,17,10,12,287037282,1179206273,3,110,17500
dlt,22028,2022-03-16,4,9,16,17,35,1,7,271216347,1160852484,5,227,17500
dlt,22027,2022-03-14,3,6,11,31,32,5,12,272660463,1172229996,7,67,17500
dlt,22026,2022-03-12,11,14,22,23,27,8,10,302400234,1190311490,4,80,17500
dlt,22025,2022-03-09,4,7,22,24,29,1,7,287810009,1186204971,2,79,17500
dlt,22024,2022-03-07,1,2,11,30,35,1,12,282564402,1140166345,1,113,17500
dlt,22023,2022-03-05,4,5,18,20,25,11,12,308200898,1092622292,9,161,17500
dlt,22022,2022-03-02,1,5,14,17,28,6,7,290445482,1125444965,4,91,17500
dlt,22021,2022-02-28,11,15,16,18,35,6,9,281794671,1125876145,4,67,17500
dlt,22020,2022-02-26,16,17,30,31,35,8,9,302088019,1103146928,3,65,17500
dlt,22019,2022-02-23,1,4,7,17,21,1,2,287443310,1075854770,8,131,17500
dlt,22018,2022-02-21,16,21,29,31,34,6,9,272144024,1095457117,8,101,17500
dlt,22017,2022-02-19,10,14,18,23,25,7,11,295313318,1134950927,5,74,17500
dlt,22016,2022-02-16,1,7,17,26,32,1,9,285216427,1140211944,2,74,17500
dlt,22015,2022-02-14,1,2,8,12,30,5,12,274855255,1101484790,14,105,17500
dlt,22014,2022-02-12,1,4,10,18,32,1,9,297471147,1196232916,3,83,17500
dlt,22013,2022-02-09,4,9,16,25,32,5,6,328606125,1165497778,11,325,17500
dlt,22012,2022-01-26,3,5,10,33,34,7,10,327170573,1225396764,6,86,17500
dlt,22011,2022-01-24,3,5,17,24,32,5,12,288813273,1215311646,5,176,17500
dlt,22010,2022-01-22,4,19,25,31,35,2,11,305997751,1227756664,2,65,17500
dlt,22009,2022-01-19,13,14,18,31,33,7,10,295315583,1189540601,6,82,17500
dlt,22008,2022-01-17,1,2,13,18,34,6,7,288005510,1212783541,1,116,17500
dlt,22007,2022-01-15,5,22,23,25,35,3,11,314958868,1166246610,3,81,17500
dlt,22006,2022-01-12,1,5,7,17,20,5,12,292369845,1126455275,2,89,17500
dlt,22005,2022-01-10,2,13,17,19,34,5,9,290292047,1082745176,16,142,17500
dlt,22004,2022-01-08,7,20,27,30,33,3,4,318985651,1161605667,2,73,17500
dlt,22003,2022-01-05,2,18,24,25,34,8,12,293411992,1117630715,5,99,17500
dlt,22002,2022-01-03,4,6,7,9,24,4,12,293300380,1108263190,5,120,17500
dlt,22001,2022-01-01,8,11,19,22,29,3,11,323959870,1129936273,11,283,17500
dlt,21150,2021-12-29,4,10,11,23,26,7,10,297315273,1187065937,5,124,17500
dlt,21149,2021-12-27,20,26,28,30,35,10,11,288342246,1187821356,1,71,17500
dlt,21148,2021-12-25,1,4,12,16,29,4,8,309690271,1140109035,6,169,17500
dlt,21147,2021-12-22,1,2,8,12,26,1,7,294787629,1156628877,4,87,17500
dlt,21146,2021-12-20,3,5,8,18,20,9,11,293542849,1139389366,7,177,17500
dlt,21145,2021-12-18,3,8,25,29,30,1,6,320066364,1160533245,5,126,17500
dlt,21144,2021-12-15,3,20,25,30,34,2,9,307637069,1153487670,2,53,17500
dlt,21143,2021-12-13,9,17,19,29,34,4,11,295955136,1104620668,11,114,17500
dlt,21142,2021-12-11,11,13,17,19,25,2,9,321224093,1152884152,6,99,17500
dlt,21141,2021-12-08,2,8,16,29,34,5,12,303700722,1157697510,3,165,17500
dlt,21140,2021-12-06,5,24,26,33,35,9,12,305536538,1116819863,2,117,17500
dlt,21139,2021-12-04,5,13,18,23,34,8,9,328551201,1083766581,29,230,17500
dlt,21138,2021-12-01,9,11,12,15,31,5,11,303548798,1273167982,4,79,17500
dlt,21137,2021-11-29,2,7,13,14,19,4,5,302260255,1263704189,7,85,17500
dlt,21136,2021-11-27,8,12,19,27,33,2,5,327765275,1292130528,2,203,17500
dlt,21135,2021-11-24,4,7,17,29,31,5,6,314847908,1262006660,4,79,17500
dlt,21134,2021-11-22,2,6,14,19,28,1,6,308110428,1248689538,4,57,17500
dlt,21133,2021-11-20,8,9,17,26,28,6,8,327493668,1243590906,13,204,17500
dlt,21132,2021-11-17,4,21,28,29,33,3,11,297729643,1318930415,10,149,17500
dlt,21131,2021-11-15,6,8,16,34,35,5,6,296451386,1360443412,2,69,17500
dlt,21130,2021-11-13,2,3,14,27,28,5,10,317382301,1329267789,14,140,17500
dlt,21129,2021-11-10,2,16,17,18,34,4,10,294268030,1403814394,0,63,17500
dlt,21128,2021-11-08,14,17,18,23,27,5,8,282038607,1337287551,9,128,17500
dlt,21127,2021-11-06,1,2,15,17,26,2,11,305525077,1374522133,3,64,17500
dlt,21126,2021-11-03,1,11,12,34,35,9,12,289363128,1337033731,2,119,17500
dlt,21125,2021-11-01,17,19,21,27,31,4,9,285946298,1288689189,1,103,17500
dlt,21124,2021-10-30,10,17,22,25,35,7,9,314165395,1239396849,3,83,17500
dlt,21123,2021-10-27,8,23,26,27,33,8,9,296213304,1210823709,3,63,17500
dlt,21122,2021-10-25,14,15,26,27,29,4,5,294005109,1186675748,2,105,17500
dlt,21121,2021-10-23,2,15,19,29,30,2,9,313275937,1146249375,3,115,17500
dlt,21120,2021-10-20,5,10,21,25,31,5,11,285711031,1120909519,10,104,17500
dlt,21119,2021-10-18,1,2,9,16,30,9,10,290165267,1157376911,4,141,17500
dlt,21118,2021-10-16,14,17,18,28,34,2,3,302397723,1146057645,4,98,17500
dlt,21117,2021-10-13,11,18,21,22,33,5,6,279505700,1124390424,8,169,17500
dlt,21116,2021-10-11,4,25,28,29,35,3,11,279695241,1151852869,2,73,17500
dlt,21115,2021-10-09,8,13,19,20,29,6,10,299770302,1111593015,2,114,17500
dlt,21114,2021-10-06,8,9,13,29,30,1,11,283727610,1081182210,1,110,17500
dlt,21113,2021-09-29,17,18,25,27,28,4,8,283440028,1035393331,6,139,17500
dlt,21112,2021-09-27,18,21,22,23,35,11,12,283298709,1058537381,1,61,17500
dlt,21111,2021-09-25,7,8,15,19,28,8,9,305345840,995038782,12,232,17500
dlt,21110,2021-09-22,11,14,29,31,32,11,12,276544919,1046721833,6,75,17500
dlt,21109,2021-09-20,3,4,7,27,31,6,9,265547489,1073585145,4,83,17500
dlt,21108,2021-09-18,5,19,22,26,35,2,6,303354020,1069829501,8,69,17500
dlt,21107,2021-09-15,3,5,13,20,25,7,11,281751709,1105541509,9,70,17500
dlt,21106,2021-09-13,2,13,14,32,34,2,12,276794901,1149093887,0,97,17500
dlt,21105,2021-09-11,7,10,11,17,18,4,9,304015740,1087468356,4,117,17500
dlt,21104,2021-09-08,23,25,26,30,33,3,11,286479253,1086226837,2,71,17500
dlt,21103,2021-09-06,4,10,23,30,31,5,11,282429778,1037062397,1,61,17500
dlt,21102,2021-09-04,2,8,11,16,23,2,7,305869819,982320278,13,117,17500
dlt,21101,2021-09-01,13,18,19,27,32,6,11,281242026,1043300674,6,101,17500
dlt,21100,2021-08-30,7,11,23,26,28,2,7,280471793,1059494717,3,96,17500
dlt,21099,2021-08-28,15,19,27,28,30,3,4,303058009,1062893864,1,130,17500
dlt,21098,2021-08-25,2,7,21,27,33,7,9,276951852,1007650453,2,62,17500
dlt,21097,2021-08-23,11,26,30,31,33,3,10,272897259,975519759,1,45,17500
dlt,21096,2021-08-21,7,8,10,20,21,1,5,297348639,927073812,10,204,17500
dlt,21095,2021-08-18,10,15,19,20,30,11,12,279549610,962561875,2,116,17500
dlt,21094,2021-08-16,5,6,24,27,33,5,12,275141551,931384310,6,77,17500
dlt,21093,2021-08-14,20,25,27,28,31,8,11,302609762,948527899,2,66,17500
dlt,21092,2021-08-11,12,14,27,28,34,3,7,281386147,907549564,2,108,17500
dlt,21091,2021-08-09,1,4,10,21,29,3,5,272675404,877764456,5,155,17500
dlt,21090,2021-08-07,6,7,19,26,32,6,12,289448960,880472277,2,236,17500
dlt,21089,2021-08-04,1,17,24,28,35,10,12,269906690,851200235,3,48,17500
dlt,21088,2021-08-02,2,14,31,34,35,1,7,264720425,822562305,2,63,17500
dlt,21087,2021-07-31,10,14,15,25,28,3,10,290446990,797251485,6,177,17500
dlt,21086,2021-07-28,2,3,7,16,17,6,10,272160233,822607828,1,71,17500
dlt,21085,2021-07-26,1,12,15,26,35,10,11,270848072,775634441,6,99,17500
dlt,21084,2021-07-24,2,10,14,30,33,6,9,290591822,763493931,6,130,17500
dlt,21083,2021-07-21,7,9,11,26,35,1,8,272635093,759158453,6,84,17500
dlt,21082,2021-07-19,1,14,22,29,33,3,10,278896069,747230175,11,89,17500
dlt,21081,2021-07-17,5,13,24,29,35,7,8,301662622,807325943,2,70,17500
dlt,21080,2021-07-14,15,16,20,29,30,6,10,276105107,767631447,8,118,17500
dlt,21079,2021-07-12,6,14,19,26,33,8,11,279520279,802121550,6,75,17500
dlt,21078,2021-07-10,2,8,17,19,25,1,5,302960803,821042099,3,91,17500
dlt,21077,2021-07-07,2,6,9,21,25,6,8,279629097,789285714,4,64,17500
dlt,21076,2021-07-05,6,13,22,25,26,2,4,281760059,775457206,2,129,17500
dlt,21075,2021-07-03,6,14,15,17,20,1,5,306666791,752135503,2,51,17500
dlt,21074,2021-06-30,11,14,18,20,25,3,7,289189592,700603888,1,84,17500
dlt,21073,2021-06-28,8,12,14,20,24,6,10,280274335,657298888,2,101,17500
dlt,21072,2021-06-26,2,3,15,22,26,3,11,303912550,627008381,3,123,17500
dlt,21071,2021-06-23,8,11,16,29,35,1,4,285731730,596211840,9,79,17500
dlt,21070,2021-06-21,3,20,21,22,24,6,12,289443325,612658365,1,59,17500
dlt,21069,2021-06-19,1,3,24,32,33,4,6,314771219,554239484,4,81,17500
dlt,21068,2021-06-16,2,20,21,26,30,2,10,291893269,527817203,13,115,17500
dlt,21067,2021-06-14,1,4,22,23,34,8,9,281023856,558289398,1,59,17500
dlt,21066,2021-06-12,24,26,29,34,35,9,11,311082841,506581578,12,317,17500
dlt,21065,2021-06-09,23,25,30,31,35,7,8,297780859,539311034,6,76,17500
dlt,21064,2021-06-07,1,17,19,32,34,6,10,294413689,546378196,2,60,17500
dlt,21063,2021-06-05,5,9,14,29,30,9,11,320996162,500754392,9,260,17500
dlt,21062,2021-06-02,4,6,23,32,34,5,7,302275847,525343538,5,71,17500
dlt,21061,2021-05-31,15,19,20,26,32,4,7,304392970,502877803,7,100,17500
dlt,21060,2021-05-29,9,13,25,31,33,3,7,328214576,509405220,8,105,17500
dlt,21059,2021-05-26,4,16,27,28,35,2,9,310375326,542212080,12,146,17500
dlt,21058,2021-05-24,13,15,17,23,34,1,11,341604964,584612592,2,53,17500
dlt,21057,2021-05-22,5,7,19,20,28,5,7,364226316,527921742,39,306,17500
dlt,21056,2021-05-19,3,11,16,21,26,9,10,339616577,789092339,9,100,17500
dlt,21055,2021-05-17,3,6,10,11,24,10,11,340947213,832841055,5,100,17500
dlt,21054,2021-05-15,3,6,17,20,25,3,9,372706677,830717938,5,112,17500
dlt,21053,2021-05-12,3,6,15,17,35,7,11,352261603,804585433,5,115,17500
dlt,21052,2021-05-10,2,11,13,14,30,9,12,346174575,786688797,6,99,17500
dlt,21051,2021-05-08,1,4,14,16,19,3,4,378483472,758421416,9,198,17500
dlt,21050,2021-05-05,9,22,32,33,35,5,10,332629347,776495377,7,106,17500
dlt,21049,2021-05-03,1,10,22,23,25,2,12,318983261,804858111,2,95,17500
dlt,21048,2021-05-01,4,7,17,21,27,10,12,361695321,743586048,11,215,17500
dlt,21047,2021-04-28,1,6,9,25,33,4,8,361812479,812065710,2,74,17500
dlt,21046,2021-04-26,6,8,12,14,18,6,8,359217248,748366613,12,113,17500
dlt,21045,2021-04-24,1,4,6,11,19,7,9,393747066,786177311,3,105,17500
dlt,21044,2021-04-21,6,18,31,33,35,10,11,363597797,748920582,11,177,17500
dlt,21043,2021-04-19,7,12,17,19,34,1,10,360667332,782390745,14,173,17500
dlt,21042,2021-04-17,9,15,20,23,29,4,5,393684367,871261627,4,156,17500
dlt,21041,2021-04-14,2,5,9,11,32,4,9,359992265,825740751,9,139,17500
dlt,21040,2021-04-12,2,3,9,16,19,3,7,359580080,870795060,8,136,17500
dlt,21039,2021-04-10,4,12,14,21,35,2,11,392788008,909367812,7,94,17500
dlt,21038,2021-04-07,9,11,20,29,32,1,7,279043760,915135531,17,199,17500
dlt,21037,2021-04-05,10,21,27,29,33,4,12,265069172,1031553232,8,69,17500
dlt,21036,2021-04-03,8,17,25,28,33,7,11,293009078,1070761233,6,277,17500
dlt,21035,2021-03-31,5,11,16,30,32,3,4,282083604,1087964691,6,74,17500
dlt,21034,2021-03-29,8,10,14,25,34,7,8,287989728,1088179028,0,71,17500
dlt,21033,2021-03-27,1,3,5,30,32,1,5,315951286,1022165135,5,68,17500
dlt,21032,2021-03-24,1,11,14,34,35,7,10,294833370,1024512096,3,98,17500
dlt,21031,2021-03-22,1,4,19,20,34,3,5,291035602,1003234237,27,430,17500
dlt,21030,2021-03-20,18,23,25,26,32,2,7,310047645,1159086523,6,62,17500
dlt,21029,2021-03-17,2,6,10,32,33,4,7,291997028,1184579106,3,256,17500
dlt,21028,2021-03-15,2,3,5,17,29,4,10,290397846,1148168180,5,114,17500
dlt,21027,2021-03-13,9,21,22,26,30,4,12,300185659,1137674691,10,179,17500
dlt,21026,2021-03-10,7,11,20,24,27,1,11,276425219,1173541384,2,70,17500
dlt,21025,2021-03-08,17,18,23,30,31,10,12,276142896,1148953396,1,50,17500
dlt,21024,2021-03-06,11,14,21,24,31,2,10,290054173,1099396871,3,218,17500
dlt,21023,2021-03-03,7,9,13,16,32,2,9,269669045,1090709659,2,70,17500
dlt,21022,2021-03-01,2,12,22,30,33,2,4,267988268,1060440510,2,51,17500
dlt,21021,2021-02-27,16,18,29,33,35,9,12,292083963,1011996707,3,74,17500
dlt,21020,2021-02-24,7,21,22,30,33,4,6,266285933,986653276,4,176,17500
dlt,21019,2021-02-22,1,12,13,28,29,3,4,268699087,989638019,1,134,17500
dlt,21018,2021-02-20,2,20,23,26,34,5,10,289120482,946984257,6,75,17500
dlt,21017,2021-02-08,17,21,26,29,32,2,7,335358205,961686810,5,75,17500
dlt,21016,2021-02-06,8,9,10,19,34,1,2,311054206,937156413,6,82,17500
dlt,21015,2021-02-03,4,8,17,19,25,1,7,272319625,945589061,10,259,17500
dlt,21014,2021-02-01,7,13,20,27,29,4,9,268530082,997073349,3,99,17500
dlt,21013,2021-01-30,21,27,28,30,34,8,11,293461597,975405451,4,59,17500
dlt,21012,2021-01-27,6,12,20,23,33,1,9,267411208,942151519,1,93,17500
dlt,21011,2021-01-25,6,9,11,14,21,1,3,264730145,903373114,2,299,17500
dlt,21010,2021-01-23,1,5,16,22,34,8,11,292800978,886344173,4,98,17500
dlt,21009,2021-01-20,1,3,20,29,32,5,12,270385175,865327652,1,103,17500
dlt,21008,2021-01-18,5,19,20,27,33,3,8,267627406,821084248,10,73,17500
dlt,21007,2021-01-16,5,23,30,34,35,8,10,290613639,854868061,3,160,17500
dlt,21006,2021-01-13,4,22,25,28,35,4,5,273199546,830578066,1,67,17500
dlt,21005,2021-01-11,3,7,10,12,35,3,5,270292542,782127364,1,77,17500
dlt,21004,2021-01-09,5,10,17,23,28,2,8,287870674,742165173,14,252,17500
dlt,21003,2021-01-06,7,21,28,31,35,4,10,271582391,811003039,6,66,17500
dlt,21002,2021-01-04,2,16,26,31,34,9,11,278003685,825914620,3,68,17500
dlt,21001,2021-01-02,2,6,12,19,33,8,9,301287873,801248467,2,103,17500
dlt,20134,2020-12-30,8,11,13,22,25,4,7,279450044,763061054,8,135,17500
dlt,20133,2020-12-28,11,24,26,33,35,8,9,278817951,802371363,2,79,17500
dlt,20132,2020-12-26,3,15,16,17,21,7,10,305220768,772089653,7,100,17500
dlt,20131,2020-12-23,8,25,27,29,35,2,3,276280604,804095086,4,84,17500
dlt,20130,2020-12-21,16,17,23,26,32,2,12,275873752,788606650,7,62,17500
dlt,20129,2020-12-19,10,22,27,33,34,1,11,299215239,816759357,2,62,17500
dlt,20128,2020-12-16,9,12,13,26,33,4,10,274958597,761816706,3,55,17500
dlt,20127,2020-12-14,1,4,17,18,26,3,10,276778645,723320954,5,51,17500
dlt,20126,2020-12-12,1,4,9,22,28,4,12,298548217,721797951,4,96,17500
dlt,20125,2020-12-09,1,2,3,8,22,1,4,275346986,699959034,2,73,17500
dlt,20124,2020-12-07,11,15,24,26,35,4,5,278064291,671260146,3,42,17500
dlt,20123,2020-12-05,1,7,11,15,21,4,11,304863915,641696961,5,163,17500
dlt,20122,2020-12-02,8,19,29,34,35,6,11,281651508,629576538,10,145,17500
dlt,20121,2020-11-30,9,17,27,28,35,3,8,278202603,658127792,12,96,17500
dlt,20120,2020-11-28,5,25,26,30,35,4,10,301311242,694960351,6,92,17500
dlt,20119,2020-11-25,14,22,24,28,32,7,8,274272049,685541779,5,63,17500
dlt,20118,2020-11-23,1,9,15,30,33,4,9,275653893,691143211,3,59,17500
dlt,20117,2020-11-21,7,19,20,23,24,5,10,295676112,657082924,6,125,17500
dlt,20116,2020-11-18,8,10,12,16,22,3,9,281698423,661279587,7,73,17500
dlt,20115,2020-11-16,1,9,18,19,23,1,9,284014718,663087702,13,161,17500
dlt,20114,2020-11-14,10,12,21,24,30,3,7,311221154,699754233,6,82,17500
dlt,20113,2020-11-11,6,14,18,28,33,2,5,281010096,686105119,5,121,17500
dlt,20112,2020-11-09,8,11,13,30,32,2,6,278836720,670912594,2,113,17500
dlt,20111,2020-11-07,5,7,9,20,28,2,7,305503745,633996339,4,110,17500
dlt,20110,2020-11-04,11,16,20,21,28,5,11,282491639,620860563,6,83,17500
dlt,20109,2020-11-02,2,20,21,23,32,6,12,278965485,616088689,1,66,17500
dlt,20108,2020-10-31,2,3,6,7,33,8,9,304680045,565897074,13,80,17500
dlt,20107,2020-10-28,1,4,13,17,28,3,7,282777346,611359962,14,193,17500
dlt,20106,2020-10-26,2,3,11,14,27,4,10,277207977,676948324,6,261,17500
dlt,20105,2020-10-24,3,8,12,13,22,4,12,301070175,669097275,4,91,17500
dlt,20104,2020-10-21,3,12,23,26,30,4,7,276928873,644732638,35,119,17500
dlt,20103,2020-10-19,7,12,13,19,23,2,8,273609545,929277059,7,182,17500
dlt,20102,2020-10-17,7,11,18,20,29,9,12,290224663,965450648,2,170,17500
dlt,20101,2020-10-14,3,4,5,9,34,7,9,270291174,942455528,5,109,17500
dlt,20100,2020-10-12,4,5,8,22,33,7,10,274948701,936240580,4,69,17500
dlt,20099,2020-10-10,2,3,11,15,27,4,12,301168262,913910111,7,177,17500
dlt,20098,2020-10-07,4,9,15,24,35,4,10,264989928,936316143,7,195,17500
dlt,20097,2020-10-05,5,25,27,30,34,6,12,225919953,963061001,8,78,17500
dlt,20096,2020-09-30,7,8,10,25,28,3,11,282876912,988983176,3,68,17500
dlt,20095,2020-09-28,2,18,25,26,32,2,7,265863829,971831929,5,113,17500
dlt,20094,2020-09-26,4,6,7,8,16,2,8,290322382,986269654,1,113,17500
dlt,20093,2020-09-23,6,14,25,27,28,4,11,279991779,939867946,1,72,17500
dlt,20092,2020-09-21,8,11,17,31,35,7,11,269838213,893054932,3,62,17500
dlt,20091,2020-09-19,12,16,20,23,31,5,12,293820005,863707287,2,82,17500
dlt,20090,2020-09-16,5,6,27,28,29,11,12,280443686,820939644,18,225,17500
dlt,20089,2020-09-14,13,16,20,22,27,1,2,274438340,910070806,2,44,17500
dlt,20088,2020-09-12,2,7,23,26,35,1,12,297982352,868351367,3,105,17500
dlt,20087,2020-09-09,1,4,20,23,29,4,8,285933804,840146318,2,55,17500
dlt,20086,2020-09-07,8,11,15,20,28,4,10,273366854,801056869,6,95,17500
dlt,20085,2020-09-05,3,4,11,15,28,2,3,295847488,817700325,19,392,17500
dlt,20084,2020-09-02,2,10,20,24,31,6,12,281668774,917779485,6,70,17500
dlt,20083,2020-08-31,1,2,17,32,34,4,9,271235594,923726886,5,56,17500
dlt,20082,2020-08-29,2,11,12,21,34,4,8,291838192,913232816,7,185,17500
dlt,20081,2020-08-26,1,13,15,32,35,8,10,266594465,941509338,2,44,17500
dlt,20080,2020-08-24,3,6,22,24,25,9,10,263844694,898072957,8,129,17500
dlt,20079,2020-08-22,4,16,24,29,35,2,12,292614622,941997905,5,78,17500
dlt,20078,2020-08-19,14,18,20,28,34,10,11,269949871,932733357,2,63,17500
dlt,20077,2020-08-17,17,23,28,29,32,1,3,270568843,890203888,0,65,17500
dlt,20076,2020-08-15,1,8,18,28,30,10,12,294292139,827752078,7,184,17500
dlt,20075,2020-08-12,2,9,10,21,35,1,7,271697395,848526594,4,59,17500
dlt,20074,2020-08-10,3,9,10,12,21,4,11,270785594,829434509,8,166,17500
dlt,20073,2020-08-08,4,10,12,23,27,8,9,298601828,857463717,7,129,17500
dlt,20072,2020-08-05,11,15,18,20,27,5,6,270501710,875748466,22,212,17500
dlt,20071,2020-08-03,1,12,16,28,33,3,12,269034062,992189045,7,75,17500
dlt,20070,2020-08-01,1,22,30,31,32,4,12,294678230,1021716141,2,47,17500
dlt,20069,2020-07-29,5,7,26,30,31,7,10,276270699,984516773,3,73,17500
dlt,20068,2020-07-27,15,20,23,26,33,2,8,275720877,963387967,5,110,17500
dlt,20067,2020-07-25,1,8,14,16,28,4,10,298070364,969682196,1,54,17500
dlt,20066,2020-07-22,6,14,21,34,35,3,10,275984921,918419472,4,56,17500
dlt,20065,2020-07-20,13,15,26,32,33,5,7,275339410,905602072,2,84,17500
dlt,20064,2020-07-18,5,10,23,34,35,1,11,306180017,864409230,3,75,17500
dlt,20063,2020-07-15,11,18,20,21,33,6,7,285313485,828120323,3,48,17500
dlt,20062,2020-07-13,1,5,14,23,31,2,7,281547455,811151382,5,66,17500
dlt,20061,2020-07-11,7,8,12,21,26,1,6,311505452,823114481,5,133,17500
dlt,20060,2020-07-08,12,14,25,34,35,3,12,293094526,840309833,7,109,17500
dlt,20059,2020-07-06,1,15,22,28,32,3,11,288214989,845222708,2,72,17500
dlt,20058,2020-07-04,1,15,19,26,27,5,10,311403757,801073308,5,137,17500
dlt,20057,2020-07-01,17,20,21,22,31,2,8,290961693,819749458,2,93,17500
dlt,20056,2020-06-29,3,11,25,29,34,3,6,293376714,788369268,2,77,17500
dlt,20055,2020-06-27,3,4,12,18,34,10,12,323557054,733955513,0,69,17500
dlt,20054,2020-06-24,11,14,15,19,20,3,7,316196813,652393349,8,109,17500
dlt,20053,2020-06-22,2,15,18,21,27,3,6,321021775,660208305,2,72,17500
dlt,20052,2020-06-20,9,11,26,28,35,6,7,346849702,617935816,1,109,17500
dlt,20051,2020-06-17,2,7,9,19,33,1,7,316737986,546514269,3,135,17500
dlt,20050,2020-06-15,3,14,16,22,34,2,6,319364735,519429958,3,47,17500
dlt,20049,2020-06-13,3,11,15,22,30,8,10,346562943,466168612,7,175,17500
dlt,20048,2020-06-10,3,9,10,15,16,7,9,326341634,464779671,6,92,17500
dlt,20047,2020-06-08,4,18,27,28,30,3,10,329244489,459553012,5,83,17500
dlt,20046,2020-06-06,15,24,27,30,34,4,12,356817551,450033830,2,93,17500
dlt,20045,2020-06-03,2,9,16,23,27,3,8,331645185,397099392,56,351,17500
dlt,20044,2020-06-01,1,3,22,28,30,2,5,326278357,793042322,4,79,17500
dlt,20043,2020-05-30,12,13,17,31,32,1,6,361785294,775887380,2,64,17500
dlt,20042,2020-05-27,3,4,5,11,22,5,6,329246559,712471084,73,1424,17500
dlt,20041,2020-05-25,7,13,20,29,34,4,7,323641936,1240028369,10,85,17500
dlt,20040,2020-05-23,2,17,20,28,29,1,7,350219331,1290293247,3,99,17500
dlt,20039,2020-05-20,1,5,15,22,31,2,9,327734435,1252426576,2,82,17500
dlt,20038,2020-05-18,4,15,20,22,24,1,9,321713613,1189804473,1,68,17500
dlt,20037,2020-05-16,1,4,10,11,14,2,5,347550329,1119552352,11,163,17500
dlt,20036,2020-05-13,1,5,11,12,26,2,7,329608250,1165797219,6,99,17500
dlt,20035,2020-05-11,10,11,22,26,28,2,4,322907375,1181117012,2,80,17500
dlt,20034,2020-05-09,11,13,20,27,31,2,4,363231403,1119481106,8,65,17500
dlt,20033,2020-05-06,7,19,20,31,34,5,8,344128096,1148417852,6,96,17500
dlt,20032,2020-05-04,2,3,9,16,32,3,4,315030186,1167303638,19,169,17500
dlt,20031,2020-05-02,1,2,5,15,21,4,5,348801433,1285895989,7,102,17500
dlt,20030,2020-04-29,1,8,17,27,30,5,6,336512111,1308815502,6,154,17500
dlt,20029,2020-04-27,11,14,17,22,30,7,9,274347215,1333962953,4,100,17500
dlt,20028,2020-04-25,4,5,28,34,35,1,8,297809663,1319654037,13,201,17500
dlt,20027,2020-04-22,4,7,20,25,32,3,9,267026928,1403985231,6,76,17500
dlt,20026,2020-04-20,3,15,26,32,34,8,12,267647668,1423923368,7,97,17500
dlt,20025,2020-04-18,2,14,21,22,26,5,7,290980102,1442053199,5,81,17500
dlt,20024,2020-04-15,3,5,6,24,30,3,7,274944706,1437049654,4,143,17500
dlt,20023,2020-04-13,4,11,23,26,30,1,6,266526290,1448119562,5,76,17500
dlt,20022,2020-04-11,4,14,20,28,35,2,3,279808308,1459915831,1,85,17500
dlt,20021,2020-04-08,10,12,24,31,33,4,9,255667147,1418256965,9,129,17500
dlt,20020,2020-04-06,8,10,12,26,32,5,9,229103689,1452932119,3,76,17500
dlt,20019,2020-04-04,1,12,22,23,33,1,12,251571436,1445697714,4,65,17500
dlt,20018,2020-04-01,9,14,16,24,26,4,12,230454828,1443693869,0,69,17500
dlt,20017,2020-03-30,1,6,7,9,10,2,11,220830654,1394320153,6,150,17500
dlt,20016,2020-03-28,4,8,19,31,35,1,2,235862341,1414113824,3,61,17500
dlt,20015,2020-03-25,1,7,23,24,26,3,7,213742602,1389102103,2,42,17500
dlt,20014,2020-03-23,3,7,9,17,21,3,6,203414775,1368119121,4,149,17500
dlt,20013,2020-03-21,1,4,5,11,35,3,9,210216729,1382155014,9,45,17500
dlt,20012,2020-03-18,1,6,18,32,34,1,3,180512101,1417484530,2,35,17500
dlt,20011,2020-03-16,2,13,19,22,23,2,7,169402246,1392702843,5,58,17500
dlt,20010,2020-03-14,1,8,13,24,32,2,9,193022506,1408398438,6,70,17500
dlt,20009,2020-01-20,19,29,31,34,35,6,10,306054010,1426304213,6,102,17500
dlt,20008,2020-01-18,14,17,19,24,32,1,6,312604530,1436007520,4,57,17500
dlt,20007,2020-01-15,2,10,19,24,30,5,8,275894030,1413642398,12,131,17500
dlt,20006,2020-01-13,9,22,25,31,32,8,12,274628114,1474266993,1,106,17500
dlt,20005,2020-01-11,6,10,33,34,35,1,3,306743622,1430492845,7,198,17500
dlt,20004,2020-01-08,17,20,21,29,30,5,9,279672368,1439766324,4,129,17500
dlt,20003,2020-01-06,23,25,26,30,34,3,7,284089915,1441800541,0,52,17500
dlt,20002,2020-01-04,3,7,18,25,30,2,7,314707905,1369911815,6,152,17500
dlt,20001,2020-01-01,17,25,26,32,34,4,7,290178486,1387021574,2,95,17500
dlt,19150,2019-12-30,7,11,12,16,33,5,7,296427458,1347226023,19,115,17500
dlt,19149,2019-12-28,1,2,7,33,35,6,10,317712338,1422864761,0,85,17500
dlt,19148,2019-12-25,3,4,7,11,30,8,9,289764338,1357789883,5,91,17500
dlt,19147,2019-12-23,9,12,19,22,33,7,8,291104886,1365277988,6,101,17500
dlt,19146,2019-12-21,10,11,26,33,34,1,6,314007833,1381880354,15,92,17500
dlt,19145,2019-12-18,5,9,19,22,32,3,5,296865423,1484740051,5,188,17500
dlt,19144,2019-12-16,2,5,20,28,31,2,11,293207584,1542864127,5,153,17500
dlt,19143,2019-12-14,4,22,23,24,32,6,12,319892573,1598566973,5,94,17500
dlt,19142,2019-12-11,3,4,26,29,33,6,7,299921169,1627275280,3,71,17500
dlt,19141,2019-12-09,2,10,20,21,35,1,12,300500952,1655481325,3,135,17500
dlt,19140,2019-12-07,3,7,8,25,27,3,5,316440627,1668432904,7,118,17500
dlt,19139,2019-12-04,1,5,7,8,11,6,10,289227664,1732644632,7,178,17500
dlt,19138,2019-12-02,4,6,7,20,29,2,4,292541823,1807797395,2,164,17500
dlt,19137,2019-11-30,3,5,12,13,26,7,12,312773222,1811011407,4,185,17500
dlt,19136,2019-11-27,3,16,20,26,29,3,9,286999222,1836618362,9,113,17500
dlt,19135,2019-11-25,4,5,19,25,26,1,11,285312173,1952350514,4,87,17500
dlt,19134,2019-11-23,5,6,7,14,17,10,11,315940098,1982686527,4,130,17500
dlt,19133,2019-11-20,3,12,24,27,34,1,12,307662290,2012422203,3,89,17500
dlt,19132,2019-11-18,3,5,6,13,18,10,12,302574925,2031322367,5,101,17500
dlt,19131,2019-11-16,5,6,14,27,29,6,10,329976108,2069940752,3,105,17500
dlt,19130,2019-11-13,1,13,20,21,26,4,10,303550489,2080589741,3,83,17500
dlt,19129,2019-11-11,10,13,18,23,30,6,12,295027665,2091270342,6,167,17500
dlt,19128,2019-11-09,20,21,25,34,35,3,12,322813843,2137001004,2,85,17500
dlt,19127,2019-11-06,4,7,8,11,16,9,11,300600530,2135181960,5,110,17500
dlt,19126,2019-11-04,5,9,16,18,30,4,7,276082640,2177652383,10,150,17500
dlt,19125,2019-11-02,5,8,9,14,34,2,5,298679570,2290847002,4,75,17500
dlt,19124,2019-10-30,7,17,26,27,30,6,12,275959410,2320815917,2,99,17500
dlt,19123,2019-10-28,3,13,15,26,30,5,12,273397306,2325632751,6,100,17500
dlt,19122,2019-10-26,5,19,25,31,33,10,11,289532078,2388431796,1,65,17500
dlt,19121,2019-10-23,1,2,3,7,17,4,10,276665665,2389042428,3,73,17500
dlt,19120,2019-10-21,6,15,17,22,25,1,9,275763665,2417531958,4,97,17500
dlt,19119,2019-10-19,3,6,9,23,34,2,11,296906555,2450995410,4,83,17500
dlt,19118,2019-10-16,2,3,13,19,26,2,3,272734633,2505219108,2,101,17500
dlt,19117,2019-10-14,1,18,21,25,35,7,8,271077215,2510705015,4,66,17500
dlt,19116,2019-10-12,2,10,16,21,23,2,12,297819968,2540591128,4,87,17500
dlt,19115,2019-10-09,1,18,21,28,32,5,12,286493206,2576114778,6,105,17500
dlt,19114,2019-09-30,3,5,7,20,23,4,11,293032964,2618860320,3,75,17500
dlt,19113,2019-09-28,3,11,27,34,35,1,2,311100525,2630473137,2,96,17500
dlt,19112,2019-09-25,3,10,16,21,33,5,6,280910162,2636508288,13,573,17500
dlt,19111,2019-09-23,6,15,20,23,27,8,10,278838967,2773019554,4,91,17500
dlt,19110,2019-09-21,1,19,23,24,30,4,5,304148169,2796874880,3,85,17500
dlt,19109,2019-09-18,2,7,8,20,25,11,12,280419217,2807779066,1,89,17500
dlt,19108,2019-09-16,24,27,28,31,34,4,8,284940682,2810944267,2,55,17500
dlt,19107,2019-09-14,5,9,19,27,35,2,3,293549724,2814001475,4,181,17500
dlt,19106,2019-09-11,5,8,10,32,35,2,10,277501958,2849290614,1,106,17500
dlt,19105,2019-09-09,1,4,9,14,17,1,6,276792452,2849032904,2,151,17500
dlt,19104,2019-09-07,2,7,19,22,28,3,5,307889648,2854646726,3,179,17500
dlt,19103,2019-09-04,5,12,22,27,32,4,7,282169207,2866542333,9,238,17500
dlt,19102,2019-09-02,5,10,15,19,31,3,6,294439142,2971122369,1,180,17500
dlt,19101,2019-08-31,5,11,18,19,27,5,6,317232101,2965514601,6,264,17500
dlt,19100,2019-08-28,5,8,12,19,21,6,11,285699001,3013571194,13,228,17500
dlt,19099,2019-08-26,4,6,18,27,33,7,9,264966797,3199540847,19,345,17500
dlt,19098,2019-08-24,13,15,17,19,22,3,4,283264604,3413905650,7,87,17500
dlt,19097,2019-08-21,10,17,20,30,35,10,12,265934781,3499337220,3,51,17500
dlt,19096,2019-08-19,2,12,22,23,27,2,6,264716811,3519455538,1,96,17500
dlt,19095,2019-08-17,3,12,17,19,31,2,6,285599790,3519353885,7,114,17500
dlt,19094,2019-08-14,1,12,14,26,27,7,9,268760225,3605111819,1,57,17500
dlt,19093,2019-08-12,16,17,26,29,35,1,7,263591081,3598377683,9,113,17500
dlt,19092,2019-08-10,2,11,15,27,30,2,5,282457933,3693574033,4,115,17500
dlt,19091,2019-08-07,4,13,20,26,28,3,12,269521488,3724322762,1,68,17500
dlt,19090,2019-08-05,13,19,28,30,33,2,12,267395452,3716328636,2,47,17500
dlt,19089,2019-08-03,9,14,18,33,34,3,12,297660456,3719449575,4,83,17500
dlt,19088,2019-07-31,1,5,18,27,33,6,8,270234407,3755102164,7,76,17500
dlt,19087,2019-07-29,5,6,18,19,27,7,12,265658108,3816395392,10,144,17500
dlt,19086,2019-07-27,5,15,16,28,31,2,7,288257269,3904840978,15,266,17500
dlt,19085,2019-07-24,4,5,6,15,26,8,11,266144001,4061417388,3,97,17500
dlt,19084,2019-07-22,12,23,25,34,35,1,7,267484415,4085660246,2,88,17500
dlt,19083,2019-07-20,17,24,26,28,32,7,9,292813014,4096211433,2,108,17500
dlt,19082,2019-07-17,6,18,20,21,31,3,4,271428141,4117332392,7,74,17500
dlt,19081,2019-07-15,6,24,26,30,33,2,7,272912117,4186160785,3,58,17500
dlt,19080,2019-07-13,5,13,18,19,24,2,7,296452290,4212738027,6,127,17500
dlt,19079,2019-07-10,10,13,16,28,35,4,5,271256673,4282392620,4,75,17500
dlt,19078,2019-07-08,5,10,21,26,30,1,7,272470927,4306208094,0,117,17500
dlt,19077,2019-07-06,1,15,17,21,33,7,10,293644337,4306208094,1,58,17500
dlt,19076,2019-07-03,1,6,11,23,29,1,11,266685847,4297766552,5,68,17500
dlt,19075,2019-07-01,5,6,7,11,16,2,11,264828767,4329058171,4,102,17500
dlt,19074,2019-06-29,8,9,13,14,34,5,7,301323048,4372011525,3,90,17500
dlt,19073,2019-06-26,4,11,19,20,24,8,11,271821466,4382364770,2,176,17500
dlt,19072,2019-06-24,2,4,6,9,18,7,10,269398842,4390457898,1,81,17500
dlt,19071,2019-06-22,7,13,14,15,22,7,11,295494008,4386203653,5,108,17500
dlt,19070,2019-06-19,2,13,15,22,34,2,12,271071777,4419628452,1,43,17500
dlt,19069,2019-06-17,8,22,23,33,34,4,6,277867343,4409347603,13,76,17500
dlt,19068,2019-06-15,4,5,8,17,27,6,11,302523734,4527560332,6,71,17500
dlt,19067,2019-06-12,3,8,11,15,16,2,10,281702303,4596914428,6,102,17500
dlt,19066,2019-06-10,4,10,11,18,31,5,8,272861483,4639229846,5,128,17500
dlt,19065,2019-06-08,3,8,10,23,27,2,12,295446062,4677385384,3,102,17500
dlt,19064,2019-06-05,7,8,13,19,29,11,12,277172405,4705583931,0,106,17500
dlt,19063,2019-06-03,5,8,15,18,21,4,8,269890522,4705583931,7,158,17500
dlt,19062,2019-06-01,5,16,23,25,28,1,12,292876443,4764031989,5,170,17500
dlt,19061,2019-05-29,1,2,13,14,26,5,11,272417820,4808403292,4,101,17500
dlt,19060,2019-05-27,1,11,12,18,21,8,10,269705099,4833102718,0,93,17500
dlt,19059,2019-05-25,7,8,15,27,32,8,12,301599968,4833102718,3,127,17500
dlt,19058,2019-05-22,3,10,13,14,32,7,11,275571204,4845045371,5,64,17500
dlt,19057,2019-05-20,8,14,16,34,35,6,12,276199961,4894582543,3,81,17500
dlt,19056,2019-05-18,1,7,10,12,23,6,8,305996270,4915397954,5,100,17500
dlt,19055,2019-05-15,2,4,6,19,22,2,6,283602540,4963149792,3,74,17500
dlt,19054,2019-05-13,2,18,23,27,30,5,10,276149811,4984758179,29,212,17500
dlt,19053,2019-05-11,1,11,19,26,35,11,12,302681393,5323214068,1,94,17500
dlt,19052,2019-05-08,4,10,15,20,24,7,11,276499358,5313363213,4,95,17500
dlt,19051,2019-05-06,11,15,16,20,29,4,8,271425230,5344151471,1,84,17500
dlt,19050,2019-05-04,4,15,16,20,35,3,12,285832883,5336065896,3,46,17500
dlt,19049,2019-05-01,10,16,22,26,27,7,11,258571922,5347345506,4,101,17500
dlt,19048,2019-04-29,6,10,16,29,33,5,11,277776696,5385687606,5,175,17500
dlt,19047,2019-04-27,3,4,10,16,32,4,9,301841890,5438181602,7,107,17500
dlt,19046,2019-04-24,2,8,14,15,35,10,12,279781730,5516686407,5,215,17500
dlt,19045,2019-04-22,1,4,16,19,33,3,12,266773843,5552688626,36,263,17500
dlt,19044,2019-04-20,3,6,10,12,31,1,2,297670249,6008098540,3,81,17500
dlt,19043,2019-04-17,2,6,7,12,15,6,12,265838829,6017894922,17,68,17500
dlt,19042,2019-04-15,4,10,13,28,33,11,12,266281814,6274619165,6,79,17500
dlt,19041,2019-04-13,12,19,20,22,28,2,6,278194830,6358353641,33,67,17500
dlt,19040,2019-04-10,1,3,31,32,34,1,3,256461644,6679434766,11,70,17500
dlt,19039,2019-04-08,1,12,18,26,35,6,12,258620074,6835874897,11,68,17500
dlt,19038,2019-04-06,5,11,16,18,27,7,12,273576520,6935534546,3,98,17500
dlt,19037,2019-04-03,6,16,26,33,35,4,8,259744189,6957878946,2,597,17500
dlt,19036,2019-04-01,3,9,21,28,30,1,12,264051280,6962303972,3,100,17500
dlt,19035,2019-03-30,1,3,5,7,18,8,9,278976389,6990724179,5,185,17500
dlt,19034,2019-03-27,8,12,15,27,30,1,2,263239739,7043311560,2,102,17500
dlt,19033,2019-03-25,1,2,4,16,24,7,9,259583444,7046359232,3,35,17500
dlt,19032,2019-03-23,1,4,7,11,30,7,8,281069928,7075490419,2,86,17500
dlt,19031,2019-03-20,3,8,21,26,33,4,5,258941467,7087941067,3,364,17500
dlt,19030,2019-03-18,7,9,13,14,33,2,4,259512014,7130547448,0,68,17500
dlt,19029,2019-03-16,1,4,18,24,28,2,3,286607872,7130547448,1,67,17500
dlt,19028,2019-03-13,6,22,28,29,33,2,7,265043546,7126442763,0,59,17500
dlt,19027,2019-03-11,16,18,24,25,27,2,7,258310439,7126442763,1,89,17500
dlt,19026,2019-03-09,10,12,15,17,19,2,3,276287254,7119844630,7,125,17500
dlt,19025,2019-03-06,6,13,16,19,29,3,7,254293562,7214723367,1,103,17500
dlt,19024,2019-03-04,11,17,19,29,33,8,9,253993953,7212374715,5,79,17500
dlt,19023,2019-03-02,1,3,14,26,30,6,11,271045330,7266412330,1,36,17500
dlt,19022,2019-02-27,1,4,14,15,21,1,5,250698873,7260411038,3,67,17500
dlt,19021,2019-02-25,7,13,17,24,33,1,10,246282617,7281471244,3,86,17500
dlt,19020,2019-02-23,1,8,16,27,34,3,12,262801443,7305795077,4,633,17500
dlt,19019,2019-02-20,4,11,19,25,32,1,2,240747642,7344326745,3,118,17500
dlt,19018,2019-02-18,3,18,19,26,34,6,12,206286685,7368392285,2,84,17500
dlt,19017,2019-02-16,1,5,7,22,25,3,4,224354188,7345788306,3,89,17500
dlt,19016,2019-02-13,3,5,13,16,28,2,6,199463845,7335987177,2,38,17500
dlt,19015,2019-02-11,2,5,10,13,30,4,6,200905382,7318529721,1,57,17500
dlt,19014,2019-02-02,12,14,20,28,31,9,11,252453111,7281902287,3,113,17500
dlt,19013,2019-01-30,8,10,15,17,18,1,8,209355520,7261573924,6,80,17500
dlt,19012,2019-01-28,5,9,17,18,19,7,10,208049284,7270412609,5,144,17500
dlt,19011,2019-01-26,4,12,13,16,17,4,9,229215164,7282068516,2,66,17500
dlt,19010,2019-01-23,3,7,24,25,27,2,12,213767581,7255514505,2,42,17500
dlt,19009,2019-01-21,3,9,15,18,26,6,12,208724945,7221191570,0,106,17500
dlt,19008,2019-01-19,3,8,17,20,24,6,11,235369276,7175235779,15,71,17500
dlt,19007,2019-01-16,3,12,16,29,32,1,5,212856147,7231975347,0,74,17500
dlt,19006,2019-01-14,14,17,19,25,30,4,8,211569980,7179104849,3,89,17500
dlt,19005,2019-01-12,21,26,27,29,34,5,6,226883398,7179285216,2,159,17500
dlt,19004,2019-01-09,15,16,17,31,32,3,9,204580697,7161063055,11,156,17500
dlt,19003,2019-01-07,4,8,18,20,32,10,12,207380158,7201268804,0,47,17500
dlt,19002,2019-01-05,2,7,14,22,31,1,7,225241300,7151049695,3,128,17500
dlt,19001,2019-01-02,6,18,23,26,28,3,12,210010629,7142421311,3,52,17500
dlt,18154,2018-12-31,14,22,23,26,30,3,5,211659213,7118917925,1,45,17500
dlt,18153,2018-12-29,3,6,7,8,21,1,8,226088197,7088689110,2,81,17500
dlt,18152,2018-12-26,2,4,5,12,28,8,11,205613392,7064136608,0,54,17500
dlt,18151,2018-12-24,4,8,18,29,30,3,7,207291663,7018219322,2,103,17500
dlt,18150,2018-12-22,5,12,13,31,34,10,12,225791549,7002968220,1,56,17500
dlt,18149,2018-12-19,1,7,10,11,20,3,6,207515954,6956714763,5,73,17500
dlt,18148,2018-12-17,2,6,24,33,34,2,3,208136096,6967866677,6,154,17500
dlt,18147,2018-12-15,1,11,26,33,35,2,10,223971838,6972210324,0,38,17500
dlt,18146,2018-12-12,3,8,9,13,33,1,2,205362986,6915052805,0,59,17500
dlt,18145,2018-12-10,9,18,29,31,33,6,11,203937312,6863931453,3,62,17500
dlt,18144,2018-12-08,6,17,18,24,31,7,11,218318880,6852100778,7,167,17500
dlt,18143,2018-12-05,4,7,20,22,33,1,2,209812542,6875246343,0,34,17500
dlt,18142,2018-12-03,19,24,28,29,34,10,11,209733653,6821793738,5,62,17500
dlt,18141,2018-12-01,3,7,23,26,33,4,9,229878514,6821675414,7,86,17500
dlt,18140,2018-11-28,1,6,8,12,15,3,4,214669161,6827035600,4,43,17500
dlt,18139,2018-11-26,5,11,16,28,35,6,9,211260296,6818142501,4,57,17500
dlt,18138,2018-11-24,1,23,24,28,33,4,5,235550538,6820616434,1,45,17500
dlt,18137,2018-11-21,7,10,22,23,33,8,11,213366740,6774793860,1,103,17500
dlt,18136,2018-11-19,3,11,12,19,21,5,11,211832625,6745147509,2,89,17500
dlt,18135,2018-11-17,14,19,23,27,34,6,12,234501139,6728041749,2,32,17500
dlt,18134,2018-11-14,4,5,19,31,35,2,12,216189491,6685696823,2,39,17500
dlt,18133,2018-11-12,8,12,14,15,19,1,10,217396050,6657631974,9,52,17500
dlt,18132,2018-11-10,3,16,22,23,27,1,4,239163144,6678376013,1,56,17500
dlt,18131,2018-11-07,12,14,21,32,33,2,11,216536327,6635339455,1,49,17500
dlt,18130,2018-11-05,3,4,16,18,25,1,11,217325653,6590885413,3,50,17500
dlt,18129,2018-11-03,4,7,21,22,29,3,6,235940348,6576364115,7,112,17500
dlt,18128,2018-10-31,11,12,14,16,26,8,9,220324605,6594664860,2,54,17500
dlt,18127,2018-10-29,1,3,4,11,29,8,12,217690667,6564347966,3,75,17500
dlt,18126,2018-10-27,11,13,15,21,27,5,6,219795983,6522197027,2,82,17500
dlt,18125,2018-10-24,7,16,20,21,34,4,6,219795983,6522197027,5,80,17500
dlt,18124,2018-10-22,8,10,12,19,20,10,11,216443708,6524154322,3,156,17500
dlt,18123,2018-10-20,6,9,29,32,35,2,4,234208723,6522610651,6,91,17500
dlt,18122,2018-10-17,8,9,21,30,31,5,12,214571833,6530054426,4,116,17500
dlt,18121,2018-10-15,6,7,21,29,30,1,10,207915429,6520734499,2,91,17500
dlt,18120,2018-10-13,21,22,25,27,30,8,9,234821953,6502829135,3,148,17500
dlt,18119,2018-10-10,6,9,11,16,35,2,5,212932980,6481977558,5,56,17500
dlt,18118,2018-10-08,4,5,14,21,34,6,9,211508812,6485845808,6,43,17500
dlt,18117,2018-10-06,7,11,13,22,29,3,8,217651581,6498990134,8,104,17500
dlt,18116,2018-10-03,1,14,17,21,33,7,10,182177791,6524536540,6,48,17500
dlt,18115,2018-10-01,2,6,13,18,25,1,2,188986085,6535370887,5,118,17500
dlt,18114,2018-09-29,12,18,26,28,29,5,6,224148934,6552450316,6,77,17500
dlt,18113,2018-09-26,8,12,27,31,33,4,8,204939053,6557535636,1,68,17500
dlt,18112,2018-09-24,3,7,8,9,29,9,10,193514083,6521875291,3,88,17500
dlt,18111,2018-09-22,3,16,27,28,32,4,5,215472949,6520081923,3,48,17500
dlt,18110,2018-09-19,6,19,21,27,28,3,11,199222858,6499010024,6,136,17500
dlt,18109,2018-09-17,10,16,23,25,34,2,5,193599346,6515974853,3,37,17500
dlt,18108,2018-09-15,9,10,24,31,32,7,12,214909384,6512454344,1,40,17500
dlt,18107,2018-09-12,7,8,9,10,22,3,4,207148979,6469261221,5,84,17500
dlt,18106,2018-09-10,4,14,17,24,31,1,4,204182024,6472172226,2,84,17500
dlt,18105,2018-09-08,1,16,19,20,31,2,7,219284141,6452487726,3,62,17500
dlt,18104,2018-09-05,1,13,14,26,28,7,11,203640357,6430739174,1,40,17500
dlt,18103,2018-09-03,14,24,26,28,35,2,3,202609595,6391571458,0,31,17500
dlt,18102,2018-09-01,6,7,13,22,24,10,12,224197222,6342068179,2,71,17500
dlt,18101,2018-08-29,3,14,15,23,29,4,5,198499936,6308725026,8,213,17500
dlt,18100,2018-08-27,6,20,21,26,30,6,9,200023810,6342598373,4,42,17500
dlt,18099,2018-08-25,12,13,16,20,21,1,7,222690897,6343983973,6,33,17500
dlt,18098,2018-08-22,2,15,18,25,27,5,7,203730773,6340719923,5,54,17500
dlt,18097,2018-08-20,10,12,14,18,23,1,4,205831161,6344726748,2,26,17500
dlt,18096,2018-08-18,13,14,20,28,34,6,10,224999849,6319451570,3,67,17500
dlt,18095,2018-08-15,7,14,18,29,35,5,12,201899050,6304083968,10,169,17500
dlt,18094,2018-08-13,11,16,25,30,34,8,10,204437453,6342519469,0,40,17500
dlt,18093,2018-08-11,3,11,16,18,33,3,11,219900805,6289602123,2,71,17500
dlt,18092,2018-08-08,5,7,14,18,19,4,10,203960013,6271921898,1,61,17500
dlt,18091,2018-08-06,6,22,26,28,31,1,7,200209093,6239379715,2,50,17500
dlt,18090,2018-08-04,6,20,24,33,34,4,11,214323707,6215638458,1,38,17500
dlt,18089,2018-08-01,26,27,28,32,34,6,10,198789849,6185259533,3,188,17500
dlt,18088,2018-07-30,8,9,21,25,33,1,8,201070776,6175967288,3,47,17500
dlt,18087,2018-07-28,3,14,19,23,25,1,4,221733708,6170422461,3,60,17500
dlt,18086,2018-07-25,16,22,24,29,31,4,5,202039886,6147152397,2,26,17500
dlt,18085,2018-07-23,1,2,14,25,31,5,7,203720742,6119215421,4,48,17500
dlt,18084,2018-07-21,6,11,17,22,35,11,12,221782319,6114274675,0,60,17500
dlt,18083,2018-07-18,7,12,25,27,28,10,11,203396776,6060893274,3,57,17500
dlt,18082,2018-07-16,1,2,14,17,18,8,10,202664331,6046964394,0,49,17500
dlt,18081,2018-07-14,2,10,13,21,35,1,12,220990027,5995484438,1,74,17500
dlt,18080,2018-07-11,7,16,24,26,31,10,11,200930992,5956453500,6,100,17500
dlt,18079,2018-07-09,3,4,10,27,29,1,5,202323374,5968985976,9,150,17500
dlt,18078,2018-07-07,7,11,12,22,30,3,6,218580534,5999253266,2,101,17500
dlt,18077,2018-07-04,1,6,9,15,26,8,9,203843593,5981630962,1,69,17500
dlt,18076,2018-07-02,7,18,28,29,32,6,8,199580156,5950663010,4,127,17500
dlt,18075,2018-06-30,1,6,12,20,34,4,12,220535723,5958857007,1,80,17500
dlt,18074,2018-06-27,3,9,12,28,30,4,12,199597596,5909727592,11,117,17500
dlt,18073,2018-06-25,13,19,24,25,29,2,8,201563745,5972044398,5,118,17500
dlt,18072,2018-06-23,5,12,17,24,26,1,2,224650873,5981278505,2,61,17500
dlt,18071,2018-06-20,2,5,23,30,31,3,9,214566154,5949658808,1,33,17500
dlt,18070,2018-06-18,2,5,10,16,30,4,7,211903935,5919039404,1,52,17500
dlt,18069,2018-06-16,1,8,13,21,24,2,11,241142640,5885037873,3,35,17500
dlt,18068,2018-06-13,8,12,16,26,33,5,6,196468042,5874936454,2,72,17500
dlt,18067,2018-06-11,3,7,12,18,31,7,10,219756324,5854895390,1,67,17500
dlt,18066,2018-06-09,1,20,23,32,33,1,4,239793134,5813704069,2,57,17500
dlt,18065,2018-06-06,7,10,28,31,32,8,10,220810457,5772639586,3,119,17500
dlt,18064,2018-06-04,1,3,4,11,29,2,4,224954479,5761282472,0,65,17500
dlt,18063,2018-06-02,5,14,15,32,34,3,10,245622727,5705403010,4,83,17500
dlt,18062,2018-05-30,12,14,19,23,35,2,7,238259472,5703821164,1,54,17500
dlt,18061,2018-05-28,4,10,12,28,31,8,11,237450953,5653787525,5,56,17500
dlt,18060,2018-05-26,4,22,27,29,31,2,10,263797526,5654020895,2,55,17500
dlt,18059,2018-05-23,1,9,10,27,35,6,11,242609804,5611696366,1,64,17500
dlt,18058,2018-05-21,9,11,12,26,32,4,10,239072621,5563764270,1,117,17500
dlt,18057,2018-05-19,13,19,22,27,28,5,6,263782813,5533435106,7,105,17500
dlt,18056,2018-05-16,2,4,16,28,34,5,7,242284907,5556714938,1,66,17500
dlt,18055,2018-05-14,3,7,20,33,34,9,10,247382161,5505823357,1,78,17500
dlt,18054,2018-05-12,9,10,12,20,30,1,7,266905172,5465203784,13,122,17500
dlt,18053,2018-05-09,11,16,21,23,25,2,12,247482667,5515804329,0,49,17500
dlt,18052,2018-05-07,5,16,18,19,25,2,7,240438756,5447819442,4,95,17500
dlt,18051,2018-05-05,9,18,28,29,35,3,11,263978006,5447396941,2,79,17500
dlt,18050,2018-05-02,22,24,26,34,35,6,12,241836897,5422293093,1,52,17500
dlt,18049,2018-04-30,4,7,9,10,13,6,12,230788528,5368233194,0,63,17500
dlt,18048,2018-04-28,2,3,11,20,25,2,7,276622481,5318104005,3,56,17500
dlt,18047,2018-04-25,3,8,10,14,20,4,8,258398718,5293491487,3,62,17500
dlt,18046,2018-04-23,10,20,22,29,32,5,10,257284500,5268370217,7,55,17500
dlt,18045,2018-04-21,2,5,20,30,35,5,9,283210997,5283900535,4,71,17500
dlt,18044,2018-04-18,2,4,6,18,21,5,8,265929558,5268779121,2,111,17500
dlt,18043,2018-04-16,3,6,13,28,33,4,11,256568992,5239147674,17,73,17500
dlt,18042,2018-04-14,3,19,25,29,35,5,9,265007165,5327068941,19,122,17500
dlt,18041,2018-04-11,1,23,25,31,33,1,12,253422570,5445163138,3,57,17500
dlt,18040,2018-04-09,5,7,18,27,31,1,8,211513034,5411665761,0,122,17500
dlt,18039,2018-04-07,2,7,14,29,32,10,11,217344524,5364269644,2,84,17500
dlt,18038,2018-04-04,14,23,25,31,32,1,3,198878775,5339234513,3,39,17500
dlt,18037,2018-04-02,1,3,27,30,31,2,11,205790103,5323867872,2,52,17500
dlt,18036,2018-03-31,11,17,18,21,27,7,8,227859939,5297754793,0,54,17500
dlt,18035,2018-03-28,5,7,10,12,24,7,11,211060885,5244871082,0,73,17500
dlt,18034,2018-03-26,8,11,22,27,32,3,7,212117050,5196338763,5,110,17500
dlt,18033,2018-03-24,2,3,19,23,34,4,9,231061109,5198381632,9,113,17500
dlt,18032,2018-03-21,7,10,17,32,35,5,12,211403323,5225006750,1,59,17500
dlt,18031,2018-03-19,3,8,13,17,23,5,11,211527559,5184093714,1,83,17500
dlt,18030,2018-03-17,5,18,21,28,32,9,11,230478981,5152546013,2,130,17500
dlt,18029,2018-03-14,3,9,21,25,29,1,8,211962307,5134052855,3,81,17500
dlt,18028,2018-03-12,4,19,25,30,35,4,7,210397698,5125941530,1,60,17500
dlt,18027,2018-03-10,1,18,20,21,26,4,11,222637440,5085962016,3,39,17500
dlt,18026,2018-03-07,1,2,3,4,30,3,5,205938359,5074912532,2,108,17500
dlt,18025,2018-03-05,7,8,9,15,34,7,8,207433913,5047617317,3,46,17500
dlt,18024,2018-03-03,2,16,24,30,32,4,7,230080943,5038602897,3,29,17500
dlt,18023,2018-02-28,12,13,18,21,29,2,8,203587803,5016451627,1,72,17500
dlt,18022,2018-02-26,2,10,19,33,35,5,6,202288216,4988506161,0,43,17500
dlt,18021,2018-02-24,5,6,8,9,15,4,11,233520667,4941852651,1,84,17500
dlt,18020,2018-02-14,1,10,13,14,21,9,12,223552917,4908324787,1,45,17500
dlt,18019,2018-02-12,10,11,19,21,28,5,12,206501821,4865933980,1,42,17500
dlt,18018,2018-02-10,6,8,13,24,28,6,12,226108418,4824492674,0,63,17500
dlt,18017,2018-02-07,4,19,21,23,31,4,9,202520718,4771863108,3,37,17500
dlt,18016,2018-02-05,1,2,12,13,23,9,12,202835116,4766514256,3,81,17500
dlt,18015,2018-02-03,4,13,15,18,29,5,11,220572521,4753653322,2,59,17500
dlt,18014,2018-01-31,14,16,18,24,31,1,8,203817985,4726825681,1,53,17500
dlt,18013,2018-01-29,8,24,31,33,35,7,10,203090721,4684812702,0,43,17500
dlt,18012,2018-01-27,3,22,24,29,34,7,11,218599858,4635213010,6,109,17500
dlt,18011,2018-01-24,3,13,15,23,26,1,10,203498133,4641173456,0,37,17500
dlt,18010,2018-01-22,24,25,26,28,29,4,12,209455315,4588018755,2,74,17500
dlt,18009,2018-01-20,10,12,28,30,34,3,4,230281073,4570009063,0,38,17500
dlt,18008,2018-01-17,9,15,17,20,22,10,11,211879491,4509562520,3,47,17500
dlt,18007,2018-01-15,3,4,28,31,34,4,11,210430592,4504102672,2,41,17500
dlt,18006,2018-01-13,19,20,30,32,33,3,5,228876959,4483250787,0,121,17500
dlt,18005,2018-01-10,4,9,23,24,30,8,11,208354385,4435847449,6,174,17500
dlt,18004,2018-01-08,4,9,22,28,30,1,10,205801716,4445675467,4,56,17500
dlt,18003,2018-01-06,4,21,23,24,30,9,10,226801109,4440647604,5,60,17500
dlt,18002,2018-01-03,12,20,23,27,34,1,6,208431222,4443585959,11,77,17500
dlt,18001,2018-01-01,1,13,22,25,35,3,4,215274808,4479674483,4,47,17500
dlt,17153,2017-12-30,1,9,24,26,34,9,12,236928410,4478126302,4,70,17500
dlt,17152,2017-12-27,2,4,7,23,28,2,8,214887235,4466541182,4,89,17500
dlt,17151,2017-12-25,5,6,23,28,32,4,5,211995741,4464946961,3,52,17500
dlt,17150,2017-12-23,3,6,10,13,18,9,11,235911666,4457502260,1,41,17500
dlt,17149,2017-12-20,10,18,19,25,26,4,12,216816379,4407904079,1,102,17500
dlt,17148,2017-12-18,19,27,31,32,35,11,12,211263443,4364959468,4,60,17500
dlt,17147,2017-12-16,5,16,17,25,34,1,11,229737246,4367250718,1,73,17500
dlt,17146,2017-12-13,1,5,11,14,35,9,10,213122165,4318480826,4,99,17500
dlt,17145,2017-12-11,4,7,17,18,19,3,10,213369884,4317224774,2,114,17500
dlt,17144,2017-12-09,3,21,23,29,32,10,11,233101357,4309699345,3,76,17500
dlt,17143,2017-12-06,6,9,24,29,32,2,7,209971249,4282393686,4,66,17500
dlt,17142,2017-12-04,1,5,16,19,28,2,10,209153464,4275347171,1,55,17500
dlt,17141,2017-12-02,2,8,21,22,29,3,5,227842115,4237389514,3,69,17500
dlt,17140,2017-11-29,10,16,25,26,29,1,5,210287622,4219678773,3,51,17500
dlt,17139,2017-11-27,2,6,19,25,32,9,12,208076169,4210596967,2,85,17500
dlt,17138,2017-11-25,4,7,9,20,25,2,11,224706665,4195563190,13,69,17500
dlt,17137,2017-11-22,1,20,22,28,29,5,7,208371260,4236731015,15,32,17500
dlt,17136,2017-11-20,1,11,20,21,22,3,4,204621999,4314495402,17,96,17500
dlt,17135,2017-11-18,1,12,15,19,22,2,4,228099000,4403766719,4,59,17500
dlt,17134,2017-11-15,7,18,19,32,34,2,10,209089016,4384046233,2,91,17500
dlt,17133,2017-11-13,15,17,19,32,33,1,3,205369201,4363865130,0,53,17500
dlt,17132,2017-11-11,11,17,23,26,27,1,10,228286369,4314342249,2,67,17500
dlt,17131,2017-11-08,3,5,8,19,34,1,12,209769933,4276365066,4,68,17500
dlt,17130,2017-11-06,5,18,28,33,34,3,4,205281738,4269462536,1,56,17500
dlt,17129,2017-11-04,5,17,20,32,33,4,9,221400965,4234584571,4,95,17500
dlt,17128,2017-11-01,9,11,13,18,33,2,3,210460163,4236702290,3,47,17500
dlt,17127,2017-10-30,2,15,18,21,22,3,10,202014185,4224508242,17,87,17500
dlt,17126,2017-10-28,3,4,13,24,33,1,11,224742436,4291619493,3,71,17500
dlt,17125,2017-10-25,7,11,18,26,28,4,5,202527987,4275162353,16,255,17500
dlt,17124,2017-10-23,3,29,30,32,35,3,8,201634459,4351880934,1,48,17500
dlt,17123,2017-10-21,3,15,23,26,32,1,12,224279189,4318722376,2,67,17500
dlt,17122,2017-10-18,3,12,18,29,34,3,11,204853140,4284527224,3,72,17500
dlt,17121,2017-10-16,1,6,12,26,31,1,7,199583003,4271765199,0,59,17500
dlt,17120,2017-10-14,8,15,24,26,27,5,6,216330390,4223045066,7,107,17500
dlt,17119,2017-10-11,5,7,13,29,35,3,8,197391000,4247472952,5,43,17500
dlt,17118,2017-10-09,2,7,16,20,33,3,11,195121929,4252457950,11,57,17500
dlt,17117,2017-10-07,5,7,9,24,32,8,10,207881694,4307581838,5,40,17500
dlt,17116,2017-10-04,2,27,30,32,33,1,3,172984540,4309435912,2,36,17500
dlt,17115,2017-10-02,14,19,20,25,31,6,8,175963547,4288831778,3,172,17500
dlt,17114,2017-09-30,6,7,12,18,23,1,12,221457669,4288325250,1,55,17500
dlt,17113,2017-09-27,5,8,17,18,23,4,12,202181819,4238842403,10,117,17500
dlt,17112,2017-09-25,5,6,20,31,32,6,12,199283910,4270235999,6,88,17500
dlt,17111,2017-09-23,2,14,17,26,34,8,12,220140489,4289815823,1,43,17500
dlt,17110,2017-09-20,10,14,20,21,35,2,5,201794687,4252044900,3,59,17500
dlt,17109,2017-09-18,6,9,19,26,34,5,7,202094126,4242085787,6,95,17500
dlt,17108,2017-09-16,1,4,15,21,22,4,9,224635006,4268598635,3,49,17500
dlt,17107,2017-09-13,4,10,19,25,27,6,12,203030002,4256486298,2,89,17500
dlt,17106,2017-09-11,9,12,18,23,29,2,4,201806989,4239006390,3,76,17500
dlt,17105,2017-09-09,4,15,22,24,32,2,9,224525720,4224981559,2,42,17500
dlt,17104,2017-09-06,9,11,22,27,30,9,11,200139054,4191982211,3,192,17500
dlt,17103,2017-09-04,4,19,20,24,29,3,4,199164249,4188619607,2,53,17500
dlt,17102,2017-09-02,1,12,23,24,29,8,12,224707432,4163837398,2,55,17500
dlt,17101,2017-08-30,5,15,21,25,29,5,8,200305918,4125812710,18,164,17500
dlt,17100,2017-08-28,2,5,18,19,31,1,9,199482458,4228046475,0,71,17500
dlt,17099,2017-08-26,8,9,17,18,24,3,7,221193415,4185748073,1,53,17500
dlt,17098,2017-08-23,6,9,17,30,35,10,11,196939620,4147258197,2,68,17500
dlt,17097,2017-08-21,7,14,19,22,34,7,12,196473148,4126211909,1,76,17500
dlt,17096,2017-08-19,3,7,9,17,28,4,12,208897903,4090375934,1,95,17500
dlt,17095,2017-08-16,15,32,33,34,35,3,12,201396755,4049665155,10,942,17500
dlt,17094,2017-08-14,3,5,8,29,33,4,8,199415092,4085529699,4,97,17500
dlt,17093,2017-08-12,5,6,17,21,29,2,4,221236141,4092641538,5,74,17500
dlt,17092,2017-08-09,3,7,9,17,34,4,5,195744671,4088257898,0,47,17500
dlt,17091,2017-08-07,1,5,7,16,19,3,12,195484927,4051343402,0,61,17500
dlt,17090,2017-08-05,3,6,15,22,35,9,11,213149992,4007843515,1,48,17500
dlt,17089,2017-08-02,3,5,6,15,18,3,10,195804666,3963658496,5,117,17500
dlt,17088,2017-07-31,5,28,31,34,35,8,9,197682581,3970858479,3,55,17500
dlt,17087,2017-07-29,3,14,21,29,35,2,6,217653411,3955355946,1,66,17500
dlt,17086,2017-07-26,12,15,18,22,31,1,8,197778070,3912253586,12,86,17500
dlt,17085,2017-07-24,9,13,14,25,30,2,5,196537555,3965099359,7,237,17500
dlt,17084,2017-07-22,6,11,14,21,31,9,12,212546263,3995626666,0,46,17500
dlt,17083,2017-07-19,2,5,14,22,34,3,9,196082394,3942194218,1,67,17500
dlt,17082,2017-07-17,5,13,20,21,25,8,9,195165466,3905756158,2,42,17500
dlt,17081,2017-07-15,2,12,15,20,34,1,6,214440906,3886662218,3,46,17500
dlt,17080,2017-07-12,8,10,21,30,31,2,5,195562828,3863295763,4,102,17500
dlt,17079,2017-07-10,1,17,19,32,33,2,11,195650788,3858398294,8,101,17500
dlt,17078,2017-07-08,4,5,27,31,34,3,6,215807962,3885958972,2,67,17500
dlt,17077,2017-07-05,1,3,4,25,31,6,9,199482288,3854394416,0,54,17500
dlt,17076,2017-07-03,2,7,25,30,35,7,12,200022206,3809067958,2,41,17500
dlt,17075,2017-07-01,5,11,16,18,35,1,6,221784822,3798166893,3,45,17500
dlt,17074,2017-06-28,8,10,11,13,17,8,11,204843047,3790728402,0,59,17500
dlt,17073,2017-06-26,7,18,28,31,33,1,2,204516994,3744836916,3,43,17500
dlt,17072,2017-06-24,1,3,29,32,34,2,5,228833631,3724273122,1,33,17500
dlt,17071,2017-06-21,1,4,11,14,33,5,7,210213519,3673649899,3,70,17500
dlt,17070,2017-06-19,6,16,18,26,30,2,3,207995131,3663920573,4,69,17500
dlt,17069,2017-06-17,10,16,20,23,32,8,11,228473387,3655686532,2,66,17500
dlt,17068,2017-06-14,7,8,19,24,27,6,7,209829116,3622286671,1,113,17500
dlt,17067,2017-06-12,10,17,18,32,35,10,11,212851692,3602210395,2,134,17500
dlt,17066,2017-06-10,11,15,23,26,30,2,11,231593730,3583202521,4,77,17500
dlt,17065,2017-06-07,5,11,12,19,28,5,12,213256921,3572736762,8,82,17500
dlt,17064,2017-06-05,1,8,20,27,30,3,4,211131212,3591742938,2,78,17500
dlt,17063,2017-06-03,18,21,22,24,29,5,11,234932394,3561778733,11,281,17500
dlt,17062,2017-05-31,1,4,6,8,28,8,12,214270896,3602783336,2,57,17500
dlt,17061,2017-05-29,10,19,23,25,30,2,4,208653050,3568226863,1,116,17500
dlt,17060,2017-05-27,9,15,20,26,31,5,12,245007742,3538189538,14,187,17500
dlt,17059,2017-05-24,8,11,13,15,17,3,10,223675219,3607004261,1,116,17500
dlt,17058,2017-05-22,14,18,20,21,28,3,6,215638058,3565690703,8,107,17500
dlt,17057,2017-05-20,12,16,19,23,24,2,5,237458502,3589910730,9,60,17500
dlt,17056,2017-05-17,1,4,24,27,32,3,10,217496898,3623470204,4,51,17500
dlt,17055,2017-05-15,19,20,22,30,33,3,9,213671196,3614943787,2,87,17500
dlt,17054,2017-05-13,16,29,30,32,33,4,5,237276288,3591834048,9,67,17500
dlt,17053,2017-05-10,6,19,20,22,26,1,11,218610023,3625148136,6,76,17500
dlt,17052,2017-05-08,3,19,24,28,33,4,12,218340582,3631157292,4,93,17500
dlt,17051,2017-05-06,14,17,18,22,29,10,11,241560120,3636318978,1,81,17500
dlt,17050,2017-05-03,12,14,17,20,28,2,6,218534565,3589897237,7,47,17500
dlt,17049,2017-05-01,9,12,14,22,31,5,8,202400371,3606049646,11,86,17500
dlt,17048,2017-04-29,7,9,13,15,19,3,10,233285579,3661625450,4,112,17500
dlt,17047,2017-04-26,15,19,32,33,34,9,12,216534177,3664460457,17,61,17500
dlt,17046,2017-04-24,4,17,20,23,30,2,3,214822695,3769992914,7,116,17500
dlt,17045,2017-04-22,1,8,11,21,35,9,12,236182140,3791214185,2,58,17500
dlt,17044,2017-04-19,11,16,17,18,25,2,9,219158986,3753218411,2,66,17500
dlt,17043,2017-04-17,6,13,22,25,35,9,12,189775514,3726032789,2,39,17500
dlt,17042,2017-04-15,2,17,31,33,34,1,7,202920322,3699831558,3,74,17500
dlt,17041,2017-04-12,2,4,6,25,31,5,9,187473970,3696768216,2,34,17500
dlt,17040,2017-04-10,4,6,10,23,29,9,11,183016793,3682847590,5,112,17500
dlt,17039,2017-04-08,5,6,14,17,26,3,8,202116551,3696565737,1,182,17500
dlt,17038,2017-04-05,4,5,13,18,27,3,9,183323685,3670337332,4,63,17500
dlt,17037,2017-04-03,13,15,16,32,34,6,11,172182359,3676610111,0,172,17500
dlt,17036,2017-04-01,1,4,9,18,33,2,5,207193403,3638673625,1,67,17500
dlt,17035,2017-03-29,14,17,22,30,33,7,12,191121882,3606190192,11,143,17500
dlt,17034,2017-03-27,6,12,21,26,29,2,11,188394105,3657628827,2,58,17500
dlt,17033,2017-03-25,15,22,23,25,34,5,11,206676911,3638317243,2,75,17500
dlt,17032,2017-03-22,2,13,14,18,29,3,9,190004398,3612033002,1,33,17500
dlt,17031,2017-03-20,2,16,17,30,32,2,9,185528267,3582956408,5,77,17500
dlt,17030,2017-03-18,21,22,24,29,34,5,6,203209977,3590538407,0,83,17500
dlt,17029,2017-03-15,1,6,14,17,29,1,11,189003450,3541799422,0,59,17500
dlt,17028,2017-03-13,6,18,22,23,33,9,11,185993221,3490596212,3,75,17500
dlt,17027,2017-03-11,8,17,25,33,34,3,11,206383912,3480957577,5,124,17500
dlt,17026,2017-03-08,10,14,19,25,32,2,7,186355566,3483244837,4,34,17500
dlt,17025,2017-03-06,10,16,19,20,34,4,5,183593080,3479144224,2,49,17500
dlt,17024,2017-03-04,21,23,29,32,35,11,12,206593265,3471058022,3,73,17500
dlt,17023,2017-03-01,5,8,12,24,34,7,10,183366943,3455027875,1,97,17500
dlt,17022,2017-02-27,2,3,9,17,24,6,12,188485187,3427151759,0,39,17500
dlt,17021,2017-02-25,1,15,17,20,26,6,8,201103341,3379016481,1,89,17500
dlt,17020,2017-02-22,16,21,24,27,28,4,7,181168570,3350612688,6,117,17500
dlt,17019,2017-02-20,2,6,14,23,25,2,10,182158151,3371542925,11,57,17500
dlt,17018,2017-02-18,6,7,10,17,23,1,9,200875000,3418876151,2,52,17500
dlt,17017,2017-02-15,4,19,24,26,29,4,6,182067186,3392699037,3,70,17500
dlt,17016,2017-02-13,3,13,28,30,33,9,10,181455349,3382818218,3,84,17500
dlt,17015,2017-02-11,1,7,19,27,34,1,2,196382532,3373917243,3,83,17500
dlt,17014,2017-02-08,4,8,15,24,25,2,5,173798704,3358297383,1,68,17500
dlt,17013,2017-02-06,5,12,17,30,34,11,12,176214923,3335198533,1,43,17500
dlt,17012,2017-02-04,4,5,24,26,35,7,12,199177937,3309200241,2,48,17500
dlt,17011,2017-01-25,5,15,21,29,34,6,9,193935932,3296873997,4,57,17500
dlt,17010,2017-01-23,4,10,13,18,35,1,2,185249696,3305544582,7,42,17500
dlt,17009,2017-01-21,5,6,8,12,22,3,4,203513636,3334512408,1,76,17500
dlt,17008,2017-01-18,3,4,9,25,32,2,4,184148162,3299550616,2,48,17500
dlt,17007,2017-01-16,8,11,17,25,27,2,4,185767086,3283292218,3,54,17500
dlt,17006,2017-01-14,4,6,23,32,33,5,6,206891305,3269026898,13,127,17500
dlt,17005,2017-01-11,5,9,20,26,35,2,11,188095935,3313392877,0,72,17500
dlt,17004,2017-01-09,5,8,11,28,31,6,7,186673580,3269100289,4,97,17500
dlt,17003,2017-01-07,3,5,6,13,22,9,12,206276983,3270524644,2,46,17500
dlt,17002,2017-01-04,7,12,14,31,34,9,11,192781724,3252308112,1,112,17500
dlt,17001,2017-01-02,7,9,20,31,33,8,10,186624920,3214884037,8,89,17500
dlt,16154,2016-12-31,6,16,17,21,29,4,6,226398958,3235556086,10,92,17500
dlt,16153,2016-12-28,13,18,25,29,35,3,11,196228015,3271932474,0,59,17500
dlt,16152,2016-12-26,8,17,22,24,30,5,11,194727932,3224085510,3,97,17500
dlt,16151,2016-12-24,4,7,11,14,21,5,12,219111783,3219661079,5,101,17500
dlt,16150,2016-12-21,1,10,18,24,29,7,10,188065956,3229738187,106,2251,17500
dlt,16149,2016-12-19,1,2,3,12,33,4,9,189963373,3816313703,2,96,17500
dlt,16148,2016-12-17,5,14,15,23,25,6,8,210580973,3806985330,3,70,17500
dlt,16147,2016-12-14,7,19,20,28,30,4,12,186538144,3791177687,22,413,17500
dlt,16146,2016-12-12,21,22,25,29,34,1,11,191944792,3915756735,4,56,17500
dlt,16145,2016-12-10,1,9,11,17,28,3,8,209502660,3913126519,4,224,17500
dlt,16144,2016-12-07,4,5,13,22,31,5,10,191810527,3914443711,3,75,17500
dlt,16143,2016-12-05,4,6,22,27,31,6,7,188839857,3904182884,3,59,17500
dlt,16142,2016-12-03,1,6,17,23,26,6,12,208883904,3899078594,1,51,17500
dlt,16141,2016-11-30,2,6,7,19,28,11,12,193465971,3857570669,2,91,17500
dlt,16140,2016-11-28,12,16,23,29,34,4,11,188081802,3845393921,9,121,17500
dlt,16139,2016-11-26,13,21,30,31,35,1,8,200772078,3864958511,1,42,17500
dlt,16138,2016-11-23,12,13,16,29,35,5,11,179140283,3826489199,2,39,17500
dlt,16137,2016-11-21,7,20,23,29,34,2,10,181006344,3807220445,2,63,17500
dlt,16136,2016-11-19,5,6,7,19,23,4,11,204254202,3791740200,2,425,17500
dlt,16135,2016-11-16,1,10,12,18,35,1,12,187947049,3770081323,2,59,17500
dlt,16134,2016-11-14,1,3,31,32,34,2,7,185722161,3741306383,3,53,17500
dlt,16133,2016-11-12,1,4,5,23,28,5,9,203224114,3724999633,4,38,17500
dlt,16132,2016-11-09,4,18,19,22,35,1,2,180524624,3726472243,2,38,17500
dlt,16131,2016-11-07,6,13,25,28,30,2,7,172418049,3705987913,6,89,17500
dlt,16130,2016-11-05,11,23,32,33,34,1,12,200057806,3722891036,10,64,17500
dlt,16129,2016-11-02,7,8,19,30,35,8,9,180262598,3745975912,3,91,17500
dlt,16128,2016-10-31,17,20,22,30,33,7,8,178307590,3742471490,5,87,17500
dlt,16127,2016-10-29,1,5,15,24,26,9,10,192473077,3747064984,2,28,17500
dlt,16126,2016-10-26,11,13,16,19,24,6,8,176733833,3727343868,4,47,17500
dlt,16125,2016-10-24,6,7,8,28,30,1,2,179128075,3727254222,1,76,17500
dlt,16124,2016-10-22,4,13,24,26,29,8,11,191410193,3693174707,0,36,17500
dlt,16123,2016-10-19,4,5,13,20,32,1,10,179976965,3651778795,0,74,17500
dlt,16122,2016-10-17,1,3,12,14,29,2,6,178700027,3603748957,0,39,17500
dlt,16121,2016-10-15,4,5,8,15,20,1,6,196550154,3559509834,5,67,17500
dlt,16120,2016-10-12,3,10,20,32,34,4,7,177521772,3565337019,5,45,17500
dlt,16119,2016-10-10,2,3,9,21,22,5,10,175765163,3569855994,4,98,17500
dlt,16118,2016-10-08,12,15,18,24,29,3,11,195629351,3571935089,2,123,17500
dlt,16117,2016-10-05,3,9,14,16,23,2,9,159626154,3557096623,5,36,17500
dlt,16116,2016-10-03,4,6,8,19,34,10,12,157717027,3566017216,2,22,17500
dlt,16115,2016-10-01,1,4,15,31,34,2,11,188778020,3547923720,0,43,17500
dlt,16114,2016-09-28,16,17,20,32,33,3,7,173340048,3502839877,6,32,17500
dlt,16113,2016-09-26,10,11,17,30,34,3,12,177637883,3515191923,3,56,17500
dlt,16112,2016-09-24,7,22,23,31,32,4,5,199351193,3502750201,1,64,17500
dlt,16111,2016-09-21,4,9,22,26,27,2,12,181731808,3467679525,1,92,17500
dlt,16110,2016-09-19,7,20,21,23,30,7,10,179311987,3442910758,8,72,17500
dlt,16109,2016-09-17,3,25,28,31,34,11,12,193626665,3466514047,2,50,17500
dlt,16108,2016-09-14,10,17,22,23,25,7,9,173106306,3437657318,7,104,17500
dlt,16107,2016-09-12,2,6,19,24,26,4,6,174509999,3462561196,7,44,17500
dlt,16106,2016-09-10,3,21,30,33,35,1,4,191510252,3493879603,6,139,17500
dlt,16105,2016-09-07,8,11,31,34,35,1,2,175645150,3509923337,1,55,17500
dlt,16104,2016-09-05,1,20,22,23,30,6,7,176312231,3475855899,3,46,17500
dlt,16103,2016-09-03,5,14,20,23,29,3,11,196977631,3461843842,3,76,17500
dlt,16102,2016-08-31,3,5,6,34,35,3,12,177794219,3449353717,0,55,17500
dlt,16101,2016-08-29,4,6,28,33,35,7,12,176690621,3405154941,1,24,17500
dlt,16100,2016-08-27,8,12,19,26,30,2,12,194558808,3372470173,1,145,17500
dlt,16099,2016-08-24,3,4,12,14,27,1,5,176499869,3337125371,1,41,17500
dlt,16098,2016-08-22,8,9,11,20,29,4,5,174126611,3309928561,4,101,17500
dlt,16097,2016-08-20,6,8,18,31,33,10,12,194470665,3318516210,1,55,17500
dlt,16096,2016-08-17,1,6,8,12,21,5,10,176201944,3279830818,5,63,17500
dlt,16095,2016-08-15,8,12,18,19,21,3,6,172149445,3296613494,2,93,17500
dlt,16094,2016-08-13,1,14,16,17,18,5,7,193668600,3293149626,7,47,17500
dlt,16093,2016-08-10,1,8,14,30,35,6,7,174774485,3305502727,5,104,17500
dlt,16092,2016-08-08,2,13,31,33,34,7,11,175425164,3311199962,2,44,17500
dlt,16091,2016-08-06,8,13,17,21,22,2,8,194108585,3290154296,3,43,17500
dlt,16090,2016-08-03,4,6,8,28,32,7,12,177705779,3277357768,1,40,17500
dlt,16089,2016-08-01,7,14,17,28,34,7,10,173986818,3245924700,0,57,17500
dlt,16088,2016-07-30,4,6,17,21,30,6,11,191906681,3206441463,1,52,17500
dlt,16087,2016-07-27,3,16,17,23,25,7,9,173941407,3178408229,2,57,17500
dlt,16086,2016-07-25,3,5,22,25,30,7,9,170252092,3165240870,2,45,17500
dlt,16085,2016-07-23,14,15,27,31,32,1,7,188292705,3154382762,47,97,17500
dlt,16084,2016-07-20,8,12,15,26,35,1,8,168397590,3379034576,0,35,17500
dlt,16083,2016-07-18,1,5,9,33,35,1,5,172863465,3337317109,6,87,17500
dlt,16082,2016-07-16,3,8,23,28,29,2,7,189939641,3354316977,6,76,17500
dlt,16081,2016-07-13,6,7,18,21,33,3,8,171324058,3364881401,1,75,17500
dlt,16080,2016-07-11,15,20,29,30,33,7,12,173241722,3336763346,4,54,17500
dlt,16079,2016-07-09,7,14,15,20,27,5,10,192640889,3335784172,2,61,17500
dlt,16078,2016-07-06,7,18,29,31,35,5,11,176031216,3316339129,1,48,17500
dlt,16077,2016-07-04,9,11,14,16,35,2,5,174576074,3290546304,1,24,17500
dlt,16076,2016-07-02,3,8,10,17,31,5,6,196154295,3259813305,4,51,17500
dlt,16075,2016-06-29,3,7,17,22,31,8,12,176883798,3255540118,4,54,17500
dlt,16074,2016-06-27,1,5,7,11,14,3,8,175722061,3253621821,0,29,17500
dlt,16073,2016-06-25,7,14,17,24,27,8,10,194352348,3212539589,9,216,17500
dlt,16072,2016-06-22,16,20,24,26,31,4,9,175717401,3244300482,2,37,17500
dlt,16071,2016-06-20,8,15,19,20,33,7,12,175417801,3228188881,0,85,17500
dlt,16070,2016-06-18,2,9,13,19,23,5,7,197159296,3188361100,2,57,17500
dlt,16069,2016-06-15,14,17,19,23,30,2,9,178476614,3168678368,0,43,17500
dlt,16068,2016-06-13,5,7,22,26,34,7,12,177410817,3130353378,2,73,17500
dlt,16067,2016-06-11,2,8,11,13,19,2,8,193116655,3112353931,7,61,17500
dlt,16066,2016-06-08,10,28,29,31,33,5,11,174801414,3134209189,2,46,17500
dlt,16065,2016-06-06,1,9,18,22,24,11,12,181371568,3110745172,2,38,17500
dlt,16064,2016-06-04,1,2,10,18,35,5,11,203000672,3091375735,1,81,17500
dlt,16063,2016-06-01,8,12,22,27,35,5,9,183210569,3048747028,14,64,17500
dlt,16062,2016-05-30,2,10,14,15,35,1,9,188425995,3132059059,1,68,17500
dlt,16061,2016-05-28,9,15,17,21,23,7,12,215033704,3093759024,3,52,17500
dlt,16060,2016-05-25,2,6,22,27,34,8,11,196515573,3077037661,1,22,17500
dlt,16059,2016-05-23,2,10,27,28,33,5,7,202819144,3043271917,2,61,17500
dlt,16058,2016-05-21,2,15,17,23,28,5,9,229058692,3014713549,4,41,17500
dlt,16057,2016-05-18,8,17,19,23,30,3,8,213023494,3009402657,7,93,17500
dlt,16056,2016-05-16,10,12,14,31,35,4,5,210790992,3032443827,3,86,17500
dlt,16055,2016-05-14,6,21,27,30,34,4,9,226059390,3015190001,1,52,17500
dlt,16054,2016-05-11,2,5,9,21,30,6,7,205932685,2979083994,1,58,17500
dlt,16053,2016-05-09,4,13,15,30,35,3,5,201842185,2944900065,0,36,17500
dlt,16052,2016-05-07,8,14,19,20,33,10,11,223301686,2899026352,3,166,17500
dlt,16051,2016-05-04,16,21,23,24,32,7,8,207454874,2893688412,1,26,17500
dlt,16050,2016-05-02,7,17,21,29,35,4,5,188690604,2861932628,0,41,17500
dlt,16049,2016-04-30,3,4,5,27,33,4,9,225571411,2815398495,3,31,17500
dlt,16048,2016-04-27,4,12,17,25,27,4,10,211943223,2796673004,7,364,17500
dlt,16047,2016-04-25,2,3,23,29,32,5,9,209248189,2818458597,2,63,17500
dlt,16046,2016-04-23,3,19,22,32,34,8,12,234063155,2802250699,1,51,17500
dlt,16045,2016-04-20,7,11,25,30,33,2,8,208877948,2751851987,2,79,17500
dlt,16044,2016-04-18,1,6,10,20,31,5,11,209144746,2741738778,1,38,17500
dlt,16043,2016-04-16,1,9,16,33,34,9,12,228715316,2702567559,2,55,17500
dlt,16042,2016-04-13,2,6,8,19,24,1,6,214155413,2664544915,6,34,17500
dlt,16041,2016-04-11,12,23,24,27,34,3,6,181468695,2665901627,4,57,17500
dlt,16040,2016-04-09,20,22,29,30,35,1,6,195762857,2670147850,2,98,17500
dlt,16039,2016-04-06,1,8,16,22,28,4,5,175964032,2644960121,1,128,17500
dlt,16038,2016-04-04,3,7,9,15,33,5,12,162789486,2619796551,1,28,17500
dlt,16037,2016-04-02,3,5,13,24,34,3,5,190154993,2591557138,4,39,17500
dlt,16036,2016-03-30,7,15,26,30,31,3,6,178303412,2586646951,2,65,17500
dlt,16035,2016-03-28,17,22,24,25,29,9,12,176183863,2569760622,0,33,17500
dlt,16034,2016-03-26,14,18,31,32,35,9,10,196686078,2529363336,3,38,17500
dlt,16033,2016-03-23,3,14,15,31,35,9,10,176664030,2511698040,2,54,17500
dlt,16032,2016-03-21,5,9,14,20,33,5,12,177132305,2493009722,2,57,17500
dlt,16031,2016-03-19,3,14,24,27,29,4,11,199452289,2476910786,3,65,17500
dlt,16030,2016-03-16,10,19,21,29,33,4,6,177689118,2465972725,5,66,17500
dlt,16029,2016-03-14,20,26,27,29,32,5,12,171706268,2479920749,3,46,17500
dlt,16028,2016-03-12,13,18,20,23,31,3,6,189419722,2483217739,2,37,17500
dlt,16027,2016-03-09,6,11,13,15,28,2,6,165730671,2463504249,1,39,17500
dlt,16026,2016-03-07,2,6,29,30,34,1,7,172906063,2437434650,2,33,17500
dlt,16025,2016-03-05,3,6,13,23,24,7,10,189993749,2414488420,7,107,17500
dlt,16024,2016-03-02,1,2,11,15,18,4,8,175020852,2434908381,3,31,17500
dlt,16023,2016-02-29,4,9,14,25,27,6,11,172348704,2423340376,3,37,17500
dlt,16022,2016-02-27,4,18,21,30,35,2,11,189772716,2418520496,5,53,17500
dlt,16021,2016-02-24,1,4,9,10,35,9,11,172707771,2423302041,3,21,17500
dlt,16020,2016-02-22,1,16,22,29,30,2,9,171343959,2413910892,3,45,17500
dlt,16019,2016-02-20,4,11,15,20,26,8,9,190202047,2404067663,4,111,17500
dlt,16018,2016-02-17,5,10,13,27,33,8,11,168872599,2406571046,9,81,17500
dlt,16017,2016-02-15,11,18,24,28,29,5,10,164715457,2435071508,1,32,17500
dlt,16016,2016-02-06,3,10,22,29,32,2,5,219513959,2412371190,0,110,17500
dlt,16015,2016-02-03,1,4,10,13,30,3,9,175834905,2358276843,1,50,17500
dlt,16014,2016-02-01,6,8,21,24,27,2,10,167498517,2336966940,1,37,17500
dlt,16013,2016-01-30,3,21,23,31,35,2,11,196083786,2308385677,4,40,17500
dlt,16012,2016-01-27,5,7,11,23,28,3,12,174347733,2304563180,3,68,17500
dlt,16011,2016-01-25,2,8,10,15,23,5,10,165598768,2299985144,4,48,17500
dlt,16010,2016-01-23,12,13,15,16,28,2,5,186070936,2302754070,6,32,17500
dlt,16009,2016-01-20,5,8,10,17,20,2,12,176511721,2311006265,2,55,17500
dlt,16008,2016-01-18,5,12,31,34,35,4,5,178354713,2298400864,3,76,17500
dlt,16007,2016-01-16,2,5,14,32,35,1,3,202035521,2298709549,0,39,17500
dlt,16006,2016-01-13,14,16,17,22,24,2,9,180497252,2247031342,3,31,17500
dlt,16005,2016-01-11,6,9,12,15,20,8,11,169105644,2246550937,6,123,17500
dlt,16004,2016-01-09,10,20,23,32,35,9,10,191871662,2264943524,1,41,17500
dlt,16003,2016-01-06,4,12,17,22,26,6,7,175147656,2227670567,3,59,17500
dlt,16002,2016-01-04,7,12,18,25,35,7,9,173986996,2228413817,2,91,17500
dlt,16001,2016-01-02,1,7,19,20,30,5,10,191171493,2210663926,0,83,17500
dlt,15153,2015-12-30,1,7,22,27,33,2,11,177341413,2174681996,3,52,17500
dlt,15152,2015-12-28,4,5,22,29,35,2,11,173577818,2169835751,1,34,17500
dlt,15151,2015-12-26,15,16,18,30,35,1,7,197782412,2137475851,2,45,17500
dlt,15150,2015-12-23,4,13,18,25,33,3,7,175439825,2118309429,4,58,17500
dlt,15149,2015-12-21,4,6,10,12,28,2,8,172292839,2120052540,1,41,17500
dlt,15148,2015-12-19,8,11,27,31,33,8,9,186856040,2090620190,3,36,17500
dlt,15147,2015-12-16,1,2,13,18,19,8,10,167621529,2094531807,0,149,17500
dlt,15146,2015-12-14,4,15,19,27,31,4,11,168450253,2058880835,8,62,17500
dlt,15145,2015-12-12,6,7,20,29,32,11,12,186825762,2075176701,0,60,17500
dlt,15144,2015-12-09,1,9,24,26,29,6,11,164903129,2031681187,6,53,17500
dlt,15143,2015-12-07,9,20,31,33,35,10,11,170425278,2047286906,0,38,17500
dlt,15142,2015-12-05,12,14,22,26,30,3,6,178123661,2006518972,1,35,17500
dlt,15141,2015-12-02,2,4,15,19,31,2,3,169075319,1982691329,2,37,17500
dlt,15140,2015-11-30,1,11,15,26,35,6,11,166263824,1964244295,2,40,17500
dlt,15139,2015-11-28,2,3,5,25,32,5,7,183764171,1947298377,3,55,17500
dlt,15138,2015-11-25,1,16,20,29,32,4,7,165225737,1943530802,1,19,17500
dlt,15137,2015-11-23,14,17,21,23,26,8,11,163579669,1912625918,6,163,17500
dlt,15136,2015-11-21,5,20,23,29,32,2,10,183355072,1931606870,0,29,17500
dlt,15135,2015-11-18,5,16,20,25,29,6,8,169937109,1885887140,3,55,17500
dlt,15134,2015-11-16,1,2,6,15,35,4,7,166723168,1888647564,1,44,17500
dlt,15133,2015-11-14,3,7,8,25,30,4,8,183154237,1864412215,2,65,17500
dlt,15132,2015-11-11,3,8,14,18,27,1,5,167451867,1847218046,4,73,17500
dlt,15131,2015-11-09,11,17,19,20,27,2,3,165318307,1859845621,1,34,17500
dlt,15130,2015-11-07,17,25,31,32,34,2,12,180690724,1829288227,0,42,17500
dlt,15129,2015-11-04,1,6,23,25,29,3,9,168098239,1787749312,0,47,17500
dlt,15128,2015-11-02,10,12,23,30,32,3,4,163647991,1745843042,0,58,17500
dlt,15127,2015-10-31,9,11,14,19,30,3,8,177658247,1707307787,2,51,17500
dlt,15126,2015-10-28,4,5,8,9,21,3,6,167281836,1688575292,2,39,17500
dlt,15125,2015-10-26,2,3,15,17,28,8,10,161220270,1676808840,0,66,17500
dlt,15124,2015-10-24,4,6,12,31,32,3,6,178740598,1644462021,1,46,17500
dlt,15123,2015-10-21,4,15,27,29,30,2,10,162261394,1617571033,2,29,17500
dlt,15122,2015-10-19,11,13,15,26,35,6,11,163688001,1598150469,1,36,17500
dlt,15121,2015-10-17,2,4,17,27,28,4,6,183528820,1574025843,1,65,17500
dlt,15120,2015-10-14,1,9,15,24,32,5,10,163693770,1542943366,12,146,17500
dlt,15119,2015-10-12,1,8,12,16,21,6,11,161118237,1612482645,2,73,17500
dlt,15118,2015-10-10,3,7,20,24,31,4,9,179404233,1598506448,1,35,17500
dlt,15117,2015-10-07,6,17,20,30,33,10,11,150716634,1571949674,1,27,17500
dlt,15116,2015-10-05,7,10,19,24,33,3,7,140096862,1546620811,1,107,17500
dlt,15115,2015-10-03,8,12,13,14,16,3,9,156838517,1524904832,2,51,17500
dlt,15114,2015-09-30,9,18,24,31,34,2,10,153812339,1512320825,2,30,17500
dlt,15113,2015-09-28,1,14,21,29,33,2,10,155983901,1491364543,1,55,17500
dlt,15112,2015-09-26,4,5,15,19,28,4,11,173737414,1466183380,12,72,17500
dlt,15111,2015-09-23,7,8,16,24,28,3,10,155902332,1508880896,1,42,17500
dlt,15110,2015-09-21,2,7,10,22,30,7,11,156934105,1495014019,3,78,17500
dlt,15109,2015-09-19,1,6,11,22,31,3,12,175266499,1495720964,1,29,17500
dlt,15108,2015-09-16,1,13,16,26,31,7,12,161998296,1462391575,1,32,17500
dlt,15107,2015-09-14,3,23,25,28,29,6,7,156081037,1433360911,2,72,17500
dlt,15106,2015-09-12,2,11,13,22,30,2,3,177777720,1430870722,3,77,17500
dlt,15105,2015-09-09,8,9,15,21,27,5,9,158749270,1420929062,8,79,17500
dlt,15104,2015-09-07,16,19,25,30,34,4,9,160775788,1456310407,4,33,17500
dlt,15103,2015-09-05,7,9,15,25,34,4,10,171173990,1455105281,4,45,17500
dlt,15102,2015-09-02,11,14,15,33,34,3,12,162086829,1459255310,3,42,17500
dlt,15101,2015-08-31,6,12,17,18,32,7,12,158243139,1449994950,2,60,17500
dlt,15100,2015-08-29,9,15,18,23,32,5,7,178385394,1439790281,0,66,17500
dlt,15099,2015-08-26,9,12,14,22,25,5,10,163494555,1401717848,1,60,17500
dlt,15098,2015-08-24,9,14,21,27,33,6,9,158809204,1376083288,5,123,17500
dlt,15097,2015-08-22,4,16,17,26,27,1,4,177707072,1385860648,11,295,17500
dlt,15096,2015-08-19,3,9,12,18,21,2,6,160650698,1435883288,4,76,17500
dlt,15095,2015-08-17,8,14,26,34,35,5,10,154621807,1440739717,2,51,17500
dlt,15094,2015-08-15,2,3,10,11,29,3,7,173594229,1435245222,5,57,17500
dlt,15093,2015-08-12,16,17,25,26,27,2,4,156928961,1451063553,3,95,17500
dlt,15092,2015-08-10,2,14,21,27,34,5,8,152197701,1451533975,2,41,17500
dlt,15091,2015-08-08,2,7,28,29,30,3,7,169440511,1443881668,12,91,17500
dlt,15090,2015-08-05,6,9,11,17,21,6,8,155099232,1512866237,4,76,17500
dlt,15089,2015-08-03,5,12,18,20,27,10,12,150454358,1518071721,0,59,17500
dlt,15088,2015-08-01,5,15,28,31,34,11,12,169930972,1483412687,2,24,17500
dlt,15087,2015-07-29,2,5,15,17,22,1,11,155740439,1470621295,2,29,17500
dlt,15086,2015-07-27,5,9,11,15,32,4,9,150984971,1464467336,2,51,17500
dlt,15085,2015-07-25,2,3,4,6,16,3,12,170011903,1461889590,1,43,17500
dlt,15084,2015-07-22,10,20,21,32,34,6,7,156104489,1426556903,2,56,17500
dlt,15083,2015-07-20,14,16,19,25,29,10,12,155306617,1413999921,1,28,17500
dlt,15082,2015-07-18,8,15,28,31,33,3,6,171399172,1386721781,0,73,17500
dlt,15081,2015-07-15,3,4,10,13,17,5,9,156405464,1354908004,3,28,17500
dlt,15080,2015-07-13,14,20,29,30,32,3,8,153920898,1350821094,19,107,17500
dlt,15079,2015-07-11,1,9,17,23,24,4,5,171422165,1449582407,2,43,17500
dlt,15078,2015-07-08,19,24,26,28,33,1,2,161483265,1439120707,1,31,17500
dlt,15077,2015-07-06,1,16,17,22,28,2,9,157870045,1410707518,3,68,17500
dlt,15076,2015-07-04,3,19,21,31,34,5,12,177379432,1407154321,3,35,17500
dlt,15075,2015-07-01,13,14,26,27,33,10,12,160238358,1400549959,1,28,17500
dlt,15074,2015-06-29,1,12,21,27,33,4,9,160608454,1369791223,0,26,17500
dlt,15073,2015-06-27,9,26,27,30,34,1,6,179205990,1328502863,4,43,17500
dlt,15072,2015-06-24,19,20,21,31,33,9,10,171587332,1329421453,18,255,17500
dlt,15071,2015-06-22,4,6,13,16,34,4,10,163767077,1431495361,2,58,17500
dlt,15070,2015-06-20,3,9,12,17,18,4,12,182602893,1414660916,1,56,17500
dlt,15069,2015-06-17,2,9,11,22,25,1,7,169115808,1381432966,7,120,17500
dlt,15068,2015-06-15,2,3,20,31,35,4,8,169586611,1402288984,3,27,17500
dlt,15067,2015-06-13,4,10,18,24,27,4,11,188803797,1393017834,7,87,17500
dlt,15066,2015-06-10,1,3,7,13,29,2,10,174501895,1407746553,1,35,17500
dlt,15065,2015-06-08,4,5,7,13,35,8,11,168372417,1371749617,2,48,17500
dlt,15064,2015-06-06,2,8,20,28,31,7,10,186654146,1358857647,3,64,17500
dlt,15063,2015-06-03,1,4,6,34,35,2,4,173199270,1355424220,0,40,17500
dlt,15062,2015-06-01,6,7,13,14,15,1,4,167993435,1309316213,1,62,17500
dlt,15061,2015-05-30,6,7,8,16,22,2,10,188282124,1275356607,5,66,17500
dlt,15060,2015-05-27,16,24,25,26,33,4,11,177925335,1281829945,7,64,17500
dlt,15059,2015-05-25,7,9,19,23,32,1,3,171661517,1297185227,1,69,17500
dlt,15058,2015-05-23,10,14,20,27,30,7,12,191940346,1272415378,1,33,17500
dlt,15057,2015-05-20,1,5,7,14,26,4,6,178811732,1239297755,0,39,17500
dlt,15056,2015-05-18,6,12,19,26,35,3,10,175035185,1203143440,5,45,17500
dlt,15055,2015-05-16,6,11,14,20,30,5,10,193677838,1210286220,9,90,17500
dlt,15054,2015-05-13,2,9,15,24,34,3,9,184055388,1245292482,7,100,17500
dlt,15053,2015-05-11,8,25,28,29,32,4,7,172582965,1268085740,3,65,17500
dlt,15052,2015-05-09,13,19,24,27,29,7,8,196811203,1265334320,1,78,17500
dlt,15051,2015-05-06,1,2,11,16,21,1,5,185896288,1237114602,2,88,17500
dlt,15050,2015-05-04,6,7,10,20,28,2,7,161208064,1214317771,3,232,17500
dlt,15049,2015-05-02,8,9,11,15,22,8,10,167521507,1215002201,2,45,17500
dlt,15048,2015-04-29,10,11,22,24,33,2,9,160313095,1201607522,4,42,17500
dlt,15047,2015-04-27,1,2,17,23,31,5,12,161867018,1209162913,2,80,17500
dlt,15046,2015-04-25,5,7,10,22,26,4,10,176335782,1197238200,9,146,17500
dlt,15045,2015-04-22,8,9,22,29,30,8,12,163552645,1236261155,3,197,17500
dlt,15044,2015-04-20,16,18,27,31,33,1,3,160136919,1236933448,0,63,17500
dlt,15043,2015-04-18,2,20,22,25,29,2,7,179164202,1201450734,2,38,17500
dlt,15042,2015-04-15,3,7,12,17,24,2,11,160724766,1178648370,5,74,17500
dlt,15041,2015-04-13,1,11,21,23,28,1,10,157324325,1189775444,21,149,17500
dlt,15040,2015-04-11,2,9,10,23,35,9,12,174893028,1338069698,1,55,17500
dlt,15039,2015-04-08,3,6,7,16,25,1,6,156374573,1310555606,0,46,17500
dlt,15038,2015-04-06,12,19,22,31,35,7,8,144104641,1275685338,2,65,17500
dlt,15037,2015-04-04,10,16,21,28,31,7,8,166837072,1266667677,2,74,17500
dlt,15036,2015-04-01,14,18,20,23,24,4,8,154432386,1251569256,1,32,17500
dlt,15035,2015-03-30,22,24,29,30,35,1,10,158651414,1230022010,2,88,17500
dlt,15034,2015-03-28,4,8,15,18,26,5,9,177041373,1218836194,5,73,17500
dlt,15033,2015-03-25,3,17,22,26,28,3,7,157398348,1226652726,0,44,17500
dlt,15032,2015-03-23,6,21,25,27,30,7,11,154307257,1196045799,2,62,17500
dlt,15031,2015-03-21,7,21,29,32,33,4,12,174951434,1185204347,3,60,17500
dlt,15030,2015-03-18,9,18,19,26,31,2,5,155910978,1177191244,1,76,17500
dlt,15029,2015-03-16,7,10,19,30,35,3,5,156821118,1156201713,0,74,17500
dlt,15028,2015-03-14,3,9,28,32,33,9,10,168916049,1125436730,4,107,17500
dlt,15027,2015-03-11,5,21,22,25,28,3,10,152329023,1132469279,1,48,17500
dlt,15026,2015-03-09,11,13,14,15,22,2,8,148668212,1108175348,6,37,17500
dlt,15025,2015-03-07,7,10,20,22,27,10,11,165356211,1127093621,2,57,17500
dlt,15024,2015-03-04,2,6,8,16,34,3,4,145281488,1110363550,0,26,17500
dlt,15023,2015-03-02,6,9,11,12,22,3,11,145197189,1075234387,1,83,17500
dlt,15022,2015-02-28,9,11,14,15,26,11,12,175842569,1052353522,0,33,17500
dlt,15021,2015-02-25,22,23,24,26,31,5,6,154390777,1011148456,0,43,17500
dlt,15020,2015-02-16,11,26,28,29,32,1,4,179938437,975106845,21,49,17500
dlt,15019,2015-02-14,2,8,16,22,24,1,3,202001607,1056985003,1,49,17500
dlt,15018,2015-02-11,4,7,10,23,31,3,7,183587012,1013044052,1,113,17500
dlt,15017,2015-02-09,7,13,16,17,29,1,7,178974941,980636543,1,75,17500
dlt,15016,2015-02-07,6,7,16,20,34,9,11,208262620,949403008,0,164,17500
dlt,15015,2015-02-04,1,5,13,17,32,4,11,181763862,901055602,8,79,17500
dlt,15014,2015-02-02,8,16,25,29,35,3,10,181227543,934144755,3,50,17500
dlt,15013,2015-01-31,11,15,25,28,35,7,10,197604688,922796421,0,40,17500
dlt,15012,2015-01-28,3,4,6,11,31,5,9,175210148,877629027,2,41,17500
dlt,15011,2015-01-26,4,13,22,25,30,1,6,181219178,867227273,16,186,17500
dlt,15010,2015-01-24,2,6,17,30,35,2,7,208415367,922553782,1,58,17500
dlt,15009,2015-01-21,17,22,26,27,33,6,10,188166127,885966276,0,55,17500
dlt,15008,2015-01-19,7,10,11,15,17,3,10,187348140,838917495,54,88,17500
dlt,15007,2015-01-17,2,7,8,14,31,4,8,207134099,1084804698,2,98,17500
dlt,15006,2015-01-14,6,8,30,32,33,3,7,187375191,1061791325,2,64,17500
dlt,15005,2015-01-12,11,14,15,18,19,7,8,187061405,1056022676,6,69,17500
dlt,15004,2015-01-10,3,12,14,18,28,5,6,211045780,1063303937,3,40,17500
dlt,15003,2015-01-07,12,19,27,28,34,1,12,192816707,1058932056,8,59,17500
dlt,15002,2015-01-05,3,14,20,26,32,6,10,194417743,1092064321,3,90,17500
dlt,15001,2015-01-03,8,9,19,27,30,6,7,216525466,1084864825,11,153,17500
dlt,14154,2014-12-31,5,12,17,23,28,2,9,206102484,1135404076,14,109,17500
dlt,14153,2014-12-29,1,8,13,24,32,5,10,197278961,1212140454,4,68,17500
dlt,14152,2014-12-27,5,12,18,24,33,1,5,220548247,1211422140,3,126,17500
dlt,14151,2014-12-24,3,8,26,31,32,8,12,200426121,1192625943,7,78,17500
dlt,14150,2014-12-22,19,21,30,33,35,5,7,199620079,1211404301,6,67,17500
dlt,14149,2014-12-20,2,13,19,26,35,1,5,223525491,1234346541,23,85,17500
dlt,14148,2014-12-17,3,9,10,11,20,7,9,199263390,1326828262,4,146,17500
dlt,14147,2014-12-15,5,9,14,26,34,2,9,203455020,1324845582,9,58,17500
dlt,14146,2014-12-13,2,16,23,24,28,10,11,254595224,1361277737,2,197,17500
dlt,14145,2014-12-10,15,19,22,24,26,10,11,200399143,1321185915,2,40,17500
dlt,14144,2014-12-08,1,21,24,25,35,4,11,199169295,1290463839,0,39,17500
dlt,14143,2014-12-06,1,11,14,18,25,6,10,223887126,1241070437,3,66,17500
dlt,14142,2014-12-03,18,21,25,28,30,4,6,200197897,1213685929,10,107,17500
dlt,14141,2014-12-01,4,17,20,26,29,5,8,201721661,1244535901,5,61,17500
dlt,14140,2014-11-29,1,19,20,25,34,7,12,228862423,1251566141,1,43,17500
dlt,14139,2014-11-26,3,5,7,15,34,1,10,206237565,1200995750,3,33,17500
dlt,14138,2014-11-24,1,7,29,32,34,9,12,204150642,1185612824,4,25,17500
dlt,14137,2014-11-22,2,11,16,22,34,2,5,228889406,1178643374,2,53,17500
dlt,14136,2014-11-19,4,18,20,34,35,7,11,210035293,1154305279,9,77,17500
dlt,14135,2014-11-17,20,26,28,30,35,9,12,207091316,1191956659,2,38,17500
dlt,14134,2014-11-15,2,5,7,11,32,9,12,231332680,1157903994,2,43,17500
dlt,14133,2014-11-12,2,8,12,14,18,4,12,210539527,1125548895,2,250,17500
dlt,14132,2014-11-10,1,3,4,19,32,1,7,207042551,1103993932,2,26,17500
dlt,14131,2014-11-08,3,16,19,23,27,3,7,229525923,1070373608,2,222,17500
dlt,14130,2014-11-05,2,18,31,32,33,5,7,204087496,1047946346,3,65,17500
dlt,14129,2014-11-03,7,22,28,30,32,5,6,203647528,1043803747,1,44,17500
dlt,14128,2014-11-01,2,4,16,22,34,8,11,213457949,1012105455,2,52,17500
dlt,14127,2014-10-29,2,4,6,15,19,2,11,191283997,980248197,3,28,17500
dlt,14126,2014-10-27,2,9,22,30,34,9,10,188290135,973284763,1,37,17500
dlt,14125,2014-10-25,12,15,19,23,31,4,10,209429406,941910615,2,114,17500
dlt,14124,2014-10-22,1,3,28,29,35,8,12,188069407,926501357,4,27,17500
dlt,14123,2014-10-20,1,9,12,22,25,2,9,185788357,926243050,3,34,17500
dlt,14122,2014-10-18,3,10,25,26,35,1,7,210987138,922321109,2,83,17500
dlt,14121,2014-10-15,13,16,18,22,32,8,10,189841132,903584105,3,64,17500
dlt,14120,2014-10-13,1,4,6,18,33,5,11,177861722,901617720,2,27,17500
dlt,14119,2014-10-11,4,8,9,13,18,8,12,199847525,876616071,1,91,17500
dlt,14118,2014-10-08,2,3,23,24,26,5,11,177771292,848491203,0,33,17500
dlt,14117,2014-10-06,3,14,17,18,33,6,9,158204520,806936584,2,45,17500
dlt,14116,2014-10-04,6,13,15,24,27,4,5,165743086,797914592,1,63,17500
dlt,14115,2014-10-01,1,5,26,29,30,2,10,149573879,770028734,2,47,17500
dlt,14114,2014-09-29,3,16,24,30,33,5,8,162818645,759165112,4,77,17500
dlt,14113,2014-09-27,2,13,17,19,23,1,6,177747229,770352154,5,57,17500
dlt,14112,2014-09-24,3,5,14,18,32,2,10,161645347,778946120,2,37,17500
dlt,14111,2014-09-22,11,16,18,20,29,3,4,159305669,766059220,0,32,17500
dlt,14110,2014-09-20,9,18,19,22,24,8,11,176071215,729018439,1,57,17500
dlt,14109,2014-09-17,15,18,20,21,23,1,2,160457788,707079547,5,39,17500
dlt,14108,2014-09-15,1,2,13,23,35,9,12,159408053,709422417,1,65,17500
dlt,14107,2014-09-13,5,13,14,21,34,8,10,181325383,691019481,1,53,17500
dlt,14106,2014-09-10,5,9,11,20,22,5,11,162710870,657364184,1,67,17500
dlt,14105,2014-09-08,4,10,26,29,32,4,8,150824984,634577614,2,54,17500
dlt,14104,2014-09-06,7,13,14,28,32,4,11,176198779,621617813,5,63,17500
dlt,14103,2014-09-03,14,20,23,25,26,10,12,159163558,626567022,1,44,17500
dlt,14102,2014-09-01,1,7,14,19,20,3,12,160748402,596966907,3,69,17500
dlt,14101,2014-08-30,9,10,12,17,28,3,11,174450095,595465040,0,88,17500
dlt,14100,2014-08-27,2,4,8,12,35,1,7,162499795,559791030,2,40,17500
dlt,14099,2014-08-25,15,21,22,23,33,1,7,163978997,541306441,3,52,17500
dlt,14098,2014-08-23,16,18,22,25,35,3,10,184527907,529856031,2,45,17500
dlt,14097,2014-08-20,3,15,20,21,23,7,9,169611153,508112843,1,33,17500
dlt,14096,2014-08-18,3,7,21,23,31,5,10,167970220,476575124,8,99,17500
dlt,14095,2014-08-16,6,22,30,31,34,5,6,186569328,508319326,4,44,17500
dlt,14094,2014-08-13,13,14,24,25,34,4,7,168617295,510765155,8,136,17500
dlt,14093,2014-08-11,3,8,30,32,34,9,11,166087704,538115272,0,63,17500
dlt,14092,2014-08-09,2,18,27,30,32,5,11,185657187,498422452,1,36,17500
dlt,14091,2014-08-06,10,16,18,29,32,2,7,171622227,466511258,1,42,17500
dlt,14090,2014-08-04,2,3,20,23,28,6,8,176916628,439724222,60,69,17500
dlt,14089,2014-08-02,2,8,12,29,30,7,12,206285308,897430770,9,119,17500
dlt,14088,2014-07-30,7,13,20,25,26,8,11,183837153,929910085,2,108,17500
dlt,14087,2014-07-28,4,7,31,33,35,9,10,174787404,916892029,1,55,17500
dlt,14086,2014-07-26,6,8,27,29,35,3,9,201555668,886731623,4,57,17500
dlt,14085,2014-07-23,6,12,13,25,29,11,12,178919759,879455090,3,108,17500
dlt,14084,2014-07-21,2,7,9,11,28,5,9,181205445,875765643,7,126,17500
dlt,14083,2014-07-19,18,20,24,33,35,5,10,203993360,892251472,2,83,17500
dlt,14082,2014-07-16,1,8,18,23,25,8,12,181943644,872216864,0,43,17500
dlt,14081,2014-07-14,3,5,8,10,25,9,12,175722160,830154471,0,43,17500
dlt,14080,2014-07-12,17,20,23,25,27,3,10,193958265,792428610,3,49,17500
dlt,14079,2014-07-09,9,10,20,31,32,6,10,173530979,783615300,3,64,17500
dlt,14078,2014-07-07,10,15,16,22,28,4,5,173079920,778417883,3,73,17500
dlt,14077,2014-07-05,9,16,26,31,32,1,5,192620156,765404764,3,55,17500
dlt,14076,2014-07-02,5,10,19,31,32,9,10,178230857,760644298,1,81,17500
dlt,14075,2014-06-30,5,7,29,32,35,4,10,179024552,729191341,7,55,17500
dlt,14074,2014-06-28,6,11,22,27,30,5,11,198134948,750501664,2,104,17500
dlt,14073,2014-06-25,4,5,7,13,35,5,6,179054580,729295547,3,121,17500
dlt,14072,2014-06-23,17,19,22,24,30,2,9,168821103,727466021,1,27,17500
dlt,14071,2014-06-21,4,14,15,22,23,1,7,185954083,696804568,1,43,17500
dlt,14070,2014-06-18,1,2,7,10,32,4,12,167714687,669821040,2,57,17500
dlt,14069,2014-06-16,16,22,27,29,31,2,9,165688178,658384418,2,26,17500
dlt,14068,2014-06-14,5,15,24,29,35,5,6,183812242,648506595,3,91,17500
dlt,14067,2014-06-11,3,18,23,24,31,3,7,169829052,642565242,1,27,17500
dlt,14066,2014-06-09,8,14,16,20,31,3,11,171159701,609851883,2,34,17500
dlt,14065,2014-06-07,7,12,19,31,33,7,12,189856995,593113888,5,54,17500
dlt,14064,2014-06-04,8,15,33,34,35,1,8,175438349,605400258,3,168,17500
dlt,14063,2014-06-02,11,17,21,23,34,3,4,149422759,603289864,1,28,17500
dlt,14062,2014-05-31,4,7,17,24,25,2,4,171910477,576508734,0,48,17500
dlt,14061,2014-05-28,4,11,17,20,29,6,10,157379650,530528894,1,48,17500
dlt,14060,2014-05-26,12,22,29,30,34,5,11,155476267,508335617,2,50,17500
dlt,14059,2014-05-24,7,15,17,25,29,4,11,172487834,499050363,6,89,17500
dlt,14058,2014-05-21,9,15,22,24,26,2,7,156588831,514062616,3,63,17500
dlt,14057,2014-05-19,8,10,20,27,33,1,9,158049101,513584094,4,40,17500
dlt,14056,2014-05-17,12,18,28,29,35,7,8,170156653,518055775,1,61,17500
dlt,14055,2014-05-14,4,23,26,27,35,10,11,151250601,497660787,1,75,17500
dlt,14054,2014-05-12,2,3,20,25,34,1,12,150534284,479762955,2,72,17500
dlt,14053,2014-05-10,2,11,17,27,30,3,4,163362645,465963587,2,56,17500
dlt,14052,2014-05-07,14,19,21,24,30,2,7,148553518,448239242,1,25,17500
dlt,14051,2014-05-05,1,7,11,29,30,3,11,141385481,426593556,6,62,17500
dlt,14050,2014-05-03,10,18,27,28,35,1,6,143454855,449771795,1,24,17500
dlt,14049,2014-04-30,3,15,17,22,31,3,5,129357113,427750617,1,34,17500
dlt,14048,2014-04-28,1,2,5,15,35,1,11,132476146,410032886,2,24,17500
dlt,14047,2014-04-26,6,17,18,30,34,6,12,139568509,404566567,1,54,17500
dlt,14046,2014-04-23,3,15,18,21,26,1,6,127230354,387964150,1,22,17500
dlt,14045,2014-04-21,6,10,12,16,30,2,11,124470129,376989546,1,33,17500
dlt,14044,2014-04-19,22,23,25,27,35,3,11,136866302,358093528,2,45,17500
dlt,14043,2014-04-16,1,11,23,29,30,1,12,126802014,347321907,0,57,17500
dlt,14042,2014-04-14,16,21,25,27,35,6,11,126547122,319726297,4,33,17500
dlt,14041,2014-04-12,5,7,11,15,18,5,12,139292056,325477040,2,37,17500
dlt,14040,2014-04-09,12,15,21,30,33,2,8,127871621,320311146,2,29,17500
dlt,14039,2014-04-07,2,5,11,15,20,8,11,122285750,316737417,0,32,17500
dlt,14038,2014-04-05,7,8,12,20,32,3,5,130841888,290675013,3,46,17500
dlt,14037,2014-04-02,3,4,8,19,34,2,4,124476686,294858966,2,45,17500
dlt,14036,2014-03-31,1,2,12,17,29,3,8,124665987,293099516,3,33,17500
dlt,14035,2014-03-29,9,12,14,28,29,3,10,138292718,291041521,3,71,17500
dlt,14034,2014-03-26,3,11,14,27,32,5,7,126684339,294040655,6,143,17500
dlt,14033,2014-03-24,1,7,8,28,29,4,8,126213215,313921770,2,121,17500
dlt,14032,2014-03-22,2,5,6,9,31,2,9,139487493,313118209,1,41,17500
dlt,14031,2014-03-19,6,15,27,32,33,3,4,124711221,298257838,2,151,17500
dlt,14030,2014-03-17,3,14,18,29,35,11,12,128331774,299990119,3,20,17500
dlt,14029,2014-03-15,3,21,22,23,35,5,9,143829382,302523173,6,87,17500
dlt,14028,2014-03-12,3,10,20,25,30,10,12,129511240,323066741,1,38,17500
dlt,14027,2014-03-10,9,10,24,28,29,10,12,129519796,313884979,3,49,17500
dlt,14026,2014-03-08,5,10,12,15,26,4,8,139988871,318035173,0,91,17500
dlt,14025,2014-03-05,19,20,27,32,34,6,8,128550281,292317488,3,49,17500
dlt,14024,2014-03-03,7,11,15,31,32,6,11,129953991,297992483,4,32,17500
dlt,14023,2014-03-01,4,13,15,29,33,5,9,141829576,306189144,4,105,17500
dlt,14022,2014-02-26,3,6,10,16,25,10,11,130079120,325669431,1,29,17500
dlt,14021,2014-02-24,6,10,17,23,24,3,9,128569953,309059701,4,39,17500
dlt,14020,2014-02-22,1,14,17,30,35,6,7,142178440,322855712,2,37,17500
dlt,14019,2014-02-19,7,12,22,29,32,11,12,127761746,316455971,2,70,17500
dlt,14018,2014-02-17,8,9,12,28,34,2,12,121704224,317846981,0,41,17500
dlt,14017,2014-02-15,5,10,11,23,34,1,10,136657269,295873500,5,31,17500
dlt,14016,2014-02-12,4,6,13,24,34,4,9,123079546,312409622,8,21,17500
dlt,14015,2014-02-10,4,6,18,20,30,5,7,118668684,336487176,1,40,17500
dlt,14014,2014-02-08,1,9,11,27,29,3,11,130439909,325125162,2,42,17500
dlt,14013,2014-01-29,10,11,13,22,28,4,12,137312298,324041671,1,91,17500
dlt,14012,2014-01-27,9,20,21,23,29,5,7,126548654,308985857,1,64,17500
dlt,14011,2014-01-25,4,6,14,24,35,7,12,138131180,305399026,1,26,17500
dlt,14010,2014-01-22,5,10,20,26,27,1,3,126731854,289164215,2,42,17500
dlt,14009,2014-01-20,10,18,25,29,33,7,8,123676782,277824746,2,125,17500
dlt,14008,2014-01-18,11,13,20,28,35,1,5,137668320,282150599,1,29,17500
dlt,14007,2014-01-15,8,11,14,21,32,3,11,123439275,263085157,5,99,17500
dlt,14006,2014-01-13,1,4,7,16,35,6,8,119059472,279505469,0,29,17500
dlt,14005,2014-01-11,15,17,18,29,33,4,8,132360353,251264064,4,38,17500
dlt,14004,2014-01-08,7,10,19,27,28,9,12,121043337,259377488,2,60,17500
dlt,14003,2014-01-06,7,11,13,21,33,5,6,121231014,262749156,2,41,17500
dlt,14002,2014-01-04,1,12,21,24,29,1,7,134448795,265231194,1,49,17500
dlt,14001,2014-01-01,5,13,20,23,29,8,11,120984608,245814203,1,51,17500
dlt,13153,2013-12-30,4,5,16,17,30,3,9,120218297,235568607,0,35,17500
dlt,13152,2013-12-28,9,12,14,18,19,3,9,129948961,208662004,5,26,17500
dlt,13151,2013-12-25,2,13,21,27,30,3,4,115202750,218469468,0,33,17500
dlt,13150,2013-12-23,6,7,14,18,22,8,11,110252541,195421794,1,19,17500
dlt,13149,2013-12-21,6,7,8,9,13,5,7,121299463,180873480,2,37,17500
dlt,13148,2013-12-18,2,5,9,29,32,3,7,110251832,177610569,1,26,17500
dlt,13147,2013-12-16,3,9,22,24,25,5,9,106840083,171377233,2,23,17500
dlt,13146,2013-12-14,6,7,15,25,31,1,9,120844765,168244721,1,48,17500
dlt,13145,2013-12-11,2,13,15,18,20,2,11,110223270,153157780,0,29,17500
dlt,13144,2013-12-09,3,20,21,23,35,2,8,110147338,128088241,1,14,17500
dlt,13143,2013-12-07,3,8,14,21,31,6,8,121306535,118184260,2,41,17500
dlt,13142,2013-12-04,6,11,25,28,29,4,12,111067962,115535221,1,50,17500
dlt,13141,2013-12-02,5,15,18,25,31,8,10,107596104,111701804,0,44,17500
dlt,13140,2013-11-30,1,12,17,26,28,1,6,116980853,91556766,4,49,17500
dlt,13139,2013-11-27,5,6,18,20,31,6,7,108440465,82963265,3,33,17500
dlt,13138,2013-11-25,3,8,13,17,24,7,9,109150434,81149879,14,303,17500
dlt,13137,2013-11-23,4,12,32,33,34,6,8,122455002,152139878,2,79,17500
dlt,13136,2013-11-20,5,11,15,25,28,5,11,111309765,154167079,4,53,17500
dlt,13135,2013-11-18,4,13,19,25,26,7,12,107973516,171612098,0,32,17500
dlt,13134,2013-11-16,2,13,19,23,32,2,9,117471260,148480349,0,38,17500
dlt,13133,2013-11-13,2,8,10,16,17,9,12,109127259,122965280,1,17,17500
dlt,13132,2013-11-11,23,26,28,31,34,2,10,106761393,105675073,4,57,17500
dlt,13131,2013-11-09,12,15,29,30,31,4,12,117449499,116854488,0,54,17500
dlt,13130,2013-11-06,8,9,15,19,30,6,9,109732548,95469948,3,51,17500
dlt,13129,2013-11-04,11,23,29,30,33,1,4,108505512,103338276,3,56,17500
dlt,13128,2013-11-02,11,13,27,33,35,1,2,120450087,113183371,10,150,17500
dlt,13127,2013-10-30,3,14,16,19,32,5,10,110020727,165583037,3,42,17500
dlt,13126,2013-10-28,9,10,15,18,30,3,6,109378334,172845865,3,39,17500
dlt,13125,2013-10-26,4,8,14,23,28,4,8,119978991,178104632,6,64,17500
dlt,13124,2013-10-23,5,7,18,21,32,10,11,110782997,207891533,1,43,17500
dlt,13123,2013-10-21,2,9,10,33,34,5,12,106562135,201386997,0,28,17500
dlt,13122,2013-10-19,15,17,20,24,35,4,12,114607447,183742526,1,19,17500
dlt,13121,2013-10-16,3,18,19,20,24,3,12,107502799,167954219,2,26,17500
dlt,13120,2013-10-14,6,14,15,22,26,3,11,103379902,167252806,0,13,17500
dlt,13119,2013-10-12,1,2,16,23,35,1,11,114833494,144276439,1,32,17500
dlt,13118,2013-10-09,4,6,11,20,31,1,5,102403342,124989788,1,30,17500
dlt,13117,2013-10-07,5,16,23,25,33,7,12,94444889,112954194,1,22,17500
dlt,13116,2013-10-05,13,22,23,30,33,9,11,106157155,97540922,1,45,17500
dlt,13115,2013-10-02,5,16,29,32,34,4,11,90887232,87253881,9,166,17500
dlt,13114,2013-09-30,6,17,21,23,33,1,9,101049414,135253881,6,511,17500
dlt,13113,2013-09-28,19,21,23,28,30,8,12,114354307,154688007,4,161,17500
dlt,13112,2013-09-25,2,10,20,22,29,5,12,102958306,164634801,1,25,17500
dlt,13111,2013-09-23,7,12,13,20,27,1,3,102613684,151209447,1,81,17500
dlt,13110,2013-09-21,7,16,18,32,33,2,7,110067240,149035335,2,28,17500
dlt,13109,2013-09-18,13,20,26,29,32,2,6,99337442,145869127,1,24,17500
dlt,13108,2013-09-16,5,10,13,15,18,2,11,98043296,134193271,0,22,17500
dlt,13107,2013-09-14,7,13,14,18,25,5,12,103336022,111070403,0,26,17500
dlt,13106,2013-09-11,6,7,12,13,27,3,12,96682691,88399110,1,40,17500
dlt,13105,2013-09-09,7,13,27,30,34,1,12,95015234,73054761,1,33,17500
dlt,13104,2013-09-07,2,5,11,27,29,1,11,103746815,61624635,0,29,17500
dlt,13103,2013-09-04,5,8,13,16,31,3,9,94510010,37443844,3,59,17500
dlt,13102,2013-09-02,6,12,15,19,26,2,11,90509576,36350423,0,21,17500
dlt,13101,2013-08-31,4,9,13,15,32,2,9,99608666,14743158,2,22,17500
dlt,13100,2013-08-28,9,12,24,26,30,5,9,91302467,6402825,3,39,17500
dlt,13099,2013-08-26,4,11,28,30,33,5,12,90552001,12009973,4,73,17500
dlt,13098,2013-08-24,2,6,16,29,34,10,11,96508845,35352220,2,52,17500
dlt,13097,2013-08-21,7,8,13,17,32,3,8,87209004,28216869,1,16,17500
dlt,13096,2013-08-19,17,19,20,22,26,6,8,82602563,19111160,0,24,17500
dlt,13095,2013-08-17,3,17,28,30,33,1,10,85079922,642661,3,24,17500
dlt,13094,2013-08-14,3,28,33,34,35,6,9,89359971,0,10,271,17500
dlt,13093,2013-08-12,1,5,17,18,26,5,7,91058614,0,6,59,17500
dlt,13092,2013-08-10,7,10,21,27,33,3,9,100655848,0,4,64,17500
dlt,13091,2013-08-07,4,9,28,34,35,2,8,94094638,0,7,130,17500
dlt,13090,2013-08-05,2,26,30,31,33,11,12,93663331,5263955,2,39,17500
dlt,13089,2013-08-03,6,7,23,24,29,4,11,103107680,2846241,3,39,17500
dlt,13088,2013-07-31,3,5,8,33,35,1,3,101099585,0,37,197,17500
dlt,13087,2013-07-29,9,12,22,32,34,2,4,102329273,42617129,1,23,17500
dlt,13086,2013-07-27,9,16,26,29,31,6,9,118005920,28968747,16,83,17500
dlt,13085,2013-07-24,8,19,23,27,32,3,5,109057485,98643241,3,65,17500
dlt,13084,2013-07-22,8,22,26,29,35,1,5,109893917,105974540,0,31,17500
dlt,13083,2013-07-20,26,29,30,32,35,4,10,123762556,86994313,14,345,17500
dlt,13082,2013-07-17,3,9,25,26,33,3,12,112633760,171994313,0,30,17500
dlt,13081,2013-07-15,7,9,15,17,23,2,7,115556938,150300415,1,34,17500
dlt,13080,2013-07-13,6,21,23,27,31,4,6,121739755,132673164,0,27,17500
dlt,13079,2013-07-10,9,10,17,21,34,1,7,111146788,106225828,2,81,17500
dlt,13078,2013-07-08,2,7,23,31,33,2,8,110464206,104883662,2,29,17500
dlt,13077,2013-07-06,24,26,30,32,35,6,12,121705850,103028044,3,61,17500
dlt,13076,2013-07-03,13,15,16,26,27,9,10,110287003,106302568,3,34,17500
dlt,13075,2013-07-01,1,11,13,19,35,7,8,111388586,111311262,2,28,17500
dlt,13074,2013-06-29,6,14,20,24,32,1,7,124113767,112228527,3,63,17500
dlt,13073,2013-06-26,3,5,23,27,31,2,6,116689022,124925587,3,34,17500
dlt,13072,2013-06-24,12,27,28,33,35,3,5,115290338,131224965,7,159,17500
dlt,13071,2013-06-22,13,19,26,27,28,3,11,129186697,170320645,3,77,17500
dlt,13070,2013-06-19,9,12,18,21,29,1,8,113538678,172138704,1,75,17500
dlt,13069,2013-06-17,6,12,13,16,30,7,12,112197585,165804899,1,41,17500
dlt,13068,2013-06-15,10,17,27,34,35,5,7,123220775,151050094,5,73,17500
dlt,13067,2013-06-12,2,3,5,8,29,10,12,105168115,168117873,3,17,17500
dlt,13066,2013-06-10,6,7,13,33,34,2,11,108172336,173469085,1,55,17500
dlt,13065,2013-06-08,9,28,31,34,35,2,9,123733625,164666357,1,284,17500
dlt,13064,2013-06-05,21,24,26,28,32,1,3,109225079,159171307,1,21,17500
dlt,13063,2013-06-03,3,5,11,27,28,5,6,108064818,146067573,1,25,17500
dlt,13062,2013-06-01,1,5,8,9,12,9,12,123085059,133663835,5,36,17500
dlt,13061,2013-05-29,1,14,18,21,32,5,10,104825840,142690976,0,18,17500
dlt,13060,2013-05-27,15,25,26,32,35,5,10,97754407,116219946,7,57,17500
dlt,13059,2013-05-25,3,8,11,24,27,7,12,107444050,148773878,0,42,17500
dlt,13058,2013-05-22,20,21,27,31,35,7,11,97754407,116219946,2,27,17500
dlt,13057,2013-05-20,7,15,27,33,35,7,10,95419334,123030080,0,22,17500
dlt,13056,2013-05-18,11,22,30,32,35,3,4,106923534,106703983,2,59,17500
dlt,13055,2013-05-15,4,5,22,23,24,3,9,97894933,107162071,3,35,17500
dlt,13054,2013-05-13,5,8,21,30,32,1,8,97491675,114882950,4,23,17500
dlt,13053,2013-05-11,13,31,33,34,35,5,7,107125902,123304395,8,231,17500
dlt,13052,2013-05-08,1,2,10,29,31,1,10,99005450,166304395,6,52,17500
dlt,13051,2013-05-06,5,8,15,18,33,7,8,101017433,189058365,1,46,17500
dlt,13050,2013-05-04,14,22,30,32,33,7,8,108845242,183101262,2,56,17500
dlt,13049,2013-05-01,18,22,25,31,32,4,6,90270660,185855837,1,38,17500
dlt,13048,2013-04-29,10,11,23,32,33,1,4,93439302,180774662,7,43,17500
dlt,13047,2013-04-27,12,20,28,30,35,3,11,108924465,228283036,0,25,17500
dlt,13046,2013-04-24,15,16,19,25,32,5,11,98130483,207466383,0,28,17500
dlt,13045,2013-04-22,8,11,12,21,25,2,7,98754178,186295531,3,41,17500
dlt,13044,2013-04-20,7,11,13,18,28,5,10,108144031,192471304,2,29,17500
dlt,13043,2013-04-17,7,13,25,34,35,7,9,100358246,192316919,2,30,17500
dlt,13042,2013-04-15,2,6,22,23,33,1,6,98411504,200479790,2,28,17500
dlt,13041,2013-04-13,3,13,14,15,34,5,8,108882630,198017788,3,81,17500
dlt,13040,2013-04-10,16,17,22,26,35,3,10,98544111,205633582,1,12,17500
dlt,13039,2013-04-08,6,23,30,33,35,7,10,96554089,192846712,0,42,17500
dlt,13038,2013-04-06,1,19,24,25,26,7,9,103728759,180313811,0,28,17500
dlt,13037,2013-04-03,2,26,31,32,34,6,8,93728141,159171880,1,40,17500
dlt,13036,2013-04-01,8,12,32,33,35,3,5,94764559,158595131,1,40,17500
dlt,13035,2013-03-30,5,14,28,32,34,7,8,105886815,157137514,6,34,17500
dlt,13034,2013-03-27,1,3,11,19,29,4,8,98117695,175024647,3,23,17500
dlt,13033,2013-03-25,12,18,22,28,31,1,11,94424531,183084465,0,16,17500
dlt,13032,2013-03-23,12,27,28,33,35,1,8,101795038,159896906,1,35,17500
dlt,13031,2013-03-20,12,17,18,26,32,10,11,92857755,152903939,1,23,17500
dlt,13030,2013-03-18,3,5,9,10,28,5,7,92399963,142906622,0,24,17500
dlt,13029,2013-03-16,5,7,17,25,26,4,10,100525965,124168043,1,50,17500
dlt,13028,2013-03-13,13,19,28,30,34,8,12,90226179,117290371,0,30,17500
dlt,13027,2013-03-11,3,12,14,24,35,3,8,88478779,99217311,1,29,17500
dlt,13026,2013-03-09,2,10,16,30,33,5,6,96984428,86999987,3,64,17500
dlt,13025,2013-03-06,3,23,25,26,28,10,12,89233230,95037003,1,13,17500
dlt,13024,2013-03-04,9,12,14,18,24,1,4,88302567,84966486,1,20,17500
dlt,13023,2013-03-02,5,19,24,26,35,5,7,93617454,68857932,0,36,17500
dlt,13022,2013-02-27,3,4,13,17,23,3,8,86402223,53204819,1,14,17500
dlt,13021,2013-02-25,23,24,28,30,33,1,11,84584535,43329822,1,28,17500
dlt,13020,2013-02-23,6,11,20,31,32,5,9,90505561,30797768,0,33,17500
dlt,13019,2013-02-20,6,12,17,29,30,7,11,78774727,18419704,1,57,17500
dlt,13018,2013-02-18,20,23,31,33,34,3,9,72887266,11738506,1,48,17500
dlt,13017,2013-02-16,11,14,22,29,34,5,11,92868182,0,39,123,17500
dlt,13016,2013-02-06,5,15,19,27,32,8,9,93354624,170130710,0,23,17500
dlt,13015,2013-02-04,14,15,26,32,33,1,11,90554838,152902085,2,22,17500
dlt,13014,2013-02-02,5,8,25,29,31,2,4,102516364,154624839,1,41,17500
dlt,13013,2013-01-30,13,15,29,30,35,1,11,91878143,146150128,0,61,17500
dlt,13012,2013-01-28,1,14,31,32,34,2,11,90273475,135535963,0,11,17500
dlt,13011,2013-01-26,1,2,8,15,23,6,9,103189764,116673757,3,20,17500
dlt,13010,2013-01-23,9,15,17,18,29,9,11,93053917,117031592,0,34,17500
dlt,13009,2013-01-21,10,17,19,27,29,5,12,92051355,100586068,5,75,17500
dlt,13008,2013-01-19,2,7,25,29,34,3,6,103090366,124053473,1,13,17500
dlt,13007,2013-01-16,14,29,32,33,34,3,6,93622278,116585204,2,87,17500
dlt,13006,2013-01-14,8,20,25,31,32,5,7,91873354,126585204,1,42,17500
dlt,13005,2013-01-12,18,22,26,28,31,10,12,102731749,123594996,0,25,17500
dlt,13004,2013-01-09,7,8,12,20,25,3,7,93113469,101548129,4,53,17500
dlt,13003,2013-01-07,1,16,18,21,31,9,12,92114091,120141232,1,29,17500
dlt,13002,2013-01-05,4,20,27,31,32,6,12,97887870,108094375,0,14,17500
dlt,13001,2013-01-02,6,9,11,31,32,5,11,82539302,87583599,0,18,17500
dlt,12154,2012-12-31,3,26,27,31,32,3,9,85173381,69462813,0,20,17500
dlt,12153,2012-12-29,8,9,10,13,22,5,10,92912437,54890188,1,28,17500
dlt,12152,2012-12-26,4,17,26,33,34,2,8,86036210,42430665,6,30,17500
dlt,12151,2012-12-24,3,19,20,24,33,3,4,84629482,69714376,0,24,17500
dlt,12150,2012-12-22,2,14,18,24,31,2,3,93073171,51830291,0,12,17500
dlt,12149,2012-12-19,2,10,23,33,34,5,10,86183124,30708485,2,39,17500
dlt,12148,2012-12-17,4,16,27,29,34,6,11,86921952,32076134,2,44,17500
dlt,12147,2012-12-15,2,3,17,19,33,2,9,95259080,28529333,2,14,17500
dlt,12146,2012-12-12,1,10,13,17,26,6,8,88326469,22302458,3,30,17500
dlt,12145,2012-12-10,5,22,31,33,35,6,9,83242808,22893881,1,51,17500
dlt,12144,2012-12-08,11,13,14,21,29,1,10,100893900,3369368,15,35,17500
dlt,12143,2012-12-05,9,27,29,30,31,3,6,90699066,102870962,2,101,17500
dlt,12142,2012-12-03,15,19,29,34,35,7,10,90411341,109794215,1,58,17500
dlt,12141,2012-12-01,3,11,19,23,34,2,12,97483582,109227850,1,53,17500
dlt,12140,2012-11-28,7,17,27,28,29,9,10,89995813,102910036,10,169,17500
dlt,12139,2012-11-26,9,10,12,22,25,4,11,89470036,159798479,3,46,17500
dlt,12138,2012-11-24,13,17,27,31,33,6,12,99444792,168189135,4,43,17500
dlt,12137,2012-11-21,3,12,20,21,27,1,6,92645458,176275822,3,27,17500
dlt,12136,2012-11-19,2,23,29,30,31,1,4,93630031,187811157,2,106,17500
dlt,12135,2012-11-17,3,5,17,18,33,6,7,99774197,195352677,0,34,17500
dlt,12134,2012-11-14,1,6,18,32,35,2,7,90893857,174119756,2,70,17500
dlt,12133,2012-11-12,5,7,13,29,30,1,5,91763431,177867882,0,24,17500
dlt,12132,2012-11-10,5,8,21,25,33,1,11,99422591,158224875,3,126,17500
dlt,12131,2012-11-07,2,16,18,27,30,8,12,90069224,165300948,1,29,17500
dlt,12130,2012-11-05,14,19,23,29,30,6,7,87503658,162055982,1,21,17500
dlt,12129,2012-11-03,1,7,21,28,31,3,9,94242307,162359872,1,30,17500
dlt,12128,2012-10-31,9,10,19,30,31,4,11,86991830,158101513,13,136,17500
dlt,12127,2012-10-29,12,13,14,25,35,10,12,87738452,232101513,1,31,17500
dlt,12126,2012-10-27,13,14,21,28,29,5,10,95611728,222582953,0,21,17500
dlt,12125,2012-10-24,6,14,17,22,35,1,2,86722271,202092498,0,28,17500
dlt,12124,2012-10-22,7,11,19,20,35,5,10,84938472,185343410,1,55,17500
dlt,12123,2012-10-20,5,8,18,30,33,1,9,92384268,183245311,2,44,17500
dlt,12122,2012-10-17,23,24,25,29,31,3,12,84662712,185975688,1,55,17500
dlt,12121,2012-10-15,7,18,20,29,30,5,6,85404825,180675093,6,59,17500
dlt,12120,2012-10-13,2,10,21,23,29,3,4,93463759,205781709,1,52,17500
dlt,12119,2012-10-10,5,6,9,19,32,6,9,84197556,203401661,1,25,17500
dlt,12118,2012-10-08,5,17,25,30,33,1,12,82368464,198330008,0,30,17500
dlt,12117,2012-10-06,1,12,18,21,33,7,8,86058922,181213469,2,134,17500
dlt,12116,2012-10-03,1,11,18,20,22,7,10,72022417,184689749,0,24,17500
dlt,12115,2012-10-01,1,6,13,19,23,6,9,69446925,169023532,0,9,17500
dlt,12114,2012-09-29,3,6,21,33,35,1,7,89017250,154150771,0,18,17500
dlt,12113,2012-09-26,3,10,22,27,29,3,12,80773978,133756829,2,84,17500
dlt,12112,2012-09-24,1,2,28,31,35,5,7,81099610,140279011,2,26,17500
dlt,12111,2012-09-22,1,24,25,30,33,4,11,88314707,143493586,0,17,17500
dlt,12110,2012-09-19,1,11,17,19,26,5,12,81741224,125852385,5,33,17500
dlt,12109,2012-09-17,1,22,30,32,35,9,11,81799464,144611573,4,42,17500
dlt,12108,2012-09-15,6,7,12,24,35,2,6,90264220,157260079,1,48,17500
dlt,12107,2012-09-12,4,7,9,22,33,1,3,81786911,153914360,0,28,17500
dlt,12106,2012-09-10,15,23,25,29,31,9,10,80675002,137174318,2,15,17500
dlt,12105,2012-09-08,5,6,14,15,31,6,8,89754073,138411865,2,26,17500
dlt,12104,2012-09-05,16,18,24,25,27,4,9,81198871,140640872,0,20,17500
dlt,12103,2012-09-03,2,9,18,23,24,1,4,79540358,121552988,1,21,17500
dlt,12102,2012-09-01,2,4,6,13,35,4,8,87514716,118360865,1,22,17500
dlt,12101,2012-08-29,2,5,8,9,31,3,7,80597889,109329359,1,16,17500
dlt,12100,2012-08-27,7,9,13,19,27,1,3,81304308,97280598,11,40,17500
dlt,12099,2012-08-25,12,18,24,25,32,2,12,90063317,160992010,0,17,17500
dlt,12098,2012-08-22,2,11,28,29,30,6,12,82055498,140602551,1,47,17500
dlt,12097,2012-08-20,9,17,24,29,32,1,2,80344147,142144368,1,26,17500
dlt,12096,2012-08-18,5,10,19,24,35,8,9,88805215,138933742,0,44,17500
dlt,12095,2012-08-15,6,9,22,27,30,8,12,81331179,122925022,2,29,17500
dlt,12094,2012-08-13,2,14,23,32,35,1,10,78940678,127108672,2,26,17500
dlt,12093,2012-08-11,2,16,21,31,33,4,11,88134396,133431285,1,22,17500
dlt,12092,2012-08-08,8,9,23,25,31,2,12,77673891,124289219,2,23,17500
dlt,12091,2012-08-06,3,10,28,31,33,1,9,78967695,129358969,1,28,17500
dlt,12090,2012-08-04,2,21,27,29,33,2,10,86568483,130347386,1,37,17500
dlt,12089,2012-08-01,6,12,21,29,32,6,11,78492327,125297322,0,23,17500
dlt,12088,2012-07-30,13,17,24,30,35,2,10,77824388,108698300,2,14,17500
dlt,12087,2012-07-28,1,6,7,21,31,4,11,87077255,110130296,1,16,17500
dlt,12086,2012-07-25,3,20,25,29,32,5,10,78946927,95922991,0,17,17500
dlt,12085,2012-07-23,7,18,29,31,33,10,12,79262178,82168393,7,33,17500
dlt,12084,2012-07-21,21,24,27,29,31,1,2,87316969,122538709,1,31,17500
dlt,12083,2012-07-18,16,19,28,29,31,5,8,80519889,119081870,1,26,17500
dlt,12082,2012-07-16,2,4,9,10,15,8,10,80587602,114033805,2,22,17500
dlt,12081,2012-07-14,10,16,17,30,35,1,8,88440294,113317516,1,36,17500
dlt,12080,2012-07-11,11,12,14,25,28,2,5,80420397,110424961,0,19,17500
dlt,12079,2012-07-09,1,5,25,32,33,1,10,79358981,92633784,1,11,17500
dlt,12078,2012-07-07,1,2,23,25,35,5,12,90043223,80255739,4,38,17500
dlt,12077,2012-07-04,10,30,32,33,34,2,3,80443734,82771249,5,135,17500
dlt,12076,2012-07-02,2,14,16,22,24,2,5,80072550,110771249,0,14,17500
dlt,12075,2012-06-30,7,9,10,18,22,5,10,91308852,90026538,0,24,17500
dlt,12074,2012-06-27,10,22,23,30,32,1,7,89310405,70930242,50,47,17500
dlt,12073,2012-06-25,18,23,29,33,34,2,7,88041836,311595963,1,25,17500
dlt,12072,2012-06-23,4,8,17,22,25,4,10,96524190,306680564,0,23,17500
dlt,12071,2012-06-20,13,23,29,31,34,6,8,91655172,286925096,2,33,17500
dlt,12070,2012-06-18,9,22,23,32,34,6,8,90123786,292784939,0,28,17500
dlt,12069,2012-06-16,2,4,22,25,34,2,11,101566246,276745169,1,14,17500
dlt,12068,2012-06-13,1,21,31,32,35,3,6,89260141,263814038,0,70,17500
dlt,12067,2012-06-11,20,22,27,30,33,1,2,88206089,256596305,1,19,17500
dlt,12066,2012-06-09,1,20,25,29,33,4,6,98611893,247731515,0,20,17500
dlt,12065,2012-06-06,10,22,28,29,34,5,11,90420169,227963752,2,41,17500
dlt,12064,2012-06-04,9,12,13,15,30,9,10,90348096,229995094,1,23,17500
dlt,12063,2012-06-02,11,25,26,29,35,1,2,98939363,227036376,2,43,17500
dlt,12062,2012-05-30,21,32,33,34,35,8,9,92554549,228347790,30,507,17500
dlt,12061,2012-05-28,5,10,14,27,33,7,9,90048368,384347790,2,69,17500
dlt,12060,2012-05-26,2,16,21,24,30,6,10,101189600,384536427,1,22,17500
dlt,12059,2012-05-23,9,13,19,21,27,3,4,95348657,379705028,4,24,17500
dlt,12058,2012-05-21,13,21,29,31,35,4,12,93525941,386647639,2,59,17500
dlt,12057,2012-05-19,1,2,14,33,34,3,5,93786172,395939072,1,22,17500
dlt,12056,2012-05-16,11,21,23,26,34,7,9,86198008,386376159,2,24,17500
dlt,12055,2012-05-14,7,22,26,32,33,1,8,84354924,387386703,2,59,17500
dlt,12054,2012-05-12,1,16,18,27,30,10,11,93112833,391349045,2,12,17500
dlt,12053,2012-05-09,11,12,26,28,31,7,12,82756548,395477861,0,20,17500
dlt,12052,2012-05-07,10,20,26,31,33,10,12,81471740,377226308,1,22,17500
dlt,12051,2012-05-05,1,2,17,18,33,5,12,92673669,370141010,1,22,17500
dlt,12050,2012-05-02,13,17,22,28,29,1,10,83400618,357744136,2,31,17500
dlt,12049,2012-04-30,9,18,22,27,31,10,12,78398644,358707839,0,24,17500
dlt,12048,2012-04-28,6,9,26,30,35,5,6,94540722,343351390,3,73,17500
dlt,12047,2012-04-25,5,7,17,30,34,3,10,84357630,355708159,0,14,17500
dlt,12046,2012-04-23,4,8,19,23,27,4,11,82530964,342272592,0,23,17500
dlt,12045,2012-04-21,5,11,17,20,28,11,12,92180256,327494107,1,87,17500
dlt,12044,2012-04-18,3,4,14,32,35,1,2,85892219,325410674,3,11,17500
dlt,12043,2012-04-16,1,6,25,31,34,3,9,84038794,330934635,0,17,17500
dlt,12042,2012-04-14,7,24,27,28,35,7,12,91457793,317892751,3,33,17500
dlt,12041,2012-04-11,1,2,13,22,23,2,10,83292294,328725027,1,27,17500
dlt,12040,2012-04-09,2,13,23,28,29,1,5,83497529,324915094,0,30,17500
dlt,12039,2012-04-07,15,21,22,24,35,1,5,93381476,305743107,3,60,17500
dlt,12038,2012-04-04,11,23,25,31,35,1,3,79903202,308092525,0,10,17500
dlt,12037,2012-04-02,9,13,27,31,35,3,10,78247988,288320107,0,27,17500
dlt,12036,2012-03-31,1,9,20,30,31,8,12,93125386,275715296,0,84,17500
dlt,12035,2012-03-28,1,4,30,32,35,8,12,85560035,255400272,3,26,17500
dlt,12034,2012-03-26,1,8,15,16,29,8,9,85603413,259501847,2,18,17500
dlt,12033,2012-03-24,8,13,19,27,32,1,8,94884885,261869884,0,41,17500
dlt,12032,2012-03-21,7,8,16,26,34,7,11,86307926,241879359,0,42,17500
dlt,12031,2012-03-19,19,21,23,25,30,3,8,86577924,222387989,2,18,17500
dlt,12030,2012-03-17,3,21,22,26,32,1,3,98542242,224610048,1,15,17500
dlt,12029,2012-03-14,4,7,8,18,29,7,10,89622157,213113822,0,27,17500
dlt,12028,2012-03-12,10,12,15,33,34,3,10,86559171,198411361,0,35,17500
dlt,12027,2012-03-10,3,10,11,22,31,5,7,95971572,189752158,6,39,17500
dlt,12026,2012-03-07,10,11,22,23,29,2,9,85927802,209315120,2,55,17500
dlt,12025,2012-03-05,1,2,5,12,27,4,7,87875533,220170940,1,30,17500
dlt,12024,2012-03-03,3,11,17,21,30,3,7,97249349,210442692,5,44,17500
dlt,12023,2012-02-29,7,9,17,29,35,9,10,91666115,231239956,2,27,17500
dlt,12022,2012-02-27,7,12,20,33,35,1,10,90283501,230699005,3,66,17500
dlt,12021,2012-02-25,10,15,21,31,34,7,8,99364364,237838706,3,25,17500
dlt,12020,2012-02-22,12,14,27,29,34,3,6,90897202,241041919,1,27,17500
dlt,12019,2012-02-20,7,9,17,30,34,1,12,89499046,232722464,1,19,17500
dlt,12018,2012-02-18,3,10,14,29,31,4,8,99822905,227011384,0,20,17500
dlt,12017,2012-02-15,6,11,22,29,34,3,12,88488285,205074410,16,338,17500
dlt,12016,2012-02-13,5,14,20,29,31,8,12,87031289,294074410,0,26,17500
dlt,12015,2012-02-11,12,13,24,26,33,6,8,95884232,275778245,3,34,17500
dlt,12014,2012-02-08,10,14,24,30,32,1,12,83871244,281574644,2,21,17500
dlt,12013,2012-02-06,7,8,11,12,24,1,2,82271346,281212681,7,24,17500
dlt,12012,2012-02-04,6,18,22,30,35,2,7,92326799,320252410,2,29,17500
dlt,12011,2012-02-01,5,19,22,29,30,2,4,81889658,318247147,1,35,17500
dlt,12010,2012-01-30,25,26,29,32,34,5,7,81078669,314253773,0,34,17500
dlt,12009,2012-01-21,6,14,20,29,35,9,10,102935799,299389761,1,32,17500
dlt,12008,2012-01-18,6,8,30,31,32,1,11,84499619,289611772,1,52,17500
dlt,12007,2012-01-16,4,5,13,17,25,7,10,84157452,286271587,1,39,17500
dlt,12006,2012-01-14,3,20,22,25,27,1,9,95280803,280396272,1,29,17500
dlt,12005,2012-01-11,1,2,29,31,33,7,12,87772129,268966261,0,34,17500
dlt,12004,2012-01-09,10,11,22,31,32,6,7,86852728,254045459,0,32,17500
dlt,12003,2012-01-07,16,22,24,33,34,3,10,97363283,239743471,2,21,17500
dlt,12002,2012-01-04,3,11,14,26,29,7,8,86112821,238711466,1,31,17500
dlt,12001,2012-01-02,7,27,28,32,33,1,12,82753736,234100467,5,138,17500
dlt,11154,2011-12-31,4,12,16,20,28,8,11,101724253,262691603,0,25,17500
dlt,11153,2011-12-28,6,22,29,30,35,3,5,88096248,243156811,0,44,17500
dlt,11152,2011-12-26,1,4,6,21,35,2,11,86403094,228103496,0,14,17500
dlt,11151,2011-12-24,7,11,14,20,27,3,10,96680030,210904537,2,27,17500
dlt,11150,2011-12-21,13,22,30,33,34,6,12,86462940,211919872,7,93,17500
dlt,11149,2011-12-19,2,7,12,29,31,3,5,87367470,245776977,1,22,17500
dlt,11148,2011-12-17,7,10,11,26,31,3,4,93916125,236831159,2,46,17500
dlt,11147,2011-12-14,1,15,16,27,28,2,7,88349665,238328635,1,28,17500
dlt,11146,2011-12-12,9,13,19,29,34,2,11,86403431,227180037,0,28,17500
dlt,11145,2011-12-10,7,15,19,24,29,4,6,92985042,208226606,1,49,17500
dlt,11144,2011-12-07,7,18,24,28,33,2,3,84813847,197910066,0,51,17500
dlt,11143,2011-12-05,8,9,12,25,33,7,10,85953558,186088213,1,32,17500
dlt,11142,2011-12-03,4,26,30,33,34,4,6,94416077,180227762,3,21,17500
dlt,11141,2011-11-30,2,11,19,22,35,10,12,83501512,190726011,2,69,17500
dlt,11140,2011-11-28,1,12,32,33,34,9,11,84991439,194719682,2,41,17500
dlt,11139,2011-11-26,4,6,10,15,16,3,4,95740821,204116699,1,23,17500
dlt,11138,2011-11-23,17,23,26,30,32,6,12,86193005,192215936,3,43,17500
dlt,11137,2011-11-21,2,15,18,23,31,1,2,85186217,205106425,0,26,17500
dlt,11136,2011-11-19,8,9,11,19,33,3,12,94285070,187894014,1,14,17500
dlt,11135,2011-11-16,6,22,29,33,35,3,12,86259820,183215202,1,24,17500
dlt,11134,2011-11-14,1,10,12,14,17,9,10,85194456,176136024,0,15,17500
dlt,11133,2011-11-12,4,11,23,26,35,3,12,95538914,155586179,6,60,17500
dlt,11132,2011-11-09,12,14,16,19,33,2,9,85110386,181219052,1,17,17500
dlt,11131,2011-11-07,3,5,12,18,33,7,11,86318167,173711416,1,29,17500
dlt,11130,2011-11-05,8,9,13,23,35,11,12,95428576,169772009,1,17,17500
dlt,11129,2011-11-02,1,7,13,18,23,4,8,85738115,166898558,0,32,17500
dlt,11128,2011-10-31,3,4,6,11,13,1,2,86120096,147214578,0,28,17500
dlt,11127,2011-10-29,1,11,22,26,29,5,8,93458807,126403896,1,25,17500
dlt,11126,2011-10-26,7,17,29,30,33,10,12,84597838,121775456,2,72,17500
dlt,11125,2011-10-24,7,10,27,34,35,10,12,81800266,126631088,0,25,17500
dlt,11124,2011-10-22,8,12,14,20,25,6,8,91126295,109336208,0,33,17500
dlt,11123,2011-10-19,10,14,18,19,35,1,6,83017071,90578986,2,37,17500
dlt,11122,2011-10-17,3,8,23,24,34,5,12,81834817,88150642,3,36,17500
dlt,11121,2011-10-15,2,3,30,31,33,3,9,90476880,88050408,0,32,17500
dlt,11120,2011-10-12,20,25,26,30,31,9,10,84084781,70955762,10,45,17500
dlt,11119,2011-10-10,4,15,20,26,31,6,12,84425624,132763457,0,37,17500
dlt,11118,2011-10-08,4,7,11,32,35,5,7,92127620,113105840,0,29,17500
dlt,11117,2011-10-05,10,12,28,32,33,3,5,74465435,93150429,1,44,17500
dlt,11116,2011-10-03,10,15,18,19,26,7,12,70949104,91469633,0,14,17500
dlt,11115,2011-10-01,17,26,30,31,35,6,11,83064433,75408885,0,18,17500
dlt,11114,2011-09-28,6,8,17,27,35,2,11,77707216,59148718,0,28,17500
dlt,11113,2011-09-26,4,5,7,10,12,4,5,78810315,43144622,2,15,17500
dlt,11112,2011-09-24,6,17,28,32,33,8,12,84408746,36043587,0,75,17500
dlt,11111,2011-09-21,2,11,13,23,31,11,12,70482914,25888039,0,17,17500
dlt,11110,2011-09-19,30,31,33,34,35,4,7,81941832,0,65,1203,17500
dlt,11109,2011-09-17,1,11,12,22,34,8,10,91438308,52990177,1,25,17500
dlt,11108,2011-09-14,7,15,18,24,28,1,7,79849685,38197639,0,26,17500
dlt,11107,2011-09-12,2,6,18,30,32,1,8,72822076,989564,6,42,17500
dlt,11106,2011-09-10,1,9,29,30,35,5,9,91808460,0,10,150,17500
dlt,11105,2011-09-07,2,11,26,32,33,5,12,86608080,47353889,0,19,17500
dlt,11104,2011-09-05,7,19,27,28,34,2,5,83754211,27080587,2,78,17500
dlt,11103,2011-09-03,3,4,26,29,34,1,3,94563941,27371055,3,33,17500
dlt,11102,2011-08-31,19,24,28,31,34,4,12,82689764,25250000,1,19,17500
dlt,11101,2011-08-29,5,12,20,28,30,3,7,90688655,14156217,32,158,17500
dlt,11100,2011-08-27,8,11,13,28,33,8,9,100342747,260611163,1,50,17500
dlt,11099,2011-08-24,2,6,9,12,20,5,8,90999691,258383576,2,24,17500
dlt,11098,2011-08-22,6,7,28,33,35,1,10,90755796,257814962,2,32,17500
dlt,11097,2011-08-20,4,19,28,31,33,11,12,101197498,256846500,1,27,17500
dlt,11096,2011-08-17,3,8,20,24,25,1,2,92112778,245245462,2,71,17500
dlt,11095,2011-08-15,9,12,17,19,29,6,11,88632964,244892108,1,71,17500
dlt,11094,2011-08-13,11,21,22,32,34,4,8,98719396,242990584,4,58,17500
dlt,11093,2011-08-10,4,6,8,19,31,10,11,90159691,252703120,0,18,17500
dlt,11092,2011-08-08,10,17,19,32,33,1,12,90900093,234885420,2,30,17500
dlt,11091,2011-08-06,11,17,23,29,30,6,8,103226069,234735997,1,54,17500
dlt,11090,2011-08-03,2,4,29,30,34,5,8,92181969,223262272,0,21,17500
dlt,11089,2011-08-01,5,6,23,27,34,3,4,92442848,207931278,0,24,17500
dlt,11088,2011-07-30,20,21,27,29,35,3,8,104344297,184850000,4,28,17500
dlt,11087,2011-07-27,6,13,20,25,34,7,9,91364808,192547274,2,82,17500
dlt,11086,2011-07-25,4,5,6,9,15,1,6,89388176,200963433,0,19,17500
dlt,11085,2011-07-23,2,17,19,21,22,3,10,102298924,181020000,5,30,17500
dlt,11084,2011-07-20,14,29,31,34,35,1,12,95024927,199987836,0,48,17500
dlt,11083,2011-07-18,6,8,18,20,24,4,8,94242715,182379281,2,73,17500
dlt,11082,2011-07-16,7,20,25,30,32,5,9,106787273,184396669,4,31,17500
dlt,11081,2011-07-13,4,13,20,21,35,2,9,95329740,197429220,0,28,17500
dlt,11080,2011-07-11,5,12,30,31,32,1,3,93978157,180641784,0,35,17500
dlt,11079,2011-07-09,1,3,23,30,31,2,10,109599428,162610000,1,19,17500
dlt,11078,2011-07-06,4,9,16,27,30,2,6,96091331,146794221,2,65,17500
dlt,11077,2011-07-04,5,8,19,33,34,1,12,94881787,149491545,1,36,17500
dlt,11076,2011-07-02,18,23,25,29,30,1,2,108032153,140694437,2,25,17500
dlt,11075,2011-06-29,6,9,20,23,28,6,10,99290929,137630000,3,17,17500
dlt,11074,2011-06-27,7,16,23,28,31,3,6,102090087,138721670,25,142,17500
dlt,11073,2011-06-25,13,19,20,22,33,5,11,114496899,317666106,2,43,17500
dlt,11072,2011-06-22,3,11,13,20,35,3,8,103091748,319871133,0,30,17500
dlt,11071,2011-06-20,27,31,33,34,35,4,6,105844387,299596663,2,184,17500
dlt,11070,2011-06-18,9,19,22,29,30,2,8,116191211,306600000,13,147,17500
dlt,11069,2011-06-15,3,5,28,29,33,4,12,105442230,377697008,2,56,17500
dlt,11068,2011-06-13,1,13,16,18,32,7,9,105704934,380952965,1,9,17500
dlt,11067,2011-06-11,10,17,22,24,32,3,10,117519124,367347891,5,88,17500
dlt,11066,2011-06-08,6,13,18,20,33,9,10,102319445,395795484,0,36,17500
dlt,11065,2011-06-06,3,11,14,25,34,1,4,96759634,375078277,1,27,17500
dlt,11064,2011-06-04,1,6,27,30,34,1,6,114835819,362140610,1,23,17500
dlt,11063,2011-06-01,10,17,18,26,32,1,5,103484742,348759449,0,28,17500
dlt,11062,2011-05-30,6,10,17,20,21,3,7,104437410,326860000,2,22,17500
dlt,11061,2011-05-28,6,7,16,18,20,4,10,119067560,325886265,3,22,17500
dlt,11060,2011-05-25,3,25,29,32,34,9,10,110273508,327233734,2,33,17500
dlt,11059,2011-05-23,9,16,21,29,34,7,10,111037756,328980000,0,28,17500
dlt,11058,2011-05-21,1,9,27,32,33,3,6,123623363,303872297,21,221,17500
dlt,11057,2011-05-18,7,11,30,31,34,9,12,111836045,426872297,1,25,17500
dlt,11056,2011-05-16,3,5,29,30,31,8,10,113369983,414373623,3,67,17500
dlt,11055,2011-05-14,1,7,31,32,35,2,10,121919915,419164003,0,40,17500
dlt,11054,2011-05-11,5,9,16,26,35,3,10,96198701,392030969,0,32,17500
dlt,11053,2011-05-09,3,16,28,31,32,1,9,92967750,372405323,0,13,17500
dlt,11052,2011-05-07,13,24,31,32,33,3,9,103826788,349623523,4,41,17500
dlt,11051,2011-05-04,6,8,12,17,18,5,10,94449532,360501853,2,19,17500
dlt,11050,2011-05-02,4,7,29,32,33,8,10,87452567,360591452,1,32,17500
dlt,11049,2011-04-30,5,6,10,22,25,1,9,105382597,357714362,2,39,17500
dlt,11048,2011-04-27,13,17,25,27,28,2,3,97367653,361905515,5,255,17500
dlt,11047,2011-04-25,2,15,22,33,35,5,8,96770184,386905515,1,12,17500
dlt,11046,2011-04-23,9,15,16,19,29,4,6,107968006,381020504,2,112,17500
dlt,11045,2011-04-20,13,21,22,29,31,7,11,95364376,387770674,0,38,17500
dlt,11044,2011-04-18,11,21,24,26,31,6,7,89608392,371458144,0,50,17500
dlt,11043,2011-04-16,2,8,23,33,35,5,10,93914514,361242100,0,79,17500
dlt,11042,2011-04-13,6,9,18,30,32,10,12,87928876,349947313,1,44,17500
dlt,11041,2011-04-11,4,5,11,13,25,3,6,87556274,341699221,3,24,17500
dlt,11040,2011-04-09,3,7,15,18,20,1,6,96069406,348774894,0,20,17500
dlt,11039,2011-04-06,1,11,14,22,34,6,8,85116728,327322701,2,16,17500
dlt,11038,2011-04-04,7,9,11,13,33,10,12,80422215,326387365,1,16,17500
dlt,11037,2011-04-02,1,12,14,22,24,10,12,96693251,322942088,1,20,17500
dlt,11036,2011-03-30,3,18,29,30,33,8,9,85781802,313269458,0,20,17500
dlt,11035,2011-03-28,3,4,13,15,32,4,9,84025048,298041572,0,10,17500
dlt,11034,2011-03-26,3,6,9,17,27,3,9,94247323,279221801,0,29,17500
dlt,11033,2011-03-23,3,19,24,29,33,3,9,83735466,256334761,1,17,17500
dlt,11032,2011-03-21,7,16,23,31,33,3,10,81643680,254707534,1,29,17500
dlt,11031,2011-03-19,12,17,19,22,35,4,11,93937733,250852819,0,26,17500
dlt,11030,2011-03-16,15,19,25,30,33,3,8,81778553,232471208,9,112,17500
dlt,11029,2011-03-14,3,9,17,24,28,6,12,80911079,283471208,2,30,17500
dlt,11028,2011-03-12,1,2,13,17,28,1,4,91860917,286700891,0,32,17500
dlt,11027,2011-03-09,5,14,25,34,35,2,5,84423224,266248099,3,62,17500
dlt,11026,2011-03-07,1,9,15,20,29,7,9,82639796,272445556,0,13,17500
dlt,11025,2011-03-05,8,9,25,28,29,2,10,90511689,254653894,1,50,17500
dlt,11024,2011-03-02,12,15,16,20,33,8,12,79549112,247441137,1,19,17500
dlt,11023,2011-02-28,5,13,16,18,24,2,12,78141115,238779266,1,16,17500
dlt,11022,2011-02-26,9,14,24,25,34,1,4,88756676,235318601,0,27,17500
dlt,11021,2011-02-23,1,9,13,17,30,2,8,77486022,216528880,0,31,17500
dlt,11020,2011-02-21,9,12,19,22,28,1,5,75264171,204915970,0,27,17500
dlt,11019,2011-02-19,8,21,23,27,33,6,11,86106831,190984829,3,58,17500
dlt,11018,2011-02-16,16,22,24,32,34,2,10,71591148,204559462,0,14,17500
dlt,11017,2011-02-14,16,19,24,26,31,2,4,67218101,190209245,0,19,17500
dlt,11016,2011-02-12,15,20,30,33,35,6,9,74768258,177160000,0,30,17500
dlt,11015,2011-02-09,8,18,19,22,23,1,3,61116088,164940000,0,29,17500
dlt,11014,2011-01-31,2,14,20,21,24,2,9,68783676,155416933,0,15,17500
dlt,11013,2011-01-29,5,8,14,28,30,4,6,75146172,139951606,0,29,17500
dlt,11012,2011-01-26,3,12,19,25,30,8,11,67808306,127667330,2,40,17500
dlt,11011,2011-01-24,2,17,23,24,30,2,9,65868407,132249188,0,24,17500
dlt,11010,2011-01-22,4,8,10,14,27,5,7,73127513,120840432,0,14,17500
dlt,11009,2011-01-19,9,10,11,14,24,3,8,65249173,104135936,1,16,17500
dlt,11008,2011-01-17,1,23,26,27,30,5,6,65912879,98414874,2,43,17500
dlt,11007,2011-01-15,14,24,32,33,35,2,9,71802234,104670000,0,48,17500
dlt,11006,2011-01-12,2,8,16,26,35,11,12,68116097,93810617,8,31,17500
dlt,11005,2011-01-10,1,7,25,27,30,7,12,68602032,148700000,0,12,17500
dlt,11004,2011-01-08,7,8,10,23,25,7,9,76345453,130793921,0,23,17500
dlt,11003,2011-01-05,1,24,27,30,31,1,6,66980266,116750000,1,25,17500
dlt,11002,2011-01-03,11,13,27,28,29,2,6,63595435,114577721,0,82,17500
dlt,11001,2011-01-01,7,8,15,32,34,5,12,72601190,106260000,2,36,17500
dlt,10153,2010-12-29,6,7,16,24,35,4,6,67696029,108740000,1,28,17500
dlt,10152,2010-12-27,2,5,18,22,23,7,12,67198522,106070000,1,32,17500
dlt,10151,2010-12-25,1,10,32,33,35,3,8,75884305,97069214,10,77,17500
dlt,10150,2010-12-22,5,24,28,29,35,1,9,70254401,162060000,0,14,17500
dlt,10149,2010-12-20,5,22,24,25,30,1,6,68713293,148960000,1,21,17500
dlt,10148,2010-12-18,3,4,8,10,35,2,6,74147240,148560000,0,18,17500
dlt,10147,2010-12-15,1,15,19,21,23,11,12,66009262,133020000,0,13,17500
dlt,10146,2010-12-13,14,17,30,31,34,4,10,67029732,117050000,0,36,17500
dlt,10145,2010-12-11,18,19,27,28,33,3,6,75190565,108300000,5,37,17500
dlt,10144,2010-12-08,2,11,16,22,31,10,11,70224248,131231569,0,17,17500
dlt,10143,2010-12-06,10,16,18,22,27,6,8,70677872,114680000,2,20,17500
dlt,10142,2010-12-04,10,11,19,21,27,4,6,78555350,116590000,1,33,17500
dlt,10141,2010-12-01,5,11,17,23,33,3,10,71550574,112242527,3,67,17500
dlt,10140,2010-11-29,6,18,20,30,31,3,6,70653318,115572235,0,49,17500
dlt,10139,2010-11-27,3,13,16,19,29,7,9,76745173,115570000,3,34,17500
dlt,10138,2010-11-24,8,12,14,19,27,5,6,71201049,127810000,3,40,17500
dlt,10137,2010-11-22,22,27,28,33,35,9,11,70991878,136370000,6,59,17500
dlt,10136,2010-11-20,3,13,18,30,33,7,8,79923031,163749436,2,61,17500
dlt,10135,2010-11-17,14,17,19,26,32,3,4,70738679,168410000,0,16,17500
dlt,10134,2010-11-15,9,12,13,19,30,4,5,67662077,152180000,1,91,17500
dlt,10133,2010-11-13,11,16,17,21,22,3,6,75926041,154666909,1,14,17500
dlt,10132,2010-11-10,18,21,23,25,29,6,11,69621078,146940000,1,11,17500
dlt,10131,2010-11-08,10,15,22,28,29,4,12,68740049,141390723,0,17,17500
dlt,10130,2010-11-06,5,6,9,10,34,8,11,77341875,127110000,0,25,17500
dlt,10129,2010-11-03,14,15,24,25,26,3,7,70819039,113060000,3,101,17500
dlt,10128,2010-11-01,6,17,19,29,35,2,8,70281583,128810000,5,46,17500
dlt,10127,2010-10-30,3,22,24,30,33,4,10,75260848,153984522,1,8,17500
dlt,10126,2010-10-27,3,5,9,13,33,5,11,66524806,152381273,0,7,17500
dlt,10125,2010-10-25,1,7,9,14,19,9,12,66663335,139200000,0,11,17500
dlt,10124,2010-10-23,1,9,27,29,34,1,6,72653166,124680000,0,16,17500
dlt,10123,2010-10-20,18,20,30,32,33,1,11,66411141,110460000,2,39,17500
dlt,10122,2010-10-18,5,6,11,13,26,2,7,66373725,117470000,3,11,17500
dlt,10121,2010-10-16,21,22,31,32,34,2,12,74948552,127290000,3,41,17500
dlt,10120,2010-10-13,8,10,18,34,35,6,10,69038409,136207855,4,34,17500
dlt,10119,2010-10-11,5,13,14,23,26,2,3,67852382,152110000,0,40,17500
dlt,10118,2010-10-09,19,22,23,29,35,8,10,76404009,137943639,2,25,17500
dlt,10117,2010-10-06,4,6,21,27,34,5,9,62632305,145087752,1,17,17500
dlt,10116,2010-10-04,14,22,27,28,35,4,10,56784987,21332718,0,25,17500
dlt,10115,2010-10-02,5,7,10,15,32,3,8,65524983,136016248,1,11,17500
dlt,10114,2010-09-29,3,7,22,25,35,3,11,63838591,134830000,0,14,17500
dlt,10113,2010-09-27,5,16,22,23,32,4,10,63320398,120730000,1,63,17500
dlt,10112,2010-09-25,14,15,18,34,35,8,10,68835336,122280000,0,34,17500
dlt,10111,2010-09-22,3,6,13,14,29,1,2,57890101,110310000,1,14,17500
dlt,10110,2010-09-20,21,29,30,33,35,7,11,61233010,107660000,5,127,17500
dlt,10109,2010-09-18,1,2,8,11,25,10,12,69672110,135660000,1,20,17500
dlt,10108,2010-09-15,1,10,13,19,34,9,12,62114953,131270000,0,4,17500
dlt,10107,2010-09-13,14,17,22,27,34,3,5,62175316,115890000,0,8,17500
dlt,10106,2010-09-11,5,27,28,29,34,9,12,68873822,100354171,1,49,17500
dlt,10105,2010-09-08,5,17,26,27,35,8,9,62352316,100765234,3,31,17500
dlt,10104,2010-09-06,14,25,30,32,33,1,11,60416556,110525988,0,23,17500
dlt,10103,2010-09-04,10,14,29,30,35,5,8,67247961,99490000,1,28,17500
dlt,10102,2010-09-01,4,15,19,24,35,1,10,58562191,101070000,1,13,17500
dlt,10101,2010-08-30,11,15,22,27,35,5,8,58593813,91340000,1,15,17500
dlt,10100,2010-08-28,19,20,30,33,35,6,8,64495368,83319869,3,26,17500
dlt,10099,2010-08-25,3,11,17,21,30,1,8,58457907,85850000,0,21,17500
dlt,10098,2010-08-23,2,3,12,13,25,1,7,59220089,71440000,3,21,17500
dlt,10097,2010-08-21,9,17,21,28,29,2,8,64370716,76020000,0,12,17500
dlt,10096,2010-08-18,4,9,24,30,35,1,10,58771688,66550000,2,16,17500
dlt,10095,2010-08-16,12,14,16,19,25,1,6,56577946,64580000,0,12,17500
dlt,10094,2010-08-14,20,32,33,34,35,6,7,68284989,52900000,15,161,17500
dlt,10093,2010-08-11,2,4,9,28,29,5,8,61816350,133909187,1,15,17500
dlt,10092,2010-08-09,2,15,29,30,34,2,12,59055333,131110000,2,44,17500
dlt,10091,2010-08-07,6,10,23,26,31,5,7,66214621,139760000,0,14,17500
dlt,10090,2010-08-04,8,24,26,31,32,7,9,58501458,124230000,0,24,17500
dlt,10089,2010-08-02,4,10,13,18,23,8,10,57414129,118070000,0,21,17500
dlt,10088,2010-07-31,3,5,14,30,35,3,6,59905393,108160000,0,20,17500
dlt,10087,2010-07-28,1,12,20,21,24,2,8,55063233,98170000,1,29,17500
dlt,10086,2010-07-26,1,2,12,19,35,5,7,53608302,94540000,0,17,17500
dlt,10085,2010-07-24,2,10,16,18,34,2,3,58856786,83770000,0,12,17500
dlt,10084,2010-07-21,3,13,14,22,26,2,5,53749055,71580000,2,11,17500
dlt,10083,2010-07-19,7,11,21,22,35,4,7,52191517,70420000,0,19,17500
dlt,10082,2010-07-17,5,8,24,29,30,4,6,59031323,59990000,1,27,17500
dlt,10081,2010-07-14,14,18,20,24,27,5,10,53790383,58830000,2,15,17500
dlt,10080,2010-07-12,8,19,27,29,34,4,10,51730394,57990000,3,42,17500
dlt,10079,2010-07-10,1,4,21,22,24,2,5,57860042,73620000,1,12,17500
dlt,10078,2010-07-07,2,3,15,28,35,1,11,52509206,64690000,3,37,17500
dlt,10077,2010-07-05,6,7,9,17,24,2,12,51385724,68190000,0,3,17500
dlt,10076,2010-07-03,9,12,16,19,35,2,12,58643115,54430000,1,7,17500
dlt,10075,2010-06-30,10,12,17,23,27,5,7,53735820,47440000,0,12,17500
dlt,10074,2010-06-28,3,7,20,27,32,2,12,52999626,35800000,0,21,17500
dlt,10073,2010-06-26,4,9,11,30,32,1,11,60608663,26812404,1,13,17500
dlt,10072,2010-06-23,5,10,17,23,25,3,10,54533355,17880000,2,18,17500
dlt,10071,2010-06-21,7,12,26,30,32,2,7,55331384,24610000,11,66,17500
dlt,10070,2010-06-19,5,14,23,25,28,11,12,61210368,88610000,0,31,17500
dlt,10069,2010-06-16,6,17,18,25,29,8,9,53568152,79270000,2,59,17500
dlt,10068,2010-06-14,11,17,19,20,34,6,10,53032771,85180000,0,12,17500
dlt,10067,2010-06-12,1,11,19,30,32,3,10,62600663,73800000,1,78,17500
dlt,10066,2010-06-09,15,21,22,24,27,1,6,56677441,75830000,0,5,17500
dlt,10065,2010-06-07,5,8,13,14,32,8,11,55131467,60420000,0,34,17500
dlt,10064,2010-06-05,7,10,12,20,21,6,9,61531531,54840000,4,16,17500
dlt,10063,2010-06-02,7,14,16,30,31,3,6,57039300,68240000,3,15,17500
dlt,10062,2010-05-31,6,7,18,30,31,7,8,56542229,73710000,2,36,17500
dlt,10061,2010-05-29,5,12,14,17,22,5,7,62194144,78749467,0,13,17500
dlt,10060,2010-05-26,10,13,22,33,34,1,5,56201529,65430000,0,6,17500
dlt,10059,2010-05-24,6,10,14,25,34,1,3,54852390,54737276,1,6,17500
dlt,10058,2010-05-22,6,15,17,19,30,1,12,62359762,46470000,0,9,17500
dlt,10057,2010-05-19,15,17,24,32,35,7,9,57176020,30765762,0,14,17500
dlt,10056,2010-05-17,5,9,23,25,30,9,12,56490604,19840000,1,27,17500
dlt,10055,2010-05-15,13,14,17,27,32,2,10,62315353,17330000,1,18,17500
dlt,10054,2010-05-12,12,25,29,30,33,10,11,55496523,14140000,0,39,17500
dlt,10053,2010-05-10,9,19,22,26,34,9,11,55150582,7620000,7,95,17500
dlt,10052,2010-05-08,4,6,25,29,32,5,6,61493077,42621421,0,14,17500
dlt,10051,2010-05-05,6,10,20,24,32,6,10,55951362,28448605,1,19,17500
dlt,10050,2010-05-03,7,8,15,30,35,5,10,54049738,21840000,7,29,17500
dlt,10049,2010-05-01,1,25,29,31,33,4,10,60877355,49350000,5,17,17500
dlt,10048,2010-04-28,2,3,10,12,25,3,9,58735417,72380000,0,11,17500
dlt,10047,2010-04-26,4,8,11,30,31,2,8,56875743,64220000,1,18,17500
dlt,10046,2010-04-24,2,15,19,26,27,5,6,62764147,61840000,1,27,17500
dlt,10045,2010-04-21,8,17,18,20,28,9,10,57857829,57470000,0,19,17500
dlt,10044,2010-04-19,6,21,24,28,30,2,7,58143721,44220000,2,10,17500
dlt,10043,2010-04-17,5,8,10,33,35,2,10,63884681,46820000,1,16,17500
dlt,10042,2010-04-14,1,5,19,34,35,6,7,57454140,40520000,1,38,17500
dlt,10041,2010-04-12,16,22,28,29,34,4,12,57921241,36230000,1,41,17500
dlt,10040,2010-04-10,13,20,26,31,35,2,11,64431044,33360000,4,38,17500
dlt,10039,2010-04-07,7,19,26,28,32,1,8,56831012,42730000,0,34,17500
dlt,10038,2010-04-05,8,10,25,29,33,1,2,54567749,33490000,1,15,17500
dlt,10037,2010-04-03,19,21,26,34,35,1,9,61763460,25960000,1,33,17500
dlt,10036,2010-03-31,19,25,28,31,33,1,8,55969409,21390000,1,14,17500
dlt,10035,2010-03-29,14,16,20,31,34,1,7,53908713,13640000,1,9,17500
dlt,10034,2010-03-27,1,6,19,25,26,3,9,62359829,0,11,21,17500
dlt,10033,2010-03-24,12,19,28,29,30,5,8,56215279,0,6,79,17500
dlt,10032,2010-03-22,13,16,23,24,33,7,11,56162851,25520000,1,14,17500
dlt,10031,2010-03-20,5,13,16,17,35,6,8,62185672,0,5,9,17500
dlt,10030,2010-03-17,10,12,19,32,35,2,7,57295895,0,10,54,17500
dlt,10029,2010-03-15,21,22,33,34,35,3,4,57269938,23150000,11,370,17500
dlt,10028,2010-03-13,1,2,7,20,35,1,3,66147851,78150000,0,10,17500
dlt,10027,2010-03-10,5,23,26,32,34,2,9,57838370,63060000,5,41,17500
dlt,10026,2010-03-08,5,23,25,31,35,7,10,56646358,86090000,1,17,17500
dlt,10025,2010-03-06,9,11,13,14,25,1,7,63920913,82820000,4,30,17500
dlt,10024,2010-03-03,3,14,19,24,25,4,11,58426025,89650000,4,32,17500
dlt,10023,2010-03-01,11,13,29,32,33,2,8,56897252,105640000,3,43,17500
dlt,10022,2010-02-27,2,11,13,14,25,2,5,65023742,116360000,0,16,17500
dlt,10021,2010-02-24,11,20,23,24,25,7,9,59435470,101610000,7,29,17500
dlt,10020,2010-02-22,8,18,26,32,33,1,6,55310141,145273416,0,22,17500
dlt,10019,2010-02-20,3,11,19,26,27,2,9,59288005,135673799,1,26,17500
dlt,10018,2010-02-10,3,10,26,32,33,4,12,60178507,136398418,0,20,17500
dlt,10017,2010-02-08,13,21,23,27,34,9,12,58963701,123885908,1,24,17500
dlt,10016,2010-02-06,10,12,20,23,32,4,10,66467786,122313595,1,17,17500
dlt,10015,2010-02-03,3,10,14,18,28,8,10,60286444,118407987,1,22,17500
dlt,10014,2010-02-01,18,19,30,33,35,2,4,59887023,117407301,0,9,17500
dlt,10013,2010-01-30,18,21,22,26,34,9,12,65363883,105110000,0,21,17500
dlt,10012,2010-01-27,20,24,30,31,33,5,12,59423790,92730000,2,30,17500
dlt,10011,2010-01-25,2,3,11,27,32,8,11,58954872,93686243,0,31,17500
dlt,10010,2010-01-23,15,22,24,32,35,2,9,64021576,80080000,3,23,17500
dlt,10009,2010-01-20,2,5,13,27,32,3,11,59047555,84590000,1,18,17500
dlt,10008,2010-01-18,11,23,25,31,32,5,11,59727873,76420000,1,21,17500
dlt,10007,2010-01-16,7,23,26,29,32,8,11,66968023,71607483,4,45,17500
dlt,10006,2010-01-13,3,13,19,30,34,2,5,60820884,89090000,1,13,17500
dlt,10005,2010-01-11,4,17,19,22,30,2,3,60174031,79660000,1,21,17500
dlt,10004,2010-01-09,3,6,21,24,34,4,6,67089619,71460000,1,45,17500
dlt,10003,2010-01-06,5,14,23,27,30,2,8,59587916,65610000,1,21,17500
dlt,10002,2010-01-04,4,23,25,26,30,7,10,59063615,59188235,0,8,17500
dlt,10001,2010-01-02,2,6,7,12,27,2,8,65988959,45500000,2,33,17500
dlt,09153,2009-12-30,21,22,30,32,34,3,7,61921485,45680000,0,18,17500
dlt,09152,2009-12-28,1,23,29,30,32,7,12,59093356,32690000,0,9,17500
dlt,09151,2009-12-26,3,8,14,30,31,4,9,68568519,2710000,11,102,17500
dlt,09150,2009-12-23,4,11,18,25,34,5,7,62649989,65000000,0,32,17500
dlt,09149,2009-12-21,1,3,10,12,20,2,7,60846169,52820000,2,14,17500
dlt,09148,2009-12-19,2,4,13,14,33,1,9,67488906,54690000,1,28,17500
dlt,09147,2009-12-16,6,12,18,22,29,5,8,60438195,48190000,2,39,17500
dlt,09146,2009-12-14,11,17,23,24,25,3,6,61477563,52710000,1,15,17500
dlt,09145,2009-12-12,5,11,14,22,35,3,10,68557416,43090000,1,28,17500
dlt,09144,2009-12-09,18,26,32,33,34,4,6,61978220,36570000,3,64,17500
dlt,09143,2009-12-07,1,9,10,11,22,1,12,62884100,48440000,1,17,17500
dlt,09142,2009-12-05,5,6,13,24,31,3,11,70853469,44000000,9,72,17500
dlt,09141,2009-12-02,13,14,21,30,33,2,8,62128703,103930000,1,49,17500
dlt,09140,2009-11-30,7,8,19,26,30,1,12,62128703,98660000,1,49,17500
dlt,09139,2009-11-28,14,16,20,22,32,5,9,69724233,92503373,1,18,17500
dlt,09138,2009-11-25,3,4,14,28,32,9,10,66057007,80920000,3,28,17500
dlt,09137,2009-11-23,12,28,29,30,34,1,9,64726488,90760000,2,38,17500
dlt,09136,2009-11-21,7,13,23,24,29,6,10,70354666,101610000,2,57,17500
dlt,09135,2009-11-18,6,8,15,20,32,5,6,63316973,107890000,1,35,17500
dlt,09134,2009-11-16,2,16,19,28,33,7,11,60197804,107370000,2,23,17500
dlt,09133,2009-11-14,1,8,24,27,34,10,11,69788002,111334356,1,20,17500
dlt,09132,2009-11-11,2,10,12,15,28,4,7,62748807,106960000,1,7,17500
dlt,09131,2009-11-09,2,3,8,33,34,3,11,62393936,98050000,0,28,17500
dlt,09130,2009-11-07,9,14,25,32,34,2,8,72087396,88910000,1,10,17500
dlt,09129,2009-11-04,2,10,18,32,33,3,8,67149959,77050000,5,46,17500
dlt,09128,2009-11-02,6,21,28,32,34,4,7,62083219,97630000,0,10,17500
dlt,09127,2009-10-31,5,9,27,32,34,5,8,77984435,87120000,4,24,17500
dlt,09126,2009-10-28,14,23,27,28,33,8,12,65283300,102310000,0,17,17500
dlt,09125,2009-10-26,8,20,23,29,31,2,11,63479997,90670000,0,10,17500
dlt,09124,2009-10-24,1,3,14,32,35,7,11,69674019,76480000,0,17,17500
dlt,09123,2009-10-21,10,21,28,29,32,6,10,62130621,63950000,0,41,17500
dlt,09122,2009-10-19,1,2,11,31,33,5,6,60514755,59870000,2,12,17500
dlt,09121,2009-10-17,4,5,8,11,22,2,10,60056189,107900000,0,19,17500
dlt,09120,2009-10-14,11,23,27,28,32,2,5,60056189,107900000,0,19,17500
dlt,09119,2009-10-12,3,12,22,23,28,4,12,56316371,98090000,1,9,17500
dlt,09118,2009-10-10,10,17,18,21,34,5,11,62050346,92730000,0,14,17500
dlt,09117,2009-10-07,7,21,29,31,33,9,10,47209745,82930000,2,33,17500
dlt,09116,2009-10-05,12,15,23,30,33,9,12,45459651,93310000,2,29,17500
dlt,09115,2009-10-03,1,2,6,8,26,5,12,50517460,63820000,0,4,17500
dlt,09114,2009-09-30,2,8,25,29,33,3,7,51813022,84530000,4,15,17500
dlt,09113,2009-09-28,3,4,10,18,27,6,8,51363174,107530000,0,38,17500
dlt,09112,2009-09-26,2,8,12,34,35,4,5,57394342,106310000,0,20,17500
dlt,09111,2009-09-23,4,11,13,19,35,10,12,52850837,102140000,1,13,17500
dlt,09110,2009-09-21,22,28,30,31,34,7,9,51636412,107140000,0,20,17500
dlt,09109,2009-09-19,2,11,13,26,35,6,10,57166799,104930000,1,17,17500
dlt,09108,2009-09-16,1,9,14,29,30,7,10,51337395,109930000,0,37,17500
dlt,09107,2009-09-14,11,12,33,34,35,1,10,50513087,49360000,1,38,17500
dlt,09106,2009-09-12,11,21,22,25,34,6,9,55692618,112310000,0,12,17500
dlt,09105,2009-09-09,1,25,26,34,35,6,11,50958315,108300000,0,26,17500
dlt,09104,2009-09-07,15,25,29,32,33,10,11,49507325,105870000,0,36,17500
dlt,09103,2009-09-05,16,20,28,32,33,1,2,54467017,103770000,0,21,17500
dlt,09102,2009-09-02,11,13,29,32,35,10,12,48859582,100390000,0,34,17500
dlt,09101,2009-08-31,2,10,14,22,26,4,9,47809382,96550000,1,19,17500
dlt,09100,2009-08-29,16,20,25,29,33,1,8,52247864,101550000,0,15,17500
dlt,09099,2009-08-26,3,9,21,23,33,6,10,48169676,92140000,0,11,17500
dlt,09098,2009-08-24,11,17,19,25,26,2,10,48520631,82780000,4,23,17500
dlt,09097,2009-08-22,6,13,14,22,25,1,4,53124002,108780000,0,19,17500
dlt,09096,2009-08-19,7,12,28,32,33,1,3,48423174,104980000,0,16,17500
dlt,09095,2009-08-17,8,18,24,30,33,1,6,48364617,96860000,2,29,17500
dlt,09094,2009-08-15,1,5,21,23,29,5,12,52581788,106860000,0,11,17500
dlt,09093,2009-08-12,7,9,22,30,33,9,11,47767244,97840000,1,44,17500
dlt,09092,2009-08-10,10,21,22,27,29,8,12,45632991,102840000,0,19,17500
dlt,09091,2009-08-08,1,5,17,32,34,3,7,51108194,95700000,1,11,17500
dlt,09090,2009-08-05,18,25,30,33,34,4,10,46981058,91370000,2,11,17500
dlt,09089,2009-08-03,3,6,11,19,27,2,7,46949691,95500000,1,18,17500
dlt,09088,2009-08-01,13,16,27,32,34,3,9,53086069,93700000,2,18,17500
dlt,09087,2009-07-29,10,24,28,30,33,1,10,47801827,103700000,0,13,17500
dlt,09086,2009-07-27,1,2,7,26,29,10,12,48530520,96350000,1,12,17500
dlt,09085,2009-07-25,6,13,27,33,34,9,12,52654405,101350000,1,32,17500
dlt,09084,2009-07-22,5,9,19,26,35,2,10,46704486,106350000,0,10,17500
dlt,09083,2009-07-20,2,5,28,34,35,1,7,46714940,96920000,0,13,17500
dlt,09082,2009-07-18,5,11,26,29,32,8,11,53062976,88150000,3,95,17500
dlt,09081,2009-07-15,2,15,20,25,33,3,6,48912917,103150000,1,26,17500
dlt,09080,2009-07-13,7,16,19,29,35,2,11,47474266,108150000,0,10,17500
dlt,09079,2009-07-11,1,2,7,13,34,4,10,51652499,10560000,0,3,17500
dlt,09078,2009-07-08,11,23,26,31,34,5,11,47027388,94730000,2,4,17500
dlt,09077,2009-07-06,7,20,28,32,34,6,8,46747748,95360000,2,26,17500
dlt,09076,2009-07-04,3,9,11,18,24,4,5,52275871,99690000,1,21,17500
dlt,09075,2009-07-01,1,7,11,32,33,9,11,45529833,96860000,0,12,17500
dlt,09074,2009-06-29,15,17,19,23,32,1,11,45913477,88920000,0,4,17500
dlt,09073,2009-06-27,1,10,19,21,30,1,4,50495747,78180000,2,38,17500
dlt,09072,2009-06-24,23,26,29,32,33,5,10,45922820,79140000,1,40,17500
dlt,09071,2009-06-22,4,20,29,30,33,2,11,45019753,83090000,0,27,17500
dlt,09070,2009-06-20,10,21,24,30,31,3,10,49441977,76600000,1,18,17500
dlt,09069,2009-06-17,14,16,27,30,33,8,12,46288776,76340000,1,30,17500
dlt,09068,2009-06-15,2,12,15,20,28,1,12,45860799,73980000,0,7,17500
dlt,09067,2009-06-13,3,6,25,28,32,2,5,50223305,62980000,0,9,17500
dlt,09066,2009-06-10,1,8,19,24,31,6,12,45835410,53380000,1,15,17500
dlt,09065,2009-06-08,1,12,24,27,32,2,11,45248670,50170000,0,20,17500
dlt,09064,2009-06-06,6,10,11,17,34,11,12,50207791,43360000,0,7,17500
dlt,09063,2009-06-03,5,6,18,21,22,1,7,45959640,32270000,0,31,17500
dlt,09062,2009-06-01,4,22,23,29,31,5,11,45578124,23110000,0,29,17500
dlt,09061,2009-05-30,2,10,21,26,34,2,10,49154757,18270000,1,12,17500
dlt,09060,2009-05-27,18,28,29,30,31,4,8,46270476,13780000,2,21,17500
dlt,09059,2009-05-25,2,13,14,29,33,4,11,46071746,20330000,4,14,17500
dlt,09058,2009-05-23,8,10,14,27,32,2,7,51003335,35310000,0,8,17500
dlt,09057,2009-05-20,6,15,22,27,30,2,9,48851346,25340000,14,91,17500
dlt,09056,2009-05-18,4,13,17,32,35,3,6,47573881,99670000,0,40,17500
dlt,09055,2009-05-16,5,8,14,23,24,5,6,52677379,94520000,0,15,17500
dlt,09054,2009-05-13,2,12,19,29,30,7,12,50568158,45390000,3,48,17500
dlt,09053,2009-05-11,5,9,24,31,33,5,6,46770636,101450000,0,48,17500
dlt,09052,2009-05-09,23,24,30,34,35,1,3,52182712,96062600,1,28,17500
dlt,09051,2009-05-06,3,11,22,26,29,5,12,48242380,93340000,0,14,17500
dlt,09050,2009-05-04,5,15,28,32,33,8,9,46736299,84520000,1,28,17500
dlt,09049,2009-05-02,5,16,28,29,34,11,12,50231963,86870000,1,9,17500
dlt,09048,2009-04-29,5,6,22,25,27,11,12,47916383,80750000,0,10,17500
dlt,09047,2009-04-27,13,18,21,24,29,3,6,48883059,72560000,0,8,17500
dlt,09046,2009-04-25,1,9,24,34,35,4,9,54210221,61692863,2,33,17500
dlt,09045,2009-04-22,1,9,14,24,35,6,9,50114289,61180000,0,7,17500
dlt,09044,2009-04-20,1,7,18,29,34,3,9,48504299,51785973,1,35,17500
dlt,09043,2009-04-18,5,21,22,32,35,2,5,54703400,54660000,1,43,17500
dlt,09042,2009-04-15,11,24,25,26,31,2,7,50135357,55020000,2,32,17500
dlt,09041,2009-04-13,5,9,20,23,29,4,10,49858255,64480000,0,16,17500
dlt,09040,2009-04-11,3,16,30,32,33,1,10,55451075,55529044,0,11,17500
dlt,09039,2009-04-08,1,3,7,10,33,3,4,49756688,45280000,1,10,17500
dlt,09038,2009-04-06,6,17,20,29,32,4,5,46810312,45410000,1,69,17500
dlt,09037,2009-04-04,17,18,19,25,31,1,11,53181208,48490000,0,15,17500
dlt,09036,2009-04-01,2,12,26,31,33,9,10,48851036,37276722,0,13,17500
dlt,09035,2009-03-30,3,7,9,28,33,3,8,47372251,28380000,1,29,17500
dlt,09034,2009-03-28,5,19,31,32,35,4,9,53016496,0,14,130,17500
dlt,09033,2009-03-25,2,8,18,21,32,8,11,48984920,69940000,0,19,17500
dlt,09032,2009-03-23,4,12,20,26,29,6,10,46963564,56850000,1,26,17500
dlt,09031,2009-03-21,7,11,19,21,22,1,11,53083824,55688643,0,14,17500
dlt,09030,2009-03-18,1,7,27,30,32,1,4,48076848,44640000,0,9,17500
dlt,09029,2009-03-16,3,4,13,17,24,4,11,46951848,35130000,1,8,17500
dlt,09028,2009-03-14,6,20,30,32,35,9,11,54417733,0,11,32,17500
dlt,09027,2009-03-11,3,22,26,33,34,9,10,48116008,19650000,0,7,17500
dlt,09026,2009-03-09,24,30,31,32,34,10,12,47275096,10080000,4,28,17500
dlt,09025,2009-03-07,3,17,22,23,33,4,10,51222852,26770000,3,9,17500
dlt,09024,2009-03-04,29,31,32,33,35,10,11,49544899,32195688,12,674,17500
dlt,09023,2009-03-02,15,17,21,27,33,7,11,48760441,97585347,0,9,17500
dlt,09022,2009-02-28,12,14,17,34,35,4,11,55310640,87252331,0,14,17500
dlt,09021,2009-02-25,1,15,31,32,34,3,8,49445917,78400000,3,26,17500
dlt,09020,2009-02-23,5,16,18,32,35,2,11,48090233,90300000,0,27,17500
dlt,09019,2009-02-21,4,29,31,32,35,4,10,53504263,81640000,2,71,17500
dlt,09018,2009-02-18,1,6,13,28,29,3,9,47980946,90497720,2,31,17500
dlt,09017,2009-02-16,5,11,23,26,33,4,12,47076272,100497720,1,8,17500
dlt,09016,2009-02-14,10,11,20,26,27,9,11,53924327,95754526,1,26,17500
dlt,09015,2009-02-11,1,5,10,16,27,3,4,49522537,100754526,2,22,17500
dlt,09014,2009-02-09,8,14,15,25,26,7,9,47780433,110754526,0,21,17500
dlt,09013,2009-02-07,5,24,26,30,35,5,12,51994916,108052216,0,11,17500
dlt,09012,2009-02-04,2,5,20,25,31,10,12,46529600,97066823,1,6,17500
dlt,09011,2009-02-02,2,11,13,14,21,2,4,44940347,102060000,0,9,17500
dlt,09010,2009-01-24,2,9,12,21,29,7,11,59500348,91660000,0,25,17500
dlt,09009,2009-01-21,12,18,23,26,32,6,9,50940517,80590000,4,25,17500
dlt,09008,2009-01-19,4,17,21,29,31,2,12,52448051,103590000,1,19,17500
dlt,09007,2009-01-17,6,14,15,29,35,6,11,58730615,108590000,1,35,17500
dlt,09006,2009-01-14,2,4,22,31,35,9,12,51414782,113590000,0,27,17500
dlt,09005,2009-01-12,10,11,15,31,32,5,8,50937415,110430000,0,8,17500
dlt,09004,2009-01-10,1,3,22,32,35,6,10,55138389,107760000,0,10,17500
dlt,09003,2009-01-07,16,18,23,30,32,2,11,50535881,97247171,0,7,17500
dlt,09002,2009-01-05,1,4,7,12,30,5,10,52000661,85740000,0,4,17500
dlt,09001,2009-01-03,1,15,23,27,30,4,10,57073015,74370000,2,24,17500
dlt,08154,2008-12-31,5,7,10,29,32,4,6,54753073,80810000,4,52,17500
dlt,08153,2008-12-29,2,4,6,25,26,2,5,52918807,100810000,1,19,17500
dlt,08152,2008-12-27,3,5,14,20,33,7,11,61367170,975200000,2,15,17500
dlt,08151,2008-12-24,7,10,27,31,34,8,9,53683392,107520000,0,19,17500
dlt,08150,2008-12-22,1,9,10,15,25,3,8,48042807,104570000,0,32,17500
dlt,08149,2008-12-20,2,5,6,27,29,3,4,55352420,98880000,0,12,17500
dlt,08148,2008-12-17,3,7,20,33,35,4,7,50309105,88010000,0,6,17500
dlt,08147,2008-12-15,16,18,19,24,35,11,12,50547246,78880000,2,4,17500
dlt,08146,2008-12-13,9,23,24,26,33,7,12,57492342,82570000,3,16,17500
dlt,08145,2008-12-10,5,16,27,29,30,5,11,51322996,86970000,1,25,17500
dlt,08144,2008-12-08,10,19,27,28,33,5,12,49575223,83880000,1,68,17500
dlt,08143,2008-12-06,1,2,22,29,32,1,4,54106721,86940000,0,37,17500
dlt,08142,2008-12-03,6,18,21,30,35,8,9,50934846,77110000,1,13,17500
dlt,08141,2008-12-01,9,15,18,30,34,4,5,50546850,70290000,1,9,17500
dlt,08140,2008-11-29,2,9,11,29,32,8,9,55500534,65307524,2,54,17500
dlt,08139,2008-11-26,1,6,10,14,22,6,8,51296604,67790000,0,14,17500
dlt,08138,2008-11-24,4,5,18,22,35,7,8,51656800,56400000,1,12,17500
dlt,08137,2008-11-22,1,10,25,32,35,5,9,56767696,52870000,1,27,17500
dlt,08136,2008-11-19,3,28,29,32,34,1,6,50998989,49500000,0,11,17500
dlt,08135,2008-11-17,7,22,25,29,33,1,12,52220703,39360000,4,31,17500
dlt,08134,2008-11-15,11,13,15,28,35,8,10,58653172,51980000,1,16,17500
dlt,08133,2008-11-12,10,12,15,33,35,3,9,53113538,51300000,0,13,17500
dlt,08132,2008-11-10,6,14,24,27,29,5,9,50200160,42670000,3,15,17500
dlt,08131,2008-11-08,8,9,12,21,32,7,11,57720986,56510000,1,13,17500
dlt,08130,2008-11-05,3,5,22,29,34,7,12,54962085,50420000,2,28,17500
dlt,08129,2008-11-03,13,16,20,25,27,4,5,52855672,54300000,0,40,17500
dlt,08128,2008-11-01,12,15,23,24,25,10,11,58998573,48520000,0,17,17500
dlt,08127,2008-10-29,8,21,22,31,33,1,7,55689286,37060000,2,83,17500
dlt,08126,2008-10-27,9,29,32,34,35,1,8,52493901,44463793,0,24,17500
dlt,08125,2008-10-25,1,4,28,33,34,6,11,58300053,35760000,0,10,17500
dlt,08124,2008-10-22,2,10,13,29,33,6,10,52114543,23700000,3,56,17500
dlt,08123,2008-10-20,1,6,12,28,31,8,9,52188936,39760000,1,19,17500
dlt,08122,2008-10-18,3,6,12,20,29,9,12,56605878,34730000,0,75,17500
dlt,08121,2008-10-15,11,23,24,32,35,4,10,50102126,31130000,1,13,17500
dlt,08120,2008-10-13,21,23,24,25,32,3,4,50941532,27550000,2,9,17500
dlt,08119,2008-10-11,1,2,10,19,27,1,11,56241876,33850000,0,18,17500
dlt,08118,2008-10-08,6,9,19,25,30,6,12,51733525,16270000,3,19,17500
dlt,08117,2008-10-06,13,23,24,25,30,2,8,49147100,26970000,1,25,17500
dlt,08116,2008-10-04,6,8,15,24,31,1,3,53664504,27390000,1,42,17500
dlt,08115,2008-10-01,7,9,19,21,33,7,10,46931777,24120000,4,21,17500
dlt,08114,2008-09-29,2,3,22,27,31,6,7,55470213,41310000,3,23,17500
dlt,08113,2008-09-27,11,14,17,19,22,1,8,61348255,54670000,0,6,17500
dlt,08112,2008-09-24,4,18,26,32,33,5,8,50352321,40390000,0,17,17500
dlt,08111,2008-09-22,2,11,12,14,19,5,9,49939290,30600000,0,13,17500
dlt,08110,2008-09-20,5,16,25,27,33,4,9,56718694,20200000,2,22,17500
dlt,08109,2008-09-17,1,10,18,28,34,5,8,50756930,21410000,1,13,17500
dlt,08108,2008-09-15,11,16,24,29,32,9,11,52169608,22080000,2,16,17500
dlt,08107,2008-09-13,1,2,13,15,16,4,9,57802825,21670000,0,19,17500
dlt,08106,2008-09-10,3,5,21,28,33,2,6,47541191,11350000,0,20,17500
dlt,08105,2008-09-08,12,21,22,26,35,4,5,45562019,12440000,0,17,17500
dlt,08104,2008-09-06,7,8,10,24,34,8,11,51349639,3000000,2,8,17500
dlt,08103,2008-09-03,2,11,22,30,34,4,9,44650816,3000000,1,24,17500
dlt,08102,2008-09-01,5,25,26,29,35,3,10,45289971,3000000,3,21,17500
dlt,08101,2008-08-30,10,13,23,31,33,4,11,50054696,4550000,1,27,17500
dlt,08100,2008-08-27,12,20,26,29,30,2,6,47711626,3000000,2,9,17500
dlt,08099,2008-08-25,3,18,23,25,30,6,10,43869995,5860000,0,15,17500
dlt,08098,2008-08-23,7,10,22,27,33,4,8,49974858,3000000,2,35,17500
dlt,08097,2008-08-20,1,10,31,33,35,3,10,52553996,3000000,19,122,17500
dlt,08096,2008-08-18,6,7,12,25,28,2,12,50054794,51080000,0,19,17500
dlt,08095,2008-08-16,3,4,11,21,25,1,7,55628578,40650000,0,19,17500
dlt,08094,2008-08-13,7,12,19,27,34,11,12,49427530,32160000,1,25,17500
dlt,08093,2008-08-11,6,7,10,24,30,5,8,50479495,29040000,8,37,17500
dlt,08092,2008-08-09,3,23,26,32,34,4,9,60998837,84040000,2,20,17500
dlt,08091,2008-08-06,9,13,19,22,25,4,10,53330741,83870000,0,35,17500
dlt,08090,2008-08-04,4,11,18,33,34,2,6,52730184,78170000,0,18,17500
dlt,08089,2008-08-02,8,13,24,32,33,3,9,59467723,69400000,2,29,17500
dlt,08088,2008-07-30,7,11,19,27,31,2,3,54514985,73130000,6,284,17500
dlt,08087,2008-07-28,14,22,32,33,35,1,5,51247817,106130000,0,21,17500
dlt,08086,2008-07-26,1,6,10,22,35,3,7,58919410,97220000,1,20,17500
dlt,08085,2008-07-23,3,7,13,15,19,2,10,53391228,102220000,1,11,17500
dlt,08084,2008-07-21,2,17,20,22,25,5,11,49313526,107220000,0,9,17500
dlt,08083,2008-07-19,6,14,15,30,31,3,10,49954076,103350000,0,26,17500
dlt,08082,2008-07-16,15,19,29,33,35,1,2,44234753,97440000,0,6,17500
dlt,08081,2008-07-14,7,8,20,22,29,4,7,44696695,87800000,2,13,17500
dlt,08080,2008-07-12,6,9,29,31,33,5,11,53506763,89750000,3,14,17500
dlt,08079,2008-07-09,20,23,26,32,33,5,12,44591474,113750000,0,9,17500
dlt,08078,2008-07-07,8,17,20,28,31,7,11,39684782,110260000,0,9,17500
dlt,08077,2008-07-05,1,8,21,33,34,5,7,43244940,107670000,0,12,17500
dlt,08076,2008-07-02,3,5,10,27,34,1,12,39587591,104250000,1,5,17500
dlt,08075,2008-06-30,1,10,13,30,33,6,7,38824479,109250000,0,7,17500
dlt,08074,2008-06-28,10,13,22,31,35,4,12,44030350,106770000,1,14,17500
dlt,08073,2008-06-25,2,5,6,7,31,8,10,39140810,111770000,0,4,17500
dlt,08072,2008-06-23,10,25,32,33,34,3,9,36970156,109030000,0,1,17500
dlt,08071,2008-06-21,1,5,11,14,25,1,9,40950429,103900000,0,11,17500
dlt,08070,2008-06-18,9,17,18,21,31,1,5,36677881,95580000,1,16,17500
dlt,08069,2008-06-16,5,13,16,29,33,6,8,36600634,94410000,1,16,17500
dlt,08068,2008-06-14,6,9,11,33,34,6,10,42073413,97460000,2,18,17500
dlt,08067,2008-06-11,3,10,14,15,22,4,7,36123416,107460000,0,7,17500
dlt,08066,2008-06-09,2,7,21,22,25,4,12,33980514,99870000,0,3,17500
dlt,08065,2008-06-07,19,22,23,25,32,6,12,38232402,91970000,0,13,17500
dlt,08064,2008-06-04,14,18,24,27,31,6,7,34764938,84990000,0,8,17500
dlt,08063,2008-06-02,7,11,24,30,35,6,8,33620255,78440000,1,11,17500
dlt,08062,2008-05-31,1,15,27,28,29,3,10,38155924,77950000,1,16,17500
dlt,08061,2008-05-28,7,10,14,19,32,3,6,34088627,76470000,0,12,17500
dlt,08060,2008-05-26,3,13,17,23,30,1,11,34123914,70660000,0,13,17500
dlt,08059,2008-05-24,7,13,21,25,31,8,10,37223008,63900000,0,41,17500
dlt,08058,2008-05-21,3,9,11,29,33,3,12,31693634,60740000,0,5,17500
dlt,08057,2008-05-19,5,8,9,17,33,5,6,33585570,53890000,1,12,17500
dlt,08056,2008-05-17,15,19,25,30,31,3,9,38031764,54540000,0,6,17500
dlt,08055,2008-05-14,2,14,28,30,35,4,12,34734846,47026761,0,16,17500
dlt,08054,2008-05-12,5,14,23,31,35,2,6,35199137,39728478,1,24,17500
dlt,08053,2008-05-10,1,13,21,23,32,3,6,40590404,38674943,1,16,17500
dlt,08052,2008-05-07,3,18,19,30,35,5,9,36039732,38210000,2,25,17500
dlt,08051,2008-05-05,1,7,9,11,33,3,11,32455286,51520000,0,3,17500
dlt,08050,2008-05-03,1,5,11,26,27,3,7,36504694,43970000,1,20,17500
dlt,08049,2008-04-30,1,11,14,28,30,3,10,34534278,43870000,0,9,17500
dlt,08048,2008-04-28,1,13,22,25,27,2,10,35228776,37170000,0,5,17500
dlt,08047,2008-04-26,12,18,22,23,30,6,12,39085165,29561718,1,21,17500
dlt,08046,2008-04-23,11,25,26,27,35,7,8,36109020,30480000,11,9,17500
dlt,08045,2008-04-21,14,32,33,34,35,2,4,37051277,115480000,0,14,17500
dlt,08044,2008-04-19,2,21,23,27,32,10,11,40146906,112700000,0,2,17500
dlt,08043,2008-04-16,5,8,10,31,33,2,4,36730493,109470000,0,5,17500
dlt,08042,2008-04-14,5,10,13,32,35,4,5,37103662,106570000,0,15,17500
dlt,08041,2008-04-12,7,17,21,22,28,5,10,41082219,104050000,0,9,17500
dlt,08040,2008-04-09,4,8,19,22,29,8,11,34914609,101530000,0,31,17500
dlt,08039,2008-04-07,7,11,15,27,35,4,7,35615468,98031078,1,4,17500
dlt,08038,2008-04-05,12,13,19,32,33,2,10,38899465,96250000,1,8,17500
dlt,08037,2008-04-02,11,20,24,31,35,4,10,35701978,95860000,1,17,17500
dlt,08036,2008-03-31,9,19,22,30,32,1,10,35011394,98540000,0,4,17500
dlt,08035,2008-03-29,2,12,13,29,30,5,7,40647039,90980000,3,37,17500
dlt,08034,2008-03-26,6,7,18,34,35,5,10,37136042,105980000,0,9,17500
dlt,08033,2008-03-24,3,10,21,23,30,1,9,35577965,103670000,0,1,17500
dlt,08032,2008-03-22,3,9,19,27,33,9,10,39050107,95400000,0,18,17500
dlt,08031,2008-03-19,14,20,23,27,28,2,4,36371168,91540000,1,7,17500
dlt,08030,2008-03-17,3,21,23,26,35,5,8,36988855,89080000,0,5,17500
dlt,08029,2008-03-15,6,11,18,29,30,4,11,41196344,81320000,0,46,17500
dlt,08028,2008-03-12,3,11,17,19,26,7,12,37067292,77180000,1,12,17500
dlt,08027,2008-03-10,5,17,23,31,32,4,8,36275066,76380000,1,12,17500
dlt,08026,2008-03-08,1,21,22,24,25,8,10,41359289,74300000,1,8,17500
dlt,08025,2008-03-05,6,10,12,15,28,4,12,36543884,73670000,0,12,17500
dlt,08024,2008-03-03,8,12,17,20,30,1,2,37092316,66940000,0,9,17500
dlt,08023,2008-03-01,6,26,31,32,34,7,10,42696890,59190000,8,30,17500
dlt,08022,2008-02-27,9,12,13,25,31,8,10,35986578,102190000,0,30,17500
dlt,08021,2008-02-25,5,10,13,21,24,4,9,34998095,97350000,0,9,17500
dlt,08020,2008-02-23,4,5,15,17,33,4,8,39990807,90450000,2,17,17500
dlt,08019,2008-02-20,8,24,25,29,31,4,5,35381234,94430000,1,22,17500
dlt,08018,2008-02-18,3,6,7,11,30,2,3,34043634,96680000,0,12,17500
dlt,08017,2008-02-16,2,14,25,29,32,1,6,38618400,90270000,2,13,17500
dlt,08016,2008-02-13,8,10,11,17,19,6,9,31817578,103270000,0,3,17500
dlt,08015,2008-02-04,9,18,20,27,33,6,9,37624757,96700000,2,22,17500
dlt,08014,2008-02-02,4,7,10,28,34,1,6,40784587,106700000,0,11,17500
dlt,08013,2008-01-30,1,11,19,22,35,5,9,35195405,104110000,0,10,17500
dlt,08012,2008-01-28,2,10,29,32,35,2,3,36047488,98520000,1,11,17500
dlt,08011,2008-01-26,14,20,22,24,27,7,10,36828290,106520000,0,4,17500
dlt,08010,2008-01-23,6,23,24,27,29,6,8,36828290,99200000,0,16,17500
dlt,08009,2008-01-21,4,8,12,24,30,5,8,36163472,92120000,0,7,17500
dlt,08008,2008-01-19,2,6,8,17,32,8,9,40965970,85330000,0,21,17500
dlt,08007,2008-01-16,3,4,5,12,28,3,12,37938717,77740000,1,12,17500
dlt,08006,2008-01-14,10,12,26,29,34,5,7,38616408,76430000,5,9,17500
dlt,08005,2008-01-12,18,25,29,31,34,9,10,43740608,104430000,0,13,17500
dlt,08004,2008-01-09,9,22,24,31,33,8,9,39786149,96270000,2,30,17500
dlt,08003,2008-01-07,1,11,13,32,35,2,7,39677464,106270000,1,13,17500
dlt,08002,2008-01-05,1,12,24,31,32,10,12,44465710,111270000,0,10,17500
dlt,08001,2008-01-02,1,2,11,34,35,3,10,38404594,107600000,0,36,17500
dlt,07093,2007-12-31,6,8,16,25,27,8,12,38317823,105760000,0,18,17500
dlt,07092,2007-12-29,6,19,27,28,29,6,10,45711827,98060000,1,15,17500
dlt,07091,2007-12-26,7,12,26,31,32,3,8,40161438,103062620,3,20,17500
dlt,07090,2007-12-24,4,20,24,31,33,9,12,39253192,121060000,0,30,17500
dlt,07089,2007-12-22,8,13,24,30,34,1,12,45773774,118400000,1,34,17500
dlt,07088,2007-12-19,17,18,21,23,33,6,10,41692705,123400000,0,4,17500
dlt,07087,2007-12-17,8,18,30,31,33,4,9,38436958,120730951,0,11,17500
dlt,07086,2007-12-15,14,18,19,26,28,3,9,42936245,118260460,0,21,17500
dlt,07085,2007-12-12,17,24,28,29,33,2,5,38030537,115730000,0,18,17500
dlt,07084,2007-12-10,5,11,18,29,34,10,11,37385115,113480000,0,18,17500
dlt,07083,2007-12-08,1,5,20,21,24,3,4,43353713,110830000,0,6,17500
dlt,07082,2007-12-05,3,5,14,33,34,7,8,38456971,107110032,0,14,17500
dlt,07081,2007-12-03,6,18,20,22,35,4,9,36977555,105330000,0,6,17500
dlt,07080,2007-12-01,1,15,20,25,27,5,10,42311101,98213654,2,9,17500
dlt,07079,2007-11-28,6,9,25,26,31,2,8,38742232,99810000,3,20,17500
dlt,07078,2007-11-26,9,12,14,22,23,1,2,36608460,117816226,0,6,17500
dlt,07077,2007-11-24,4,6,12,13,24,1,4,42293385,114830000,1,10,17500
dlt,07076,2007-11-21,2,9,12,15,31,9,10,37049025,119830000,0,8,17500
dlt,07075,2007-11-19,5,11,20,30,32,7,11,36219919,117340000,0,9,17500
dlt,07074,2007-11-17,16,17,23,24,31,5,10,41421431,114793167,0,11,17500
dlt,07073,2007-11-14,4,5,9,12,23,2,11,36434943,112071738,0,27,17500
dlt,07072,2007-11-12,21,24,26,27,33,1,5,35700819,110988051,0,5,17500
dlt,07071,2007-11-10,10,22,32,33,35,1,7,39637374,107890000,0,27,17500
dlt,07070,2007-11-07,7,26,29,30,35,3,4,35334306,105682493,0,10,17500
dlt,07069,2007-11-05,2,13,16,21,35,1,5,35595839,103561582,0,8,17500
dlt,07068,2007-11-03,4,9,13,14,33,6,10,37948445,101164872,0,10,17500
dlt,07067,2007-10-31,11,18,25,30,31,4,9,34680253,94843650,2,12,17500
dlt,07066,2007-10-29,4,7,8,19,24,7,12,34190203,104843650,0,11,17500
dlt,07065,2007-10-27,19,20,24,29,31,9,10,37756172,102515288,0,5,17500
dlt,07064,2007-10-24,2,16,32,33,35,5,10,34813657,94639890,2,17,17500
dlt,07063,2007-10-22,10,31,33,34,35,7,12,34984345,104639890,0,9,17500
dlt,07062,2007-10-20,1,4,10,14,29,11,12,38608449,101960843,0,10,17500
dlt,07061,2007-10-17,2,10,19,28,29,2,9,33874726,95309737,0,9,17500
dlt,07060,2007-10-15,12,13,29,30,31,4,7,34256481,89251394,3,20,17500
dlt,07059,2007-10-13,4,15,23,31,33,3,9,39037604,107251394,0,10,17500
dlt,07058,2007-10-10,8,21,25,28,33,2,6,31181480,104565766,0,10,17500
dlt,07057,2007-10-08,14,16,30,32,35,6,7,29477379,98824607,0,9,17500
dlt,07056,2007-10-06,4,11,17,20,21,5,9,33285061,92547455,1,4,17500
dlt,07055,2007-10-03,10,16,24,31,33,7,10,27120226,100547455,0,7,17500
dlt,07054,2007-10-01,4,10,19,29,34,3,6,28349315,94452068,1,15,17500
dlt,07053,2007-09-29,11,16,19,21,25,1,10,36035758,97511192,0,14,17500
dlt,07052,2007-09-26,1,14,29,32,33,5,10,31152461,89534085,0,12,17500
dlt,07051,2007-09-24,3,7,24,28,35,8,11,30808879,84426353,0,13,17500
dlt,07050,2007-09-22,13,21,22,30,35,1,11,35620417,79440004,0,6,17500
dlt,07049,2007-09-19,9,10,15,17,32,4,6,31269987,72471427,0,9,17500
dlt,07048,2007-09-17,8,25,26,29,35,6,8,31603672,66569000,0,10,17500
dlt,07047,2007-09-15,1,6,15,19,35,2,9,35356622,61754883,0,7,17500
dlt,07046,2007-09-12,4,16,18,23,30,1,10,31184324,56784691,0,7,17500
dlt,07045,2007-09-10,9,16,20,26,35,11,12,31167326,49745733,0,9,17500
dlt,07044,2007-09-08,4,5,7,12,26,1,10,35873627,42773163,1,8,17500
dlt,07043,2007-09-05,4,9,22,24,31,2,6,31248714,43955760,2,27,17500
dlt,07042,2007-09-03,7,10,22,31,35,5,6,34045332,45804596,4,8,17500
dlt,07041,2007-09-01,3,16,17,22,35,1,8,34045332,45804596,4,8,17500
dlt,07040,2007-08-29,5,21,25,28,35,1,4,28464999,61663883,1,5,17500
dlt,07039,2007-08-27,10,11,20,21,35,7,11,27648363,63233173,6,6,17500
dlt,07038,2007-08-25,6,21,25,27,32,8,9,30668940,111233173,0,4,17500
dlt,07037,2007-08-22,1,6,7,17,31,11,12,28032472,109005650,0,6,17500
dlt,07036,2007-08-20,15,18,21,27,34,1,2,27583299,106672144,0,3,17500
dlt,07035,2007-08-18,7,11,16,31,32,1,12,31899546,104380164,0,9,17500
dlt,07034,2007-08-15,6,8,11,13,22,2,11,27710963,102099756,0,4,17500
dlt,07033,2007-08-13,1,5,8,14,22,3,12,27481967,100290150,1,15,17500
dlt,07032,2007-08-11,1,13,21,23,32,4,11,30475342,105290150,1,2,17500
dlt,07031,2007-08-08,3,21,27,31,32,6,8,27411586,113290150,0,9,17500
dlt,07030,2007-08-06,11,14,27,33,35,2,7,26391058,111475790,0,4,17500
dlt,07029,2007-08-04,15,22,25,29,35,9,11,29553865,109715764,0,5,17500
dlt,07028,2007-08-01,20,26,30,34,35,3,10,25755284,107944923,0,8,17500
dlt,07027,2007-07-30,2,3,10,19,27,6,10,25279174,105765511,0,10,17500
dlt,07026,2007-07-28,5,9,13,33,35,1,8,28961885,103992777,0,6,17500
dlt,07025,2007-07-25,22,24,26,27,34,2,10,25639317,102482191,0,2,17500
dlt,07024,2007-07-23,6,16,20,25,31,4,9,23771974,100360583,0,11,17500
dlt,07023,2007-07-21,8,10,23,32,34,8,10,27246875,97314853,1,3,17500
dlt,07022,2007-07-18,8,10,12,23,25,3,10,23189618,105314853,0,5,17500
dlt,07021,2007-07-16,2,4,24,29,33,1,2,22696842,103966251,0,3,17500
dlt,07020,2007-07-14,2,6,11,12,18,5,12,27639555,98935374,1,7,17500
dlt,07019,2007-07-11,3,6,17,22,23,4,6,22362521,103935374,0,10,17500
dlt,07018,2007-07-09,3,4,16,23,28,6,9,21806412,99815184,0,13,17500
dlt,07017,2007-07-07,13,14,29,32,34,3,12,25998850,96964762,1,4,17500
dlt,07016,2007-07-04,1,14,19,24,31,3,12,23123073,101964762,0,6,17500
dlt,07015,2007-07-02,2,8,12,13,17,11,12,22817212,100236279,1,8,17500
dlt,07014,2007-06-30,1,2,7,29,32,6,7,28218110,105236279,0,6,17500
dlt,07013,2007-06-27,12,17,27,29,34,6,9,19897386,102960707,0,12,17500
dlt,07012,2007-06-25,3,12,15,29,34,7,11,19740389,98897389,1,7,17500
dlt,07011,2007-06-23,29,32,33,34,35,9,10,23587919,99674870,0,3,17500
dlt,07010,2007-06-20,6,8,18,29,34,9,11,20524711,94230077,0,4,17500
dlt,07009,2007-06-18,1,3,9,19,34,9,12,20385607,89975065,0,7,17500
dlt,07008,2007-06-16,2,8,11,21,23,4,7,23423679,85596585,0,8,17500
dlt,07007,2007-06-13,14,16,25,26,35,4,9,19473159,82645026,0,6,17500
dlt,07006,2007-06-11,1,16,20,23,28,3,6,18675368,80083542,1,3,17500
dlt,07005,2007-06-09,1,9,19,20,30,2,11,21611411,84210190,0,15,17500
dlt,07004,2007-06-06,6,10,16,17,25,2,4,17651663,80930948,0,23,17500
dlt,07003,2007-06-04,3,4,18,23,32,1,6,15795691,78904528,1,2,17500
dlt,07002,2007-06-02,15,22,31,34,35,5,12,16832903,84592975,1,3,17500
dlt,07001,2007-05-30,22,24,29,31,35,4,11,17086781,89168335,2,8,17500
