type,issue,date,red1,red2,red3,red4,red5,red6,blue,sales,firstPrizeCount,secondPrizeCount,source
ssq,2026093,2026-08-13,5,8,15,20,21,24,9,348046564,8,109,17500
ssq,2026092,2026-08-11,9,11,12,25,30,33,11,339633672,12,79,17500
ssq,2026091,2026-08-09,2,13,14,16,20,24,5,367362274,4,79,17500
ssq,2026090,2026-08-06,2,4,15,23,25,27,3,348980318,3,86,17500
ssq,2026089,2026-08-04,5,18,23,24,27,33,3,345041020,3,88,17500
ssq,2026088,2026-08-02,6,7,11,18,22,33,5,373747432,34,506,17500
ssq,2026087,2026-07-30,4,6,10,18,23,31,11,349545040,8,108,17500
ssq,2026086,2026-07-28,2,5,14,25,30,32,5,345608568,7,195,17500
ssq,2026085,2026-07-26,6,9,13,17,24,28,15,368292652,17,326,17500
ssq,2026084,2026-07-23,1,5,6,10,12,16,5,348718788,10,107,17500
ssq,2026083,2026-07-21,7,14,15,23,28,33,3,348240258,0,111,17500
ssq,2026082,2026-07-19,5,7,10,14,21,28,4,375000824,10,215,17500
ssq,2026081,2026-07-16,6,10,12,15,24,27,12,350765488,5,137,17500
ssq,2026080,2026-07-14,4,5,11,19,27,32,1,344697650,8,132,17500
ssq,2026079,2026-07-12,1,11,17,22,24,29,4,373452200,1,109,17500
ssq,2026078,2026-07-09,7,11,14,16,27,28,6,355852948,15,176,17500
ssq,2026077,2026-07-07,1,4,5,14,18,25,4,353662546,6,114,17500
ssq,2026076,2026-07-05,1,3,19,20,24,25,7,382507054,6,150,17500
ssq,2026075,2026-07-02,8,12,18,21,24,30,1,370657052,5,102,17500
ssq,2026074,2026-06-30,2,23,24,26,28,32,4,370952514,4,98,17500
ssq,2026073,2026-06-28,9,10,13,16,19,21,8,398594042,10,136,17500
ssq,2026072,2026-06-25,7,8,12,15,17,21,1,377591844,4,143,17500
ssq,2026071,2026-06-23,3,8,19,25,31,33,5,373089958,8,121,17500
ssq,2026070,2026-06-21,3,6,8,14,26,27,8,398555946,11,216,17500
ssq,2026069,2026-06-18,12,14,16,17,18,32,8,373992648,22,955,17500
ssq,2026068,2026-06-16,3,5,16,18,29,32,4,379517740,14,123,17500
ssq,2026067,2026-06-14,4,19,27,29,30,32,13,414869642,3,89,17500
ssq,2026066,2026-06-11,5,11,21,23,24,29,16,392786646,7,126,17500
ssq,2026065,2026-06-09,7,8,16,24,30,32,2,386314046,7,190,17500
ssq,2026064,2026-06-07,1,9,15,18,29,33,15,427210484,15,168,17500
ssq,2026063,2026-06-04,2,8,25,28,30,31,2,393294950,20,117,17500
ssq,2026062,2026-06-02,2,4,7,14,28,29,9,402189304,30,139,17500
ssq,2026061,2026-05-31,1,4,5,15,23,28,7,429422172,8,135,17500
ssq,2026060,2026-05-28,7,9,10,16,22,27,11,398771788,18,226,17500
ssq,2026059,2026-05-26,8,16,26,28,29,30,15,392773558,3,138,17500
ssq,2026058,2026-05-24,1,4,7,21,29,30,1,425121686,9,154,17500
ssq,2026057,2026-05-21,1,10,22,24,28,30,7,397400020,6,109,17500
ssq,2026056,2026-05-19,10,19,21,22,31,33,5,391304582,2,86,17500
ssq,2026055,2026-05-17,4,11,24,25,32,33,13,422769486,3,155,17500
ssq,2026054,2026-05-14,13,20,25,29,30,33,2,391858874,5,67,17500
ssq,2026053,2026-05-12,1,2,3,8,13,14,2,395029142,6,136,17500
ssq,2026052,2026-05-10,1,3,11,22,26,31,11,417267288,24,257,17500
ssq,2026051,2026-05-07,9,14,15,16,29,30,10,386809756,14,189,17500
ssq,2026050,2026-05-05,6,9,25,27,28,30,3,368215788,4,87,17500
ssq,2026049,2026-05-03,3,4,14,15,18,20,2,378548054,6,112,17500
ssq,2026048,2026-04-30,9,15,18,24,28,33,1,381163108,0,128,17500
ssq,2026047,2026-04-28,7,16,21,24,27,30,7,383992530,6,269,17500
ssq,2026046,2026-04-26,2,9,10,24,31,33,16,425615512,5,114,17500
ssq,2026045,2026-04-23,4,11,15,17,24,30,15,395637026,12,131,17500
ssq,2026044,2026-04-21,2,14,17,18,22,30,1,395282770,6,114,17500
ssq,2026043,2026-04-19,6,9,14,16,25,32,16,423102342,16,262,17500
ssq,2026042,2026-04-16,2,7,12,19,24,31,10,400801534,14,350,17500
ssq,2026041,2026-04-14,2,8,10,17,19,24,13,396284492,14,171,17500
ssq,2026040,2026-04-12,3,4,14,22,23,33,4,421923472,13,222,17500
ssq,2026039,2026-04-09,8,17,18,21,25,30,5,393444014,1,173,17500
ssq,2026038,2026-04-07,1,2,13,23,25,27,5,382309000,8,139,17500
ssq,2026037,2026-04-05,11,22,27,29,31,33,12,398672542,72,171,17500
ssq,2026036,2026-04-02,6,10,12,15,22,28,8,398552206,9,177,17500
ssq,2026035,2026-03-31,2,6,12,24,25,32,2,389527084,6,268,17500
ssq,2026034,2026-03-29,1,3,7,13,22,23,7,425726210,13,183,17500
ssq,2026033,2026-03-26,3,6,13,21,28,29,6,397739574,15,161,17500
ssq,2026032,2026-03-24,1,3,11,18,31,33,2,392702390,6,120,17500
ssq,2026031,2026-03-22,3,10,12,13,18,33,8,430685136,10,99,17500
ssq,2026030,2026-03-19,10,11,14,19,22,24,4,401991268,5,86,17500
ssq,2026029,2026-03-17,6,19,22,23,28,31,5,390925844,4,106,17500
ssq,2026028,2026-03-15,2,6,9,17,25,28,15,425241582,5,251,17500
ssq,2026027,2026-03-12,2,13,17,18,25,26,13,397777968,23,131,17500
ssq,2026026,2026-03-10,2,9,16,22,25,29,3,377828982,7,168,17500
ssq,2026025,2026-03-08,2,3,15,20,23,24,10,404403816,7,184,17500
ssq,2026024,2026-03-05,1,2,13,21,23,29,14,370443834,2,79,17500
ssq,2026023,2026-03-03,1,3,8,10,23,29,6,361967792,12,133,17500
ssq,2026022,2026-03-01,15,18,23,25,28,32,11,380507698,6,152,17500
ssq,2026021,2026-02-26,3,13,25,26,30,31,4,351619166,6,113,17500
ssq,2026020,2026-02-24,1,13,14,21,24,30,2,381989060,2,64,17500
ssq,2026019,2026-02-12,7,8,16,17,18,30,1,428387634,7,220,17500
ssq,2026018,2026-02-10,11,15,17,22,25,30,7,365733450,6,82,17500
ssq,2026017,2026-02-08,1,3,5,18,29,32,4,387896530,6,130,17500
ssq,2026016,2026-02-05,4,5,9,10,27,30,13,364669398,8,247,17500
ssq,2026015,2026-02-03,7,10,13,22,27,31,12,359738534,5,148,17500
ssq,2026014,2026-02-01,7,13,19,22,26,32,1,386492580,17,201,17500
ssq,2026013,2026-01-29,4,9,12,13,16,20,1,380549690,5,103,17500
ssq,2026012,2026-01-27,3,5,7,16,20,24,8,358422924,8,65,17500
ssq,2026011,2026-01-25,2,3,4,20,31,32,4,394441490,3,77,17500
ssq,2026010,2026-01-22,4,9,10,15,19,26,12,358486254,19,223,17500
ssq,2026009,2026-01-20,3,6,13,19,23,25,10,347159860,9,276,17500
ssq,2026008,2026-01-18,6,9,16,27,31,33,10,388652642,6,107,17500
ssq,2026007,2026-01-15,9,13,19,27,29,30,1,360236814,7,149,17500
ssq,2026006,2026-01-13,2,6,22,23,24,28,15,352228044,2,147,17500
ssq,2026005,2026-01-11,1,20,22,27,30,33,10,387903486,4,66,17500
ssq,2026004,2026-01-08,3,7,8,9,18,32,10,361167416,4,128,17500
ssq,2026003,2026-01-06,5,6,9,21,28,30,16,352267432,3,130,17500
ssq,2026002,2026-01-04,1,5,7,18,30,32,2,377330734,12,119,17500
ssq,2026001,2026-01-01,2,6,11,12,13,33,15,348080190,4,154,17500
ssq,2025151,2025-12-30,8,9,14,22,28,30,4,369383528,6,125,17500
ssq,2025150,2025-12-28,6,13,17,19,24,31,8,388447078,7,208,17500
ssq,2025149,2025-12-25,1,2,4,6,22,30,10,355328424,13,130,17500
ssq,2025148,2025-12-23,3,4,9,10,15,22,16,353582370,8,139,17500
ssq,2025147,2025-12-21,1,3,5,8,22,33,8,392695744,21,118,17500
ssq,2025146,2025-12-18,5,7,12,24,26,28,2,365633358,9,192,17500
ssq,2025145,2025-12-16,11,12,15,18,25,32,14,356306424,15,89,17500
ssq,2025144,2025-12-14,1,8,15,20,26,33,13,379272340,18,180,17500
ssq,2025143,2025-12-11,2,9,12,13,15,24,3,357498010,7,81,17500
ssq,2025142,2025-12-09,2,13,15,23,27,31,16,353205678,3,79,17500
ssq,2025141,2025-12-07,2,4,5,10,12,13,6,390055596,10,112,17500
ssq,2025140,2025-12-04,1,3,4,12,18,24,5,362437084,4,126,17500
ssq,2025139,2025-12-02,2,5,17,22,30,33,6,358264332,3,142,17500
ssq,2025138,2025-11-30,10,13,14,23,24,27,15,396317254,2,78,17500
ssq,2025137,2025-11-27,2,8,11,23,27,29,5,364942202,12,114,17500
ssq,2025136,2025-11-25,8,10,14,23,28,32,12,361034006,43,101,17500
ssq,2025135,2025-11-23,1,2,5,9,25,32,10,400247838,7,104,17500
ssq,2025134,2025-11-20,3,5,9,13,26,29,12,374640566,12,123,17500
ssq,2025133,2025-11-18,5,14,17,19,20,33,7,363914948,21,148,17500
ssq,2025132,2025-11-16,4,8,10,21,23,32,11,409235610,8,135,17500
ssq,2025131,2025-11-13,3,13,14,18,24,31,3,385122072,8,98,17500
ssq,2025130,2025-11-11,1,5,8,14,19,23,6,377466594,14,183,17500
ssq,2025129,2025-11-09,3,4,7,13,20,30,3,403899176,16,194,17500
ssq,2025128,2025-11-06,2,10,18,19,24,27,1,371066844,7,142,17500
ssq,2025127,2025-11-04,3,9,15,17,19,28,3,360915142,8,128,17500
ssq,2025126,2025-11-02,2,12,13,16,19,25,10,399441700,7,100,17500
ssq,2025125,2025-10-30,3,9,12,13,26,32,9,358732158,17,248,17500
ssq,2025124,2025-10-28,1,2,18,19,21,33,13,354991248,14,154,17500
ssq,2025123,2025-10-26,7,9,23,24,25,26,10,386747886,11,166,17500
ssq,2025122,2025-10-23,16,18,19,20,25,31,13,363694232,6,151,17500
ssq,2025121,2025-10-21,6,8,10,25,29,30,8,354466956,13,174,17500
ssq,2025120,2025-10-19,1,2,4,7,13,32,7,385873150,1,47,17500
ssq,2025119,2025-10-16,6,9,23,26,28,32,11,364080712,11,564,17500
ssq,2025118,2025-10-14,1,10,11,16,24,26,3,357347556,6,80,17500
ssq,2025117,2025-10-12,6,8,17,20,25,33,10,389301568,9,177,17500
ssq,2025116,2025-10-09,2,4,8,24,28,31,9,363037044,3,62,17500
ssq,2025115,2025-10-07,2,3,8,19,24,30,2,330722178,39,604,17500
ssq,2025114,2025-10-05,1,20,21,25,26,27,10,306235982,7,87,17500
ssq,2025113,2025-09-30,8,10,13,15,24,31,16,376311750,4,122,17500
ssq,2025112,2025-09-28,3,9,11,13,20,32,2,398243350,4,118,17500
ssq,2025111,2025-09-25,9,14,18,28,31,33,12,366420958,4,67,17500
ssq,2025110,2025-09-23,1,5,11,14,16,19,8,364932922,6,67,17500
ssq,2025109,2025-09-21,5,6,9,17,18,31,3,398851460,12,190,17500
ssq,2025108,2025-09-18,1,9,14,17,22,33,7,359262232,5,129,17500
ssq,2025107,2025-09-16,2,3,10,15,25,33,13,352042890,3,144,17500
ssq,2025106,2025-09-14,4,5,17,22,26,30,4,383828310,8,265,17500
ssq,2025105,2025-09-11,4,7,18,24,26,28,8,357186846,5,160,17500
ssq,2025104,2025-09-09,2,5,15,16,24,32,16,348590986,2,138,17500
ssq,2025103,2025-09-07,13,16,21,25,28,31,16,385480320,3,116,17500
ssq,2025102,2025-09-04,4,9,16,17,18,31,7,351383918,12,136,17500
ssq,2025101,2025-09-02,5,8,9,10,16,21,5,350895240,5,107,17500
ssq,2025100,2025-08-31,12,16,17,25,30,31,16,383791808,11,107,17500
ssq,2025099,2025-08-28,9,11,15,17,22,26,14,353036232,2,155,17500
ssq,2025098,2025-08-26,5,8,13,17,18,29,2,348777356,22,269,17500
ssq,2025097,2025-08-24,3,5,16,23,26,31,14,380958632,2,178,17500
ssq,2025096,2025-08-21,7,9,11,12,16,29,15,350353036,1,165,17500
ssq,2025095,2025-08-19,15,16,22,23,26,32,4,347483168,8,78,17500
ssq,2025094,2025-08-17,11,13,17,19,23,29,16,378464962,8,196,17500
ssq,2025093,2025-08-14,9,11,12,24,25,26,10,356349402,12,136,17500
ssq,2025092,2025-08-12,2,11,14,17,23,24,12,350909082,7,110,17500
ssq,2025091,2025-08-10,3,4,17,19,25,27,14,381527438,8,114,17500
ssq,2025090,2025-08-07,6,11,12,21,27,28,15,358843770,51,197,17500
ssq,2025089,2025-08-05,4,6,8,18,31,33,5,346126366,5,82,17500
ssq,2025088,2025-08-03,1,3,13,18,21,25,6,378870024,4,68,17500
ssq,2025087,2025-07-31,2,6,14,15,24,26,8,350994188,3,105,17500
ssq,2025086,2025-07-29,2,6,8,10,17,24,6,345276906,16,118,17500
ssq,2025085,2025-07-27,11,14,15,18,21,24,13,373432674,17,93,17500
ssq,2025084,2025-07-24,6,8,10,14,24,33,15,350903250,6,120,17500
ssq,2025083,2025-07-22,10,15,16,17,27,29,12,352801672,8,145,17500
ssq,2025082,2025-07-20,4,6,9,14,32,33,11,378156970,4,120,17500
ssq,2025081,2025-07-17,3,6,18,20,23,28,5,353894972,6,149,17500
ssq,2025080,2025-07-15,3,7,8,10,16,19,5,350614738,13,180,17500
ssq,2025079,2025-07-13,8,11,14,15,30,32,5,380647944,6,107,17500
ssq,2025078,2025-07-10,6,15,17,30,32,33,14,350559496,0,111,17500
ssq,2025077,2025-07-08,4,7,8,15,20,21,15,354913968,9,153,17500
ssq,2025076,2025-07-06,2,6,9,12,14,30,8,380376886,4,189,17500
ssq,2025075,2025-07-03,10,12,14,19,20,21,15,356433094,12,175,17500
ssq,2025074,2025-07-01,3,4,12,20,32,33,13,357617458,5,78,17500
ssq,2025073,2025-06-29,2,7,10,27,30,33,11,388648778,19,164,17500
ssq,2025072,2025-06-26,2,14,17,25,27,29,5,359396990,8,121,17500
ssq,2025071,2025-06-24,1,12,18,23,25,28,7,357410052,3,110,17500
ssq,2025070,2025-06-22,2,3,15,21,22,33,6,388014508,5,219,17500
ssq,2025069,2025-06-19,2,4,19,23,27,30,5,367456356,3,93,17500
ssq,2025068,2025-06-17,5,7,8,19,20,31,7,356576372,24,291,17500
ssq,2025067,2025-06-15,1,5,10,17,20,22,5,389127714,13,157,17500
ssq,2025066,2025-06-12,6,22,24,27,28,30,4,366359214,10,94,17500
ssq,2025065,2025-06-10,6,10,13,14,15,20,11,357848508,4,106,17500
ssq,2025064,2025-06-08,2,10,13,22,29,33,16,389225746,10,133,17500
ssq,2025063,2025-06-05,2,19,21,22,28,30,1,366105242,12,77,17500
ssq,2025062,2025-06-03,6,8,9,13,25,31,14,353685018,6,115,17500
ssq,2025061,2025-06-01,6,7,9,10,11,32,9,366761624,6,134,17500
ssq,2025060,2025-05-29,6,14,18,25,28,30,1,358070626,2,149,17500
ssq,2025059,2025-05-27,4,10,11,12,13,24,1,357078086,4,220,17500
ssq,2025058,2025-05-25,2,6,7,9,10,20,6,393500536,10,225,17500
ssq,2025057,2025-05-22,4,9,15,16,25,30,14,362960216,22,869,17500
ssq,2025056,2025-05-20,1,2,10,14,28,31,3,366700300,7,81,17500
ssq,2025055,2025-05-18,2,5,22,27,29,33,12,396605082,3,67,17500
ssq,2025054,2025-05-15,5,7,10,21,24,27,16,374131396,1,176,17500
ssq,2025053,2025-05-13,6,9,10,13,30,33,7,367998390,5,100,17500
ssq,2025052,2025-05-11,6,7,10,17,20,26,9,390015600,27,161,17500
ssq,2025051,2025-05-08,1,2,3,4,17,22,1,365959336,12,194,17500
ssq,2025050,2025-05-06,9,12,15,18,22,33,16,366315720,15,140,17500
ssq,2025049,2025-05-04,3,6,19,27,29,33,11,359533236,10,130,17500
ssq,2025048,2025-05-01,16,21,22,23,27,31,10,326832578,1,57,17500
ssq,2025047,2025-04-29,1,14,21,22,23,31,12,364051920,4,174,17500
ssq,2025046,2025-04-27,2,3,10,16,29,33,1,399679256,6,77,17500
ssq,2025045,2025-04-24,2,14,19,24,29,33,13,373242104,1,68,17500
ssq,2025044,2025-04-22,2,3,7,8,14,28,11,373270898,11,123,17500
ssq,2025043,2025-04-20,3,12,16,19,20,32,13,409814910,8,133,17500
ssq,2025042,2025-04-17,7,13,19,23,27,33,12,385795918,4,169,17500
ssq,2025041,2025-04-15,6,10,17,19,25,31,6,377141604,8,114,17500
ssq,2025040,2025-04-13,2,6,8,9,10,24,11,399308858,34,170,17500
ssq,2025039,2025-04-10,8,10,12,15,17,23,11,381434232,5,111,17500
ssq,2025038,2025-04-08,6,19,20,23,26,33,9,378571560,7,119,17500
ssq,2025037,2025-04-06,3,6,11,20,21,31,2,406066676,10,160,17500
ssq,2025036,2025-04-03,5,11,13,16,19,32,7,372292440,3,82,17500
ssq,2025035,2025-04-01,1,8,16,18,25,31,1,375726786,6,141,17500
ssq,2025034,2025-03-30,5,8,13,14,24,26,12,400660020,8,163,17500
ssq,2025033,2025-03-27,3,5,18,25,26,33,8,379779720,11,101,17500
ssq,2025032,2025-03-25,3,8,10,14,16,21,3,374535064,6,227,17500
ssq,2025031,2025-03-23,1,5,6,8,23,28,1,419594048,18,186,17500
ssq,2025030,2025-03-20,4,6,7,30,31,33,6,395500258,5,113,17500
ssq,2025029,2025-03-18,5,15,16,25,30,33,16,393060268,11,146,17500
ssq,2025028,2025-03-16,4,9,14,15,18,25,15,417970572,1,154,17500
ssq,2025027,2025-03-13,5,7,8,15,16,23,6,394720204,13,211,17500
ssq,2025026,2025-03-11,9,10,12,14,19,32,7,392951650,7,66,17500
ssq,2025025,2025-03-09,12,15,21,23,25,30,2,429174194,6,91,17500
ssq,2025024,2025-03-06,10,11,22,27,30,32,15,390568100,6,169,17500
ssq,2025023,2025-03-04,9,12,13,24,25,33,7,386827864,11,169,17500
ssq,2025022,2025-03-02,11,17,18,20,28,30,10,439339144,4,80,17500
ssq,2025021,2025-02-27,7,8,16,18,25,32,14,406699544,21,226,17500
ssq,2025020,2025-02-25,4,11,13,16,26,30,15,397475096,11,317,17500
ssq,2025019,2025-02-23,5,13,17,18,22,23,11,426478858,5,168,17500
ssq,2025018,2025-02-20,3,9,18,21,28,29,11,389691430,14,149,17500
ssq,2025017,2025-02-18,4,12,15,18,28,29,5,385907866,4,115,17500
ssq,2025016,2025-02-16,2,3,12,16,20,29,14,422332862,7,162,17500
ssq,2025015,2025-02-13,4,11,15,24,25,33,15,381850646,25,344,17500
ssq,2025014,2025-02-11,6,7,9,13,21,27,5,376048608,10,111,17500
ssq,2025013,2025-02-09,4,14,16,23,24,30,14,400862420,8,124,17500
ssq,2025012,2025-02-06,7,11,13,18,27,31,11,384392632,6,132,17500
ssq,2025011,2025-01-26,6,13,17,22,24,29,11,460490078,6,202,17500
ssq,2025010,2025-01-23,4,6,7,16,17,21,8,385376562,38,129,17500
ssq,2025009,2025-01-21,2,4,11,12,23,25,6,375791606,14,334,17500
ssq,2025008,2025-01-19,9,14,16,17,25,33,11,419205612,2,155,17500
ssq,2025007,2025-01-16,7,8,14,18,21,27,11,388819806,3,113,17500
ssq,2025006,2025-01-14,1,7,8,17,20,22,6,388340672,16,328,17500
ssq,2025005,2025-01-12,10,16,19,27,28,30,9,424386010,13,139,17500
ssq,2025004,2025-01-09,3,7,17,27,29,32,4,391221400,9,118,17500
ssq,2025003,2025-01-07,10,19,20,26,28,29,15,396515706,7,135,17500
ssq,2025002,2025-01-05,9,12,13,15,22,26,11,439670530,2,116,17500
ssq,2025001,2025-01-02,2,3,17,18,22,33,16,404437376,108,204,17500
ssq,2024151,2024-12-31,5,10,16,19,29,32,4,428356574,14,193,17500
ssq,2024150,2024-12-29,13,14,20,22,26,32,2,434694410,5,63,17500
ssq,2024149,2024-12-26,3,9,16,17,18,22,16,411127632,6,133,17500
ssq,2024148,2024-12-24,2,6,15,16,21,23,11,412346050,7,85,17500
ssq,2024147,2024-12-22,5,11,13,16,21,30,10,438660552,6,120,17500
ssq,2024146,2024-12-19,2,4,11,22,27,32,10,413166618,24,358,17500
ssq,2024145,2024-12-17,1,3,16,22,23,30,3,451419346,11,121,17500
ssq,2024144,2024-12-15,2,9,11,17,20,30,11,491869822,17,315,17500
ssq,2024143,2024-12-12,2,5,11,22,30,33,10,463226948,8,226,17500
ssq,2024142,2024-12-10,4,6,13,21,22,25,6,441190576,14,178,17500
ssq,2024141,2024-12-08,1,2,7,15,24,29,12,481535824,20,188,17500
ssq,2024140,2024-12-05,4,7,8,17,22,26,15,459136590,5,180,17500
ssq,2024139,2024-12-03,15,16,20,22,23,29,14,456605906,11,97,17500
ssq,2024138,2024-12-01,2,7,11,21,27,28,2,491074898,20,307,17500
ssq,2024137,2024-11-28,4,9,10,19,26,27,12,446966366,70,855,17500
ssq,2024136,2024-11-26,3,11,15,21,25,26,3,429233698,8,131,17500
ssq,2024135,2024-11-24,5,11,17,18,30,31,13,465732500,19,256,17500
ssq,2024134,2024-11-21,2,4,13,16,18,20,16,439880754,2,103,17500
ssq,2024133,2024-11-19,1,11,15,27,30,33,1,432267736,22,128,17500
ssq,2024132,2024-11-17,1,4,25,27,28,33,3,471463176,6,87,17500
ssq,2024131,2024-11-14,4,5,11,15,20,32,13,435463406,15,236,17500
ssq,2024130,2024-11-12,1,8,12,17,19,24,16,439889754,9,135,17500
ssq,2024129,2024-11-10,9,10,13,19,24,32,1,479114118,16,120,17500
ssq,2024128,2024-11-07,1,8,13,18,20,26,16,445426800,2,118,17500
ssq,2024127,2024-11-05,2,5,13,20,27,32,10,438566712,5,165,17500
ssq,2024126,2024-11-03,14,18,23,24,26,33,10,473613616,8,69,17500
ssq,2024125,2024-10-31,1,4,13,18,26,30,3,351905686,9,419,17500
ssq,2024124,2024-10-29,2,14,15,17,25,30,11,346613892,4,80,17500
ssq,2024123,2024-10-27,2,15,22,26,30,33,4,375813786,7,84,17500
ssq,2024122,2024-10-24,5,7,9,16,17,29,15,352551896,10,228,17500
ssq,2024121,2024-10-22,1,7,10,13,27,33,3,341159894,12,68,17500
ssq,2024120,2024-10-20,1,5,7,11,18,19,7,364140764,15,183,17500
ssq,2024119,2024-10-17,2,9,26,27,31,32,14,343140726,4,72,17500
ssq,2024118,2024-10-15,2,3,4,6,11,15,14,342882326,5,64,17500
ssq,2024117,2024-10-13,3,12,14,16,29,32,12,376451952,4,113,17500
ssq,2024116,2024-10-10,1,15,20,22,31,32,3,352746618,2,66,17500
ssq,2024115,2024-10-08,3,10,11,19,27,28,7,341744330,29,178,17500
ssq,2024114,2024-10-06,7,11,18,24,27,32,4,354097454,6,250,17500
ssq,2024113,2024-09-29,4,5,23,24,26,31,11,377101508,1,65,17500
ssq,2024112,2024-09-26,8,11,16,25,29,32,3,348744958,9,163,17500
ssq,2024111,2024-09-24,1,4,11,12,22,30,16,339434250,11,178,17500
ssq,2024110,2024-09-22,4,13,17,23,25,33,14,368550846,4,69,17500
ssq,2024109,2024-09-19,3,4,24,28,29,33,9,343699030,9,72,17500
ssq,2024108,2024-09-17,1,8,9,23,24,30,8,323582976,8,139,17500
ssq,2024107,2024-09-15,1,6,8,13,17,19,9,354933898,18,90,17500
ssq,2024106,2024-09-12,3,8,11,22,31,33,4,347018184,11,208,17500
ssq,2024105,2024-09-10,2,5,17,19,29,33,4,342083742,6,62,17500
ssq,2024104,2024-09-08,5,16,23,24,26,29,4,373660982,10,206,17500
ssq,2024103,2024-09-05,12,21,23,27,32,33,15,346931426,8,115,17500
ssq,2024102,2024-09-03,9,15,18,21,22,25,1,344796788,5,197,17500
ssq,2024101,2024-09-01,8,12,15,17,19,30,8,374345806,11,103,17500
ssq,2024100,2024-08-29,13,14,19,20,27,30,5,348781408,3,79,17500
ssq,2024099,2024-08-27,4,12,17,24,26,27,16,344108040,9,92,17500
ssq,2024098,2024-08-25,3,8,10,20,30,31,2,381156802,9,171,17500
ssq,2024097,2024-08-22,4,10,12,13,18,30,3,354395754,3,40,17500
ssq,2024096,2024-08-20,2,4,14,18,23,27,13,352522568,4,203,17500
ssq,2024095,2024-08-18,4,6,9,14,16,21,3,385134230,17,199,17500
ssq,2024094,2024-08-15,6,13,17,22,25,27,9,350072302,57,273,17500
ssq,2024093,2024-08-13,1,5,7,11,12,15,12,348127806,4,148,17500
ssq,2024092,2024-08-11,3,8,11,12,18,29,5,370253242,14,234,17500
ssq,2024091,2024-08-08,13,15,16,19,20,24,10,356693206,2,88,17500
ssq,2024090,2024-08-06,7,11,17,24,31,32,12,350631612,7,85,17500
ssq,2024089,2024-08-04,3,6,9,15,18,31,1,380044140,12,166,17500
ssq,2024088,2024-08-01,3,8,10,17,30,32,10,354401976,3,135,17500
ssq,2024087,2024-07-30,3,9,18,19,20,26,11,346836290,59,131,17500
ssq,2024086,2024-07-28,17,19,20,23,25,31,2,369996636,3,61,17500
ssq,2024085,2024-07-25,1,5,15,21,23,27,15,345948072,5,106,17500
ssq,2024084,2024-07-23,1,8,10,13,19,29,13,347931710,5,98,17500
ssq,2024083,2024-07-21,3,9,14,29,32,33,15,378567992,8,101,17500
ssq,2024082,2024-07-18,1,2,13,16,17,29,16,350123408,3,89,17500
ssq,2024081,2024-07-16,1,6,12,17,23,25,4,351219750,11,501,17500
ssq,2024080,2024-07-14,6,11,12,27,29,30,13,375983952,9,197,17500
ssq,2024079,2024-07-11,2,3,6,7,16,26,4,351442404,10,324,17500
ssq,2024078,2024-07-09,5,9,14,21,22,26,12,342123330,17,171,17500
ssq,2024077,2024-07-07,1,4,6,14,17,22,8,369020954,5,92,17500
ssq,2024076,2024-07-04,3,22,24,27,29,32,15,348856354,2,80,17500
ssq,2024075,2024-07-02,3,5,8,18,22,28,1,345694980,18,320,17500
ssq,2024074,2024-06-30,7,8,10,22,24,32,7,375016018,5,90,17500
ssq,2024073,2024-06-27,3,9,12,18,28,30,1,351823400,4,288,17500
ssq,2024072,2024-06-25,1,14,20,21,23,27,6,342963952,0,96,17500
ssq,2024071,2024-06-23,2,8,19,28,30,31,14,377739850,11,130,17500
ssq,2024070,2024-06-20,4,13,18,20,22,28,5,355743106,8,95,17500
ssq,2024069,2024-06-18,6,13,20,21,24,32,6,349312006,12,121,17500
ssq,2024068,2024-06-16,1,2,7,19,20,21,1,382798116,25,190,17500
ssq,2024067,2024-06-13,1,11,13,17,25,29,3,359572106,7,100,17500
ssq,2024066,2024-06-11,8,9,12,22,26,32,13,348630430,16,168,17500
ssq,2024065,2024-06-09,3,5,9,10,19,22,14,373231796,10,236,17500
ssq,2024064,2024-06-06,6,8,17,18,28,30,5,365056746,21,277,17500
ssq,2024063,2024-06-04,7,14,16,23,28,32,4,362508790,10,245,17500
ssq,2024062,2024-06-02,1,7,10,16,18,27,16,390275626,5,90,17500
ssq,2024061,2024-05-30,1,9,18,22,25,28,2,364421040,4,143,17500
ssq,2024060,2024-05-28,1,2,6,10,22,28,15,358843202,9,122,17500
ssq,2024059,2024-05-26,1,3,14,25,31,33,7,390426128,6,137,17500
ssq,2024058,2024-05-23,8,12,13,17,27,29,13,369285740,2,84,17500
ssq,2024057,2024-05-21,3,8,17,18,23,31,8,365625592,18,384,17500
ssq,2024056,2024-05-19,5,18,20,24,25,26,6,397159810,6,97,17500
ssq,2024055,2024-05-16,2,4,6,7,16,29,3,377710122,1,144,17500
ssq,2024054,2024-05-14,8,13,20,25,31,32,3,367543408,5,242,17500
ssq,2024053,2024-05-12,7,14,21,22,28,33,7,395915432,14,220,17500
ssq,2024052,2024-05-09,7,10,11,15,17,21,3,373167274,6,131,17500
ssq,2024051,2024-05-07,5,9,13,20,23,28,6,367939562,15,203,17500
ssq,2024050,2024-05-05,1,3,7,10,22,33,2,388201440,13,226,17500
ssq,2024049,2024-05-02,12,15,17,23,26,32,11,330045974,3,141,17500
ssq,2024048,2024-04-30,2,9,15,19,26,28,2,351928312,7,114,17500
ssq,2024047,2024-04-28,7,8,21,26,29,30,15,405356264,26,91,17500
ssq,2024046,2024-04-25,2,6,10,11,17,29,15,382103034,6,188,17500
ssq,2024045,2024-04-23,2,8,19,23,24,26,3,379451774,13,334,17500
ssq,2024044,2024-04-21,2,6,17,25,32,33,6,405727312,5,115,17500
ssq,2024043,2024-04-18,4,6,7,14,15,24,8,379945476,12,146,17500
ssq,2024042,2024-04-16,2,4,5,14,26,32,14,385020364,1,46,17500
ssq,2024041,2024-04-14,2,9,12,22,25,33,16,412186810,67,542,17500
ssq,2024040,2024-04-11,11,14,18,19,23,26,2,386011398,8,213,17500
ssq,2024039,2024-04-09,2,6,12,29,30,31,10,381702830,12,138,17500
ssq,2024038,2024-04-07,8,10,18,23,27,31,2,403976694,3,190,17500
ssq,2024037,2024-04-04,1,4,5,6,12,14,13,356283280,3,90,17500
ssq,2024036,2024-04-02,2,8,9,12,21,31,2,375133272,10,206,17500
ssq,2024035,2024-03-31,5,7,14,17,22,32,6,412436132,21,504,17500
ssq,2024034,2024-03-28,2,9,12,19,21,31,4,385412112,17,248,17500
ssq,2024033,2024-03-26,6,10,11,18,20,32,5,374362318,4,117,17500
ssq,2024032,2024-03-24,1,3,4,11,12,21,16,413703736,14,135,17500
ssq,2024031,2024-03-21,9,10,13,25,30,32,2,401159328,19,173,17500
ssq,2024030,2024-03-19,1,8,22,25,29,33,10,398025748,3,76,17500
ssq,2024029,2024-03-17,12,18,23,25,28,33,4,433441094,1,116,17500
ssq,2024028,2024-03-14,3,7,8,11,18,19,5,400874276,12,206,17500
ssq,2024027,2024-03-12,2,6,13,27,28,32,13,398514350,9,296,17500
ssq,2024026,2024-03-10,4,7,18,19,20,25,6,431419382,14,465,17500
ssq,2024025,2024-03-07,8,15,21,22,25,33,13,399059370,8,77,17500
ssq,2024024,2024-03-05,3,7,21,24,26,30,10,389179240,10,276,17500
ssq,2024023,2024-03-03,1,10,22,25,28,32,10,429941270,4,174,17500
ssq,2024022,2024-02-29,2,9,11,14,18,26,6,388759926,27,335,17500
ssq,2024021,2024-02-27,4,6,16,17,23,24,11,387567590,8,182,17500
ssq,2024020,2024-02-25,3,8,12,14,17,33,8,401743532,3,65,17500
ssq,2024019,2024-02-22,5,11,12,16,17,20,8,362006810,10,107,17500
ssq,2024018,2024-02-20,6,15,17,24,28,29,16,362234554,9,224,17500
ssq,2024017,2024-02-18,4,17,19,20,25,32,4,408414594,3,96,17500
ssq,2024016,2024-02-06,7,12,20,24,32,33,4,398150146,136,87,17500
ssq,2024015,2024-02-04,3,8,17,18,20,30,15,391425990,7,254,17500
ssq,2024014,2024-02-01,1,2,10,22,24,25,13,369008560,7,110,17500
ssq,2024013,2024-01-30,1,7,10,14,21,25,7,368057096,14,149,17500
ssq,2024012,2024-01-28,1,3,7,18,22,28,15,406461312,7,138,17500
ssq,2024011,2024-01-25,8,12,16,20,27,31,6,382080084,13,143,17500
ssq,2024010,2024-01-23,11,16,20,21,23,24,4,372460178,4,73,17500
ssq,2024009,2024-01-21,1,4,7,10,17,23,14,409759128,4,118,17500
ssq,2024008,2024-01-18,8,20,21,23,27,30,13,390103204,5,151,17500
ssq,2024007,2024-01-16,4,5,6,7,20,22,15,391831746,5,178,17500
ssq,2024006,2024-01-14,7,18,20,21,26,32,5,430067550,11,98,17500
ssq,2024005,2024-01-11,5,6,20,23,25,32,3,407820678,5,99,17500
ssq,2024004,2024-01-09,9,13,17,18,21,27,4,397770990,9,163,17500
ssq,2024003,2024-01-07,1,5,8,13,32,33,3,428830208,12,116,17500
ssq,2024002,2024-01-04,4,9,10,17,19,20,9,402054502,30,196,17500
ssq,2024001,2024-01-02,3,7,16,26,27,32,16,397951464,7,164,17500
ssq,2023151,2023-12-31,1,15,16,20,25,27,5,452958034,10,112,17500
ssq,2023150,2023-12-28,10,17,25,26,30,33,5,411922624,7,109,17500
ssq,2023149,2023-12-26,2,10,19,24,26,33,15,405361488,4,134,17500
ssq,2023148,2023-12-24,3,5,7,9,19,20,8,454223900,39,424,17500
ssq,2023147,2023-12-21,5,6,14,16,19,32,12,432874498,8,96,17500
ssq,2023146,2023-12-19,2,3,6,11,20,32,9,449833942,9,172,17500
ssq,2023145,2023-12-17,7,10,21,22,23,24,11,488324570,8,195,17500
ssq,2023144,2023-12-14,12,16,17,22,25,27,8,461560620,9,151,17500
ssq,2023143,2023-12-12,5,7,9,16,23,30,15,460243432,32,187,17500
ssq,2023142,2023-12-10,2,8,20,21,27,33,14,507406422,3,130,17500
ssq,2023141,2023-12-07,1,8,11,12,21,23,3,493963074,11,220,17500
ssq,2023140,2023-12-05,3,4,11,14,30,31,5,480392100,12,123,17500
ssq,2023139,2023-12-03,12,14,19,21,27,31,11,521719600,7,133,17500
ssq,2023138,2023-11-30,3,22,28,30,31,33,4,492601986,3,78,17500
ssq,2023137,2023-11-28,3,12,17,19,23,27,11,492348152,6,213,17500
ssq,2023136,2023-11-26,3,5,10,21,22,26,10,525192790,21,240,17500
ssq,2023135,2023-11-23,5,6,11,13,28,30,7,486609550,23,221,17500
ssq,2023134,2023-11-21,5,8,9,17,22,33,4,484355844,28,232,17500
ssq,2023133,2023-11-19,4,5,10,14,22,25,3,517770956,17,306,17500
ssq,2023132,2023-11-16,3,9,11,15,25,27,1,474511672,24,339,17500
ssq,2023131,2023-11-14,6,7,14,20,26,32,1,466031504,7,140,17500
ssq,2023130,2023-11-12,4,10,17,22,23,32,16,497696868,3,261,17500
ssq,2023129,2023-11-09,8,9,12,17,32,33,4,473959588,6,132,17500
ssq,2023128,2023-11-07,7,16,20,21,27,33,1,381237932,7,178,17500
ssq,2023127,2023-11-05,3,8,19,22,26,32,14,415967168,13,253,17500
ssq,2023126,2023-11-02,10,24,26,28,29,31,16,394649530,7,140,17500
ssq,2023125,2023-10-31,11,14,15,27,30,33,4,386307316,3,104,17500
ssq,2023124,2023-10-29,2,3,17,18,25,30,11,417825112,8,207,17500
ssq,2023123,2023-10-26,10,13,15,22,29,32,15,385283048,14,146,17500
ssq,2023122,2023-10-24,7,8,14,18,20,30,5,383794308,9,104,17500
ssq,2023121,2023-10-22,2,12,16,25,30,31,12,412907242,8,105,17500
ssq,2023120,2023-10-19,3,8,13,24,27,29,8,382480862,15,262,17500
ssq,2023119,2023-10-17,1,2,3,19,21,28,15,379869478,4,76,17500
ssq,2023118,2023-10-15,1,2,11,19,25,29,4,416077564,9,400,17500
ssq,2023117,2023-10-12,2,11,14,17,18,28,8,382441836,8,114,17500
ssq,2023116,2023-10-10,2,8,9,13,24,27,12,373229184,10,238,17500
ssq,2023115,2023-10-08,2,7,16,21,26,27,16,399381218,13,123,17500
ssq,2023114,2023-10-05,7,9,15,16,17,26,9,370562742,9,157,17500
ssq,2023113,2023-09-28,1,2,13,18,25,27,3,373161172,9,101,17500
ssq,2023112,2023-09-26,9,12,13,22,24,31,4,369828352,13,176,17500
ssq,2023111,2023-09-24,5,6,12,17,20,33,9,404303630,4,121,17500
ssq,2023110,2023-09-21,2,6,20,25,29,33,16,375580258,6,70,17500
ssq,2023109,2023-09-19,6,8,10,13,16,28,13,372318810,3,221,17500
ssq,2023108,2023-09-17,1,3,6,8,18,24,9,414140392,12,109,17500
ssq,2023107,2023-09-14,3,7,18,25,29,33,14,377747376,5,194,17500
ssq,2023106,2023-09-12,7,9,10,20,22,24,7,375981944,4,140,17500
ssq,2023105,2023-09-10,1,3,5,26,30,32,16,405852212,3,77,17500
ssq,2023104,2023-09-07,10,19,23,25,30,31,12,371735912,2,76,17500
ssq,2023103,2023-09-05,5,6,13,24,25,29,15,370559376,3,103,17500
ssq,2023102,2023-09-03,1,9,10,13,21,28,10,408618502,10,98,17500
ssq,2023101,2023-08-31,1,5,9,15,18,26,4,370629284,4,164,17500
ssq,2023100,2023-08-29,5,6,12,15,23,25,4,359711540,19,243,17500
ssq,2023099,2023-08-27,9,11,14,19,27,33,5,390452378,18,82,17500
ssq,2023098,2023-08-24,2,10,11,14,21,27,11,362199042,13,266,17500
ssq,2023097,2023-08-22,1,9,14,19,29,30,15,357725994,13,225,17500
ssq,2023096,2023-08-20,8,11,18,26,31,32,15,387715200,8,125,17500
ssq,2023095,2023-08-17,3,8,16,17,22,26,11,357870744,22,342,17500
ssq,2023094,2023-08-15,6,10,12,14,30,31,12,353863692,13,62,17500
ssq,2023093,2023-08-13,10,21,24,25,27,32,7,382160878,2,55,17500
ssq,2023092,2023-08-10,3,12,24,25,32,33,13,357345052,6,98,17500
ssq,2023091,2023-08-08,16,20,22,26,30,32,16,358375594,8,64,17500
ssq,2023090,2023-08-06,1,2,9,26,30,31,7,384947064,4,97,17500
ssq,2023089,2023-08-03,8,13,15,27,28,31,11,354904960,18,122,17500
ssq,2023088,2023-08-01,1,14,18,26,31,33,5,350096092,11,98,17500
ssq,2023087,2023-07-30,2,9,15,17,28,33,1,381153750,9,158,17500
ssq,2023086,2023-07-27,8,9,10,22,26,32,12,357436118,11,185,17500
ssq,2023085,2023-07-25,11,18,23,24,31,33,13,356240472,6,97,17500
ssq,2023084,2023-07-23,9,13,14,17,19,27,3,386580634,5,99,17500
ssq,2023083,2023-07-20,7,10,12,16,17,30,12,360195880,5,141,17500
ssq,2023082,2023-07-18,4,18,19,24,27,30,16,355121956,13,144,17500
ssq,2023081,2023-07-16,1,11,15,16,22,31,15,387109286,6,53,17500
ssq,2023080,2023-07-13,1,2,4,9,25,31,8,363086950,9,66,17500
ssq,2023079,2023-07-11,5,6,9,12,21,22,7,352893610,44,219,17500
ssq,2023078,2023-07-09,6,8,14,19,30,31,8,376825490,22,134,17500
ssq,2023077,2023-07-06,7,9,14,22,26,27,1,351174612,8,232,17500
ssq,2023076,2023-07-04,3,4,15,18,19,22,9,349981630,8,92,17500
ssq,2023075,2023-07-02,13,15,24,28,30,31,1,382962350,9,107,17500
ssq,2023074,2023-06-29,2,8,9,18,19,21,3,358471886,4,228,17500
ssq,2023073,2023-06-27,1,3,15,16,25,32,10,360075550,5,64,17500
ssq,2023072,2023-06-25,2,6,10,24,25,33,9,390203400,7,197,17500
ssq,2023071,2023-06-22,5,12,15,19,24,26,6,335357710,16,127,17500
ssq,2023070,2023-06-20,3,5,25,31,32,33,4,358436376,0,110,17500
ssq,2023069,2023-06-18,12,14,17,20,21,26,2,396617204,6,129,17500
ssq,2023068,2023-06-15,11,12,15,18,29,33,2,370869162,1,96,17500
ssq,2023067,2023-06-13,1,3,12,19,28,32,14,364444632,5,220,17500
ssq,2023066,2023-06-11,2,7,8,10,26,31,6,393592226,18,175,17500
ssq,2023065,2023-06-08,2,14,17,20,26,33,14,364732942,8,128,17500
ssq,2023064,2023-06-06,1,7,11,12,16,18,4,358055754,19,252,17500
ssq,2023063,2023-06-04,4,8,17,20,22,27,13,390718820,4,172,17500
ssq,2023062,2023-06-01,11,19,23,24,26,33,15,359921314,1,100,17500
ssq,2023061,2023-05-30,1,4,6,11,12,22,15,365432766,3,163,17500
ssq,2023060,2023-05-28,9,11,17,19,30,31,11,402713176,6,108,17500
ssq,2023059,2023-05-25,2,6,13,22,27,32,6,374631364,30,184,17500
ssq,2023058,2023-05-23,10,17,22,26,30,33,11,372662796,2,76,17500
ssq,2023057,2023-05-21,2,5,10,17,24,32,3,396913794,21,202,17500
ssq,2023056,2023-05-18,8,14,15,18,23,33,8,372532958,10,91,17500
ssq,2023055,2023-05-16,3,4,20,23,27,32,13,370786668,1,66,17500
ssq,2023054,2023-05-14,5,6,9,10,15,26,12,394464450,8,610,17500
ssq,2023053,2023-05-11,1,7,14,20,27,30,15,364282626,10,420,17500
ssq,2023052,2023-05-09,3,4,5,8,12,17,6,358038114,16,179,17500
ssq,2023051,2023-05-07,22,26,29,30,32,33,14,388332454,2,95,17500
ssq,2023050,2023-05-04,2,7,9,14,22,23,5,359185180,5,115,17500
ssq,2023049,2023-05-02,5,7,14,23,25,27,2,328857030,6,170,17500
ssq,2023048,2023-04-30,2,3,10,24,28,30,8,362109840,16,158,17500
ssq,2023047,2023-04-27,5,7,14,23,31,33,7,373486114,8,123,17500
ssq,2023046,2023-04-25,6,8,17,25,26,28,3,364967218,4,121,17500
ssq,2023045,2023-04-23,3,6,12,21,27,28,4,398638950,14,240,17500
ssq,2023044,2023-04-20,2,8,15,22,24,26,16,375494004,8,99,17500
ssq,2023043,2023-04-18,5,8,12,20,24,28,10,370609676,19,228,17500
ssq,2023042,2023-04-16,10,17,20,23,27,30,10,406450374,10,224,17500
ssq,2023041,2023-04-13,1,6,12,13,15,24,6,379030400,3,118,17500
ssq,2023040,2023-04-11,9,16,17,24,29,31,8,372777348,5,165,17500
ssq,2023039,2023-04-09,2,3,9,13,19,28,9,409186858,5,191,17500
ssq,2023038,2023-04-06,2,9,14,17,31,33,8,368841578,11,135,17500
ssq,2023037,2023-04-04,8,23,25,26,29,31,12,357460864,16,115,17500
ssq,2023036,2023-04-02,13,14,18,19,24,30,9,402105258,24,271,17500
ssq,2023035,2023-03-30,1,4,9,10,20,33,6,376157550,10,100,17500
ssq,2023034,2023-03-28,2,3,9,11,12,17,15,371464196,5,146,17500
ssq,2023033,2023-03-26,8,9,13,23,24,26,5,407044870,5,240,17500
ssq,2023032,2023-03-23,6,19,20,26,28,33,1,378271328,15,142,17500
ssq,2023031,2023-03-21,7,14,27,29,31,33,5,377795536,3,309,17500
ssq,2023030,2023-03-19,2,3,7,16,30,31,6,407635670,7,78,17500
ssq,2023029,2023-03-16,3,7,12,24,28,33,8,373970632,5,173,17500
ssq,2023028,2023-03-14,5,7,10,17,20,22,14,378131048,4,151,17500
ssq,2023027,2023-03-12,8,10,22,27,32,33,8,405939502,5,88,17500
ssq,2023026,2023-03-09,1,18,26,30,31,33,3,382398740,12,98,17500
ssq,2023025,2023-03-07,4,16,20,21,31,32,14,383537242,10,118,17500
ssq,2023024,2023-03-05,3,6,9,17,27,28,3,424465912,21,487,17500
ssq,2023023,2023-03-02,5,8,10,15,24,25,9,394377912,41,258,17500
ssq,2023022,2023-02-28,10,11,18,19,23,31,3,393991274,1,112,17500
ssq,2023021,2023-02-26,2,5,6,19,21,27,4,430229092,21,186,17500
ssq,2023020,2023-02-23,1,12,17,18,26,27,5,394774502,2,92,17500
ssq,2023019,2023-02-21,6,12,26,28,29,32,15,399695170,7,110,17500
ssq,2023018,2023-02-19,10,12,17,19,25,31,13,428078014,1,380,17500
ssq,2023017,2023-02-16,5,11,18,20,26,28,12,385010210,6,195,17500
ssq,2023016,2023-02-14,14,16,19,23,28,30,3,363237418,2,79,17500
ssq,2023015,2023-02-12,2,3,14,21,29,32,8,392727530,10,195,17500
ssq,2023014,2023-02-09,6,7,18,23,27,30,5,354854954,5,147,17500
ssq,2023013,2023-02-07,6,10,14,22,23,33,13,351959204,2,81,17500
ssq,2023012,2023-02-05,3,4,7,22,26,30,6,377681908,14,270,17500
ssq,2023011,2023-02-02,6,7,16,17,21,22,4,344777252,13,252,17500
ssq,2023010,2023-01-31,4,5,13,18,27,29,12,335698884,8,220,17500
ssq,2023009,2023-01-29,3,4,19,23,30,32,6,370445322,2,225,17500
ssq,2023008,2023-01-17,5,13,18,20,26,28,6,367864780,9,146,17500
ssq,2023007,2023-01-15,5,6,9,22,25,31,3,357680590,3,160,17500
ssq,2023006,2023-01-12,2,10,12,14,24,26,5,341187596,13,109,17500
ssq,2023005,2023-01-10,2,6,8,13,14,19,16,331127174,2,153,17500
ssq,2023004,2023-01-08,1,7,15,16,20,25,16,362777504,8,166,17500
ssq,2023003,2023-01-05,5,8,18,25,30,32,6,332514694,8,112,17500
ssq,2023002,2023-01-03,2,6,10,16,18,22,13,317440920,6,164,17500
ssq,2023001,2023-01-01,9,16,18,22,28,32,2,349018800,7,135,17500
ssq,2022150,2022-12-29,1,7,11,12,22,28,5,322732470,9,203,17500
ssq,2022149,2022-12-27,2,22,26,29,32,33,14,305443962,7,94,17500
ssq,2022148,2022-12-25,2,15,16,17,21,31,14,328466772,9,72,17500
ssq,2022147,2022-12-22,2,3,7,13,20,30,10,308727648,17,148,17500
ssq,2022146,2022-12-20,6,7,13,18,26,31,6,319241960,9,391,17500
ssq,2022145,2022-12-18,3,21,25,30,31,33,11,366333090,4,68,17500
ssq,2022144,2022-12-15,7,20,22,23,31,32,5,400859910,11,65,17500
ssq,2022143,2022-12-13,7,8,13,29,30,33,3,397641696,15,149,17500
ssq,2022142,2022-12-11,1,3,13,16,21,27,3,440572602,12,122,17500
ssq,2022141,2022-12-08,5,12,13,17,20,27,14,415110854,21,135,17500
ssq,2022140,2022-12-06,8,9,18,19,20,27,15,397499610,19,673,17500
ssq,2022139,2022-12-04,6,7,9,16,17,19,14,421220444,12,443,17500
ssq,2022138,2022-12-01,2,14,19,21,25,28,11,382295872,2,67,17500
ssq,2022137,2022-11-29,8,21,23,27,28,33,1,380398430,8,160,17500
ssq,2022136,2022-11-27,8,10,14,15,18,22,8,412826960,19,122,17500
ssq,2022135,2022-11-24,9,11,13,24,28,32,6,402652460,12,143,17500
ssq,2022134,2022-11-22,1,5,14,17,24,31,14,404859714,10,90,17500
ssq,2022133,2022-11-20,5,8,16,17,21,25,12,457083562,11,241,17500
ssq,2022132,2022-11-17,1,3,18,26,32,33,4,439981994,4,88,17500
ssq,2022131,2022-11-15,3,5,10,13,19,29,6,425292626,19,251,17500
ssq,2022130,2022-11-13,2,8,15,17,26,28,12,446023212,50,542,17500
ssq,2022129,2022-11-10,10,12,14,22,24,27,7,430007836,7,102,17500
ssq,2022128,2022-11-08,3,12,18,24,27,29,1,420999886,11,210,17500
ssq,2022127,2022-11-06,3,4,9,10,29,33,13,455409958,5,178,17500
ssq,2022126,2022-11-03,1,13,15,17,26,33,13,436137344,6,151,17500
ssq,2022125,2022-11-01,2,3,7,12,20,31,16,429659904,7,231,17500
ssq,2022124,2022-10-30,5,10,13,18,24,26,1,383396494,4,124,17500
ssq,2022123,2022-10-27,10,13,16,20,21,25,5,360850820,8,637,17500
ssq,2022122,2022-10-25,6,8,17,19,24,28,5,350001646,26,214,17500
ssq,2022121,2022-10-23,12,17,22,27,30,31,2,380066114,8,102,17500
ssq,2022120,2022-10-20,2,15,19,26,27,29,2,355500194,43,288,17500
ssq,2022119,2022-10-18,2,5,15,18,26,27,4,341495720,12,309,17500
ssq,2022118,2022-10-16,2,6,7,11,14,33,8,374309728,5,173,17500
ssq,2022117,2022-10-13,4,13,17,18,28,29,6,345578024,11,166,17500
ssq,2022116,2022-10-11,8,14,26,27,30,33,1,337975208,1,93,17500
ssq,2022115,2022-10-09,6,7,18,20,27,29,9,359461828,33,169,17500
ssq,2022114,2022-10-06,1,5,15,19,26,29,13,347069064,12,241,17500
ssq,2022113,2022-09-29,13,14,20,24,27,29,2,363604180,2,84,17500
ssq,2022112,2022-09-27,3,5,8,17,25,31,1,348893862,5,169,17500
ssq,2022111,2022-09-25,2,10,11,13,28,31,1,385923798,3,160,17500
ssq,2022110,2022-09-22,9,13,15,18,20,28,15,352346658,7,237,17500
ssq,2022109,2022-09-20,4,11,13,19,22,33,11,349805376,5,78,17500
ssq,2022108,2022-09-18,1,7,13,17,18,31,15,379260702,13,269,17500
ssq,2022107,2022-09-15,3,9,11,15,19,28,16,342747048,9,139,17500
ssq,2022106,2022-09-13,17,20,22,23,24,31,1,336123528,3,50,17500
ssq,2022105,2022-09-11,6,12,13,15,21,23,15,357410590,4,85,17500
ssq,2022104,2022-09-08,1,8,19,25,26,31,1,337087306,18,214,17500
ssq,2022103,2022-09-06,6,9,12,14,20,28,10,331343836,12,146,17500
ssq,2022102,2022-09-04,9,10,12,18,29,32,14,360805992,6,137,17500
ssq,2022101,2022-09-01,4,16,18,19,27,28,4,342584116,34,134,17500
ssq,2022100,2022-08-30,2,6,7,15,20,21,15,338953236,11,106,17500
ssq,2022099,2022-08-28,1,11,23,24,26,32,15,368635154,8,256,17500
ssq,2022098,2022-08-25,2,3,4,6,21,33,5,339839938,14,34,17500
ssq,2022097,2022-08-23,4,5,10,13,30,31,14,339168020,3,65,17500
ssq,2022096,2022-08-21,3,16,17,19,25,33,7,374401638,50,94,17500
ssq,2022095,2022-08-18,4,13,14,18,20,28,8,339954958,7,71,17500
ssq,2022094,2022-08-16,6,11,13,16,19,31,2,333751422,3,186,17500
ssq,2022093,2022-08-14,21,22,24,28,29,32,14,363673578,2,58,17500
ssq,2022092,2022-08-11,7,10,16,20,21,27,11,337222664,20,245,17500
ssq,2022091,2022-08-09,8,18,20,22,24,28,10,335981918,8,244,17500
ssq,2022090,2022-08-07,1,4,25,27,29,30,7,365943774,7,98,17500
ssq,2022089,2022-08-04,2,7,15,29,31,33,15,342434670,3,90,17500
ssq,2022088,2022-08-02,3,9,15,17,20,22,6,340253450,20,168,17500
ssq,2022087,2022-07-31,5,6,9,13,23,25,8,370042706,6,129,17500
ssq,2022086,2022-07-28,1,4,8,21,23,24,11,345421240,8,61,17500
ssq,2022085,2022-07-26,7,9,14,31,32,33,13,341538762,12,112,17500
ssq,2022084,2022-07-24,3,18,23,24,25,32,9,368808592,5,97,17500
ssq,2022083,2022-07-21,8,12,13,14,19,20,5,347550570,13,258,17500
ssq,2022082,2022-07-19,4,10,11,23,30,32,14,347371994,3,79,17500
ssq,2022081,2022-07-17,4,8,11,21,27,30,1,373064250,5,186,17500
ssq,2022080,2022-07-14,5,12,15,17,18,27,4,342797508,9,129,17500
ssq,2022079,2022-07-12,1,9,15,17,22,23,16,341273762,2,68,17500
ssq,2022078,2022-07-10,1,4,5,15,17,31,9,366650644,6,69,17500
ssq,2022077,2022-07-07,3,17,18,19,20,27,16,345118818,14,186,17500
ssq,2022076,2022-07-05,8,9,10,13,24,29,2,342718328,14,142,17500
ssq,2022075,2022-07-03,1,2,4,25,26,30,10,379959636,6,78,17500
ssq,2022074,2022-06-30,5,7,15,19,29,33,15,354915638,6,131,17500
ssq,2022073,2022-06-28,6,10,14,15,26,29,12,352213628,6,141,17500
ssq,2022072,2022-06-26,5,14,15,16,18,32,12,385506202,7,95,17500
ssq,2022071,2022-06-23,4,7,15,18,29,33,1,354289328,8,141,17500
ssq,2022070,2022-06-21,4,6,9,27,28,33,2,356598990,9,226,17500
ssq,2022069,2022-06-19,6,7,13,19,26,29,8,380359658,20,216,17500
ssq,2022068,2022-06-16,7,12,15,24,26,29,6,354071622,7,170,17500
ssq,2022067,2022-06-14,1,5,13,21,26,29,15,347891686,10,147,17500
ssq,2022066,2022-06-12,6,11,14,20,27,30,9,370987262,33,281,17500
ssq,2022065,2022-06-09,9,14,18,23,28,31,2,348395414,4,143,17500
ssq,2022064,2022-06-07,4,6,12,13,17,31,16,340689068,12,81,17500
ssq,2022063,2022-06-05,6,8,9,17,22,31,11,360023818,20,181,17500
ssq,2022062,2022-06-02,16,18,20,21,23,33,5,329515310,5,69,17500
ssq,2022061,2022-05-31,1,3,16,18,29,33,6,331252342,3,64,17500
ssq,2022060,2022-05-29,16,18,19,24,28,32,1,361140396,3,80,17500
ssq,2022059,2022-05-26,6,9,18,19,29,33,6,340378840,20,216,17500
ssq,2022058,2022-05-24,6,13,14,23,31,33,1,336926030,10,126,17500
ssq,2022057,2022-05-22,12,15,20,26,30,33,16,378857894,3,78,17500
ssq,2022056,2022-05-19,1,6,11,14,17,26,15,352329270,6,162,17500
ssq,2022055,2022-05-17,2,4,9,26,28,33,3,350153658,4,77,17500
ssq,2022054,2022-05-15,8,12,21,27,28,33,11,391678014,21,92,17500
ssq,2022053,2022-05-12,10,14,18,23,27,33,15,356510652,4,81,17500
ssq,2022052,2022-05-10,7,24,27,29,31,32,15,359187786,4,61,17500
ssq,2022051,2022-05-08,2,5,11,17,21,33,1,389679034,5,114,17500
ssq,2022050,2022-05-05,3,5,8,14,27,33,8,363371278,16,141,17500
ssq,2022049,2022-05-03,2,4,7,18,25,26,10,337463590,0,127,17500
ssq,2022048,2022-05-01,5,7,17,20,26,31,14,357972850,4,180,17500
ssq,2022047,2022-04-28,3,7,8,14,27,30,9,360230056,21,128,17500
ssq,2022046,2022-04-26,2,11,24,25,27,30,14,358743356,9,132,17500
ssq,2022045,2022-04-24,3,12,17,18,19,28,4,389120778,7,182,17500
ssq,2022044,2022-04-21,1,7,8,21,23,29,6,362459788,11,123,17500
ssq,2022043,2022-04-19,2,17,20,23,25,27,8,350215018,9,54,17500
ssq,2022042,2022-04-17,5,10,11,21,22,30,13,376726628,10,175,17500
ssq,2022041,2022-04-14,5,7,21,22,24,29,14,348280000,4,57,17500
ssq,2022040,2022-04-12,3,12,14,16,31,33,12,343211044,15,199,17500
ssq,2022039,2022-04-10,2,6,7,10,15,20,5,375104494,5,177,17500
ssq,2022038,2022-04-07,9,12,13,16,24,32,4,348860576,5,67,17500
ssq,2022037,2022-04-05,1,10,13,20,22,32,14,332623306,3,74,17500
ssq,2022036,2022-04-03,2,3,14,16,26,31,2,362126634,7,110,17500
ssq,2022035,2022-03-31,8,12,13,19,23,25,15,353577746,8,169,17500
ssq,2022034,2022-03-29,14,17,26,31,32,33,10,361289854,9,49,17500
ssq,2022033,2022-03-27,5,12,19,22,25,26,5,392018786,11,192,17500
ssq,2022032,2022-03-24,4,10,11,14,23,32,7,365937174,7,54,17500
ssq,2022031,2022-03-22,1,10,11,22,26,32,7,353060708,28,296,17500
ssq,2022030,2022-03-20,12,23,24,26,27,30,5,376910184,18,55,17500
ssq,2022029,2022-03-17,3,8,10,13,26,32,8,354275468,10,105,17500
ssq,2022028,2022-03-15,5,11,20,22,23,29,9,359741624,9,330,17500
ssq,2022027,2022-03-13,14,15,18,19,26,32,9,407429120,3,74,17500
ssq,2022026,2022-03-10,3,4,10,15,22,24,2,390646552,10,129,17500
ssq,2022025,2022-03-08,6,19,24,25,28,32,4,380028752,1,98,17500
ssq,2022024,2022-03-06,7,9,10,14,19,24,15,412478136,2,154,17500
ssq,2022023,2022-03-03,7,12,17,19,24,25,2,386299738,9,98,17500
ssq,2022022,2022-03-01,1,7,11,15,17,19,6,374172850,9,162,17500
ssq,2022021,2022-02-27,3,7,22,24,26,31,14,413793268,16,74,17500
ssq,2022020,2022-02-24,9,11,14,22,30,32,1,376104336,1,52,17500
ssq,2022019,2022-02-22,5,6,14,20,21,25,8,374092592,13,123,17500
ssq,2022018,2022-02-20,7,11,16,17,30,32,16,392699896,2,178,17500
ssq,2022017,2022-02-17,6,9,24,29,30,32,7,367332144,5,162,17500
ssq,2022016,2022-02-15,5,10,19,20,29,31,14,370604868,15,336,17500
ssq,2022015,2022-02-13,6,14,16,27,28,31,7,387014176,9,95,17500
ssq,2022014,2022-02-10,6,7,13,14,15,27,4,353937416,7,469,17500
ssq,2022013,2022-02-08,2,3,4,7,10,18,15,376000418,2,133,17500
ssq,2022012,2022-01-27,4,7,8,29,30,31,1,432967098,9,193,17500
ssq,2022011,2022-01-25,6,15,23,24,25,33,15,379627650,4,125,17500
ssq,2022010,2022-01-23,12,18,19,20,21,32,15,403819420,7,139,17500
ssq,2022009,2022-01-20,4,15,17,19,25,28,16,381172430,1,266,17500
ssq,2022008,2022-01-18,2,3,7,9,20,21,13,377713752,3,132,17500
ssq,2022007,2022-01-16,1,20,22,23,25,28,16,417998504,3,81,17500
ssq,2022006,2022-01-13,3,6,9,15,22,31,2,389820756,7,173,17500
ssq,2022005,2022-01-11,7,10,12,16,19,31,16,388503758,2,74,17500
ssq,2022004,2022-01-09,5,19,24,28,30,32,14,441401912,9,62,17500
ssq,2022003,2022-01-06,2,5,16,17,18,30,6,410382612,7,181,17500
ssq,2022002,2022-01-04,2,12,21,23,25,31,8,408646714,9,134,17500
ssq,2022001,2022-01-02,6,13,15,17,20,21,3,447434510,4,83,17500
ssq,2021150,2021-12-30,9,14,20,21,24,26,4,456402254,37,239,17500
ssq,2021149,2021-12-28,5,10,15,18,19,32,5,425925826,8,103,17500
ssq,2021148,2021-12-26,10,12,15,17,19,20,8,459686850,8,175,17500
ssq,2021147,2021-12-23,5,10,11,13,27,28,9,457370132,13,194,17500
ssq,2021146,2021-12-21,7,9,21,22,26,32,3,480619582,6,103,17500
ssq,2021145,2021-12-19,4,7,10,14,16,26,9,517254362,10,159,17500
ssq,2021144,2021-12-16,2,5,13,15,23,26,7,483556078,5,172,17500
ssq,2021143,2021-12-14,1,9,11,13,20,29,9,475857912,41,158,17500
ssq,2021142,2021-12-12,4,7,17,19,20,24,16,509166454,8,227,17500
ssq,2021141,2021-12-09,1,14,19,23,26,30,10,483132724,7,132,17500
ssq,2021140,2021-12-07,5,10,16,26,27,33,1,479975520,20,694,17500
ssq,2021139,2021-12-05,12,14,19,23,24,27,1,531219172,14,193,17500
ssq,2021138,2021-12-02,11,14,15,16,27,32,9,486491502,20,123,17500
ssq,2021137,2021-11-30,3,7,10,14,21,24,1,474456734,19,274,17500
ssq,2021136,2021-11-28,2,6,9,15,19,28,16,517068910,10,319,17500
ssq,2021135,2021-11-25,3,10,17,19,21,31,4,486663630,1,124,17500
ssq,2021134,2021-11-23,1,2,16,19,25,31,8,472467398,11,109,17500
ssq,2021133,2021-11-21,1,3,12,19,27,31,10,511607016,12,171,17500
ssq,2021132,2021-11-18,1,4,6,14,20,28,8,490071244,6,171,17500
ssq,2021131,2021-11-16,8,11,18,19,20,24,1,465860738,6,116,17500
ssq,2021130,2021-11-14,8,9,15,24,26,30,6,398037824,12,155,17500
ssq,2021129,2021-11-11,4,15,21,27,28,29,10,365299936,5,139,17500
ssq,2021128,2021-11-09,5,17,20,21,23,33,4,349441520,3,66,17500
ssq,2021127,2021-11-07,7,15,16,20,27,29,7,365976552,10,96,17500
ssq,2021126,2021-11-04,19,20,23,27,28,31,1,358964852,6,90,17500
ssq,2021125,2021-11-02,14,19,20,23,24,31,9,354978672,4,84,17500
ssq,2021124,2021-10-31,1,3,18,22,29,32,2,394848530,8,117,17500
ssq,2021123,2021-10-28,6,14,15,19,29,31,5,366471258,6,207,17500
ssq,2021122,2021-10-26,4,5,12,15,18,28,7,360872924,5,91,17500
ssq,2021121,2021-10-24,4,5,12,16,22,30,15,390361524,7,205,17500
ssq,2021120,2021-10-21,1,7,8,12,13,18,5,355518696,40,496,17500
ssq,2021119,2021-10-19,3,9,10,11,28,29,13,356935346,15,356,17500
ssq,2021118,2021-10-17,2,6,14,18,20,31,13,386079710,6,126,17500
ssq,2021117,2021-10-14,3,5,17,21,27,33,4,358589610,10,101,17500
ssq,2021116,2021-10-12,6,14,17,18,31,33,6,355338790,3,46,17500
ssq,2021115,2021-10-10,2,10,12,15,24,27,8,380172848,5,100,17500
ssq,2021114,2021-10-07,4,6,8,14,24,27,2,337378334,3,177,17500
ssq,2021113,2021-10-05,4,7,10,22,27,30,2,293434838,12,231,17500
ssq,2021112,2021-09-30,5,6,21,25,28,33,7,370338224,22,229,17500
ssq,2021111,2021-09-28,17,20,22,23,26,28,6,358360092,3,96,17500
ssq,2021110,2021-09-26,10,13,15,24,31,32,2,394569218,5,246,17500
ssq,2021109,2021-09-23,2,3,10,17,20,26,16,366715360,4,132,17500
ssq,2021108,2021-09-21,11,15,18,24,26,32,9,339998838,5,118,17500
ssq,2021107,2021-09-19,2,3,17,19,25,30,1,367139964,7,151,17500
ssq,2021106,2021-09-16,1,4,7,14,30,31,3,364122996,7,150,17500
ssq,2021105,2021-09-14,10,14,15,22,27,32,9,357292170,9,174,17500
ssq,2021104,2021-09-12,1,7,17,20,22,28,15,397369092,6,101,17500
ssq,2021103,2021-09-09,10,13,15,25,29,30,15,369736978,2,122,17500
ssq,2021102,2021-09-07,5,9,15,24,27,30,9,357853464,34,236,17500
ssq,2021101,2021-09-05,2,4,12,22,29,31,1,393612094,6,107,17500
ssq,2021100,2021-09-02,7,9,12,13,14,29,16,364068238,8,170,17500
ssq,2021099,2021-08-31,9,11,17,18,20,27,15,353159630,7,278,17500
ssq,2021098,2021-08-29,1,10,13,18,26,32,5,390403928,4,141,17500
ssq,2021097,2021-08-26,3,11,12,13,25,28,12,355020594,45,359,17500
ssq,2021096,2021-08-24,1,7,11,14,15,26,11,349161898,13,91,17500
ssq,2021095,2021-08-22,8,12,17,24,27,28,13,384516464,4,140,17500
ssq,2021094,2021-08-19,9,11,24,25,28,33,15,353340702,1,101,17500
ssq,2021093,2021-08-17,5,11,15,23,28,33,3,346398722,5,229,17500
ssq,2021092,2021-08-15,2,7,8,10,12,31,3,382276564,4,154,17500
ssq,2021091,2021-08-12,4,6,16,24,26,33,16,352636492,4,102,17500
ssq,2021090,2021-08-10,5,6,12,14,27,28,8,340567382,19,199,17500
ssq,2021089,2021-08-08,1,2,7,13,23,24,12,378094626,51,659,17500
ssq,2021088,2021-08-05,4,12,15,16,19,26,6,339080722,7,165,17500
ssq,2021087,2021-08-03,2,13,16,19,23,24,4,335386836,10,219,17500
ssq,2021086,2021-08-01,6,8,10,14,28,29,1,363965626,1,123,17500
ssq,2021085,2021-07-29,5,6,7,11,14,20,2,343883552,4,189,17500
ssq,2021084,2021-07-27,5,7,9,11,21,28,1,338765612,21,182,17500
ssq,2021083,2021-07-25,4,9,11,25,28,33,4,367542044,25,276,17500
ssq,2021082,2021-07-22,3,6,11,13,26,32,5,344368726,7,161,17500
ssq,2021081,2021-07-20,1,3,5,18,22,23,1,344437194,4,135,17500
ssq,2021080,2021-07-18,5,8,22,23,24,29,9,376533622,12,119,17500
ssq,2021079,2021-07-15,1,3,10,24,28,29,13,345574370,8,95,17500
ssq,2021078,2021-07-13,4,6,15,26,27,31,12,341551308,6,132,17500
ssq,2021077,2021-07-11,8,15,17,25,27,30,10,377616968,13,112,17500
ssq,2021076,2021-07-08,3,9,21,23,30,32,6,347734992,4,87,17500
ssq,2021075,2021-07-06,12,15,16,21,22,29,1,347517338,2,55,17500
ssq,2021074,2021-07-04,4,5,9,14,25,27,7,382266836,14,163,17500
ssq,2021073,2021-07-01,1,6,18,22,24,25,8,353932932,4,83,17500
ssq,2021072,2021-06-29,1,9,15,16,19,21,15,351515940,3,105,17500
ssq,2021071,2021-06-27,1,7,24,31,32,33,8,384399388,6,75,17500
ssq,2021070,2021-06-24,1,5,11,15,16,29,15,356032100,6,179,17500
ssq,2021069,2021-06-22,6,11,18,20,23,26,5,348547620,5,130,17500
ssq,2021068,2021-06-20,4,14,18,24,31,32,15,381950996,7,232,17500
ssq,2021067,2021-06-17,1,11,19,23,25,29,9,352986918,6,61,17500
ssq,2021066,2021-06-15,2,6,19,26,30,33,15,343529368,14,145,17500
ssq,2021065,2021-06-13,1,4,8,19,29,33,16,362527724,3,82,17500
ssq,2021064,2021-06-10,4,6,8,15,16,18,16,353338262,4,112,17500
ssq,2021063,2021-06-08,4,5,6,9,23,24,9,370142008,16,106,17500
ssq,2021062,2021-06-06,12,13,15,20,22,25,10,405763536,6,67,17500
ssq,2021061,2021-06-03,4,9,12,18,20,23,1,376779952,4,127,17500
ssq,2021060,2021-06-01,10,11,17,20,29,30,15,365484344,6,163,17500
ssq,2021059,2021-05-30,1,9,11,18,32,33,14,407754588,1,91,17500
ssq,2021058,2021-05-27,9,11,13,18,19,28,14,382666074,5,96,17500
ssq,2021057,2021-05-25,5,6,9,17,25,33,16,379559152,6,179,17500
ssq,2021056,2021-05-23,8,21,22,23,29,32,1,410076324,10,215,17500
ssq,2021055,2021-05-20,3,11,12,16,22,28,10,376647950,29,206,17500
ssq,2021054,2021-05-18,7,13,21,22,24,31,2,371689954,4,83,17500
ssq,2021053,2021-05-16,7,10,14,16,24,33,16,398009388,3,84,17500
ssq,2021052,2021-05-13,3,4,6,19,21,30,14,376039676,1,171,17500
ssq,2021051,2021-05-11,8,9,10,19,27,29,15,377624458,10,309,17500
ssq,2021050,2021-05-09,2,9,10,16,25,28,8,403433980,22,248,17500
ssq,2021049,2021-05-06,4,11,13,22,25,32,1,375111072,4,78,17500
ssq,2021048,2021-05-04,4,15,17,22,29,32,3,339198590,2,64,17500
ssq,2021047,2021-05-02,3,7,13,16,24,29,1,367123752,5,231,17500
ssq,2021046,2021-04-29,5,9,13,21,28,33,6,377425810,24,122,17500
ssq,2021045,2021-04-27,1,4,14,15,17,32,2,377279966,6,86,17500
ssq,2021044,2021-04-25,5,7,14,17,26,28,13,418973684,5,160,17500
ssq,2021043,2021-04-22,2,3,17,18,23,24,1,389948810,3,93,17500
ssq,2021042,2021-04-20,5,9,10,22,25,27,8,382918124,26,275,17500
ssq,2021041,2021-04-18,2,9,18,23,26,32,14,415676146,54,367,17500
ssq,2021040,2021-04-15,2,6,7,24,28,29,16,385858982,6,238,17500
ssq,2021039,2021-04-13,2,8,21,24,29,31,13,377513042,7,105,17500
ssq,2021038,2021-04-11,5,7,9,16,18,27,6,401665288,32,539,17500
ssq,2021037,2021-04-08,13,17,19,24,26,30,12,374416372,7,104,17500
ssq,2021036,2021-04-06,1,2,6,11,21,26,11,365524430,12,137,17500
ssq,2021035,2021-04-04,12,14,18,20,26,28,11,382205894,7,153,17500
ssq,2021034,2021-04-01,4,10,12,18,23,25,1,377894218,5,155,17500
ssq,2021033,2021-03-30,2,12,13,14,31,33,6,378842354,7,98,17500
ssq,2021032,2021-03-28,1,5,8,15,16,30,3,421020572,12,187,17500
ssq,2021031,2021-03-25,6,11,21,25,28,31,7,389664660,12,166,17500
ssq,2021030,2021-03-23,8,9,13,27,29,31,5,388490602,7,143,17500
ssq,2021029,2021-03-21,8,10,15,17,22,30,12,413514858,17,234,17500
ssq,2021028,2021-03-18,11,16,23,26,27,33,5,387583114,7,125,17500
ssq,2021027,2021-03-16,5,7,9,16,20,26,8,371997822,23,391,17500
ssq,2021026,2021-03-14,3,5,13,19,20,25,3,415303494,74,829,17500
ssq,2021025,2021-03-11,6,8,14,17,18,30,11,370761350,6,166,17500
ssq,2021024,2021-03-09,1,4,6,10,11,18,2,360465214,5,139,17500
ssq,2021023,2021-03-07,2,21,22,23,27,28,11,397987234,4,85,17500
ssq,2021022,2021-03-04,10,15,17,25,31,32,6,361605820,3,84,17500
ssq,2021021,2021-03-02,4,8,17,24,28,33,13,350734702,19,155,17500
ssq,2021020,2021-02-28,1,3,6,7,9,11,2,385685036,19,505,17500
ssq,2021019,2021-02-25,12,16,17,24,28,29,8,351320330,6,104,17500
ssq,2021018,2021-02-23,2,8,14,23,25,32,6,352299530,3,128,17500
ssq,2021017,2021-02-21,9,15,18,29,32,33,2,442443732,6,116,17500
ssq,2021016,2021-02-07,3,8,9,13,15,18,10,447622614,16,192,17500
ssq,2021015,2021-02-04,6,14,16,26,28,29,7,373264066,6,93,17500
ssq,2021014,2021-02-02,4,15,21,25,29,33,6,365029152,3,96,17500
ssq,2021013,2021-01-31,6,9,12,16,27,31,6,403024326,17,169,17500
ssq,2021012,2021-01-28,3,6,14,18,20,26,1,365486356,17,218,17500
ssq,2021011,2021-01-26,5,10,16,23,27,33,14,358439884,18,228,17500
ssq,2021010,2021-01-24,1,4,11,19,32,33,5,394795416,7,129,17500
ssq,2021009,2021-01-21,2,4,7,24,25,32,13,367324734,4,57,17500
ssq,2021008,2021-01-19,1,5,7,14,18,33,7,358122646,4,86,17500
ssq,2021007,2021-01-17,2,4,12,21,25,32,16,389232822,3,104,17500
ssq,2021006,2021-01-14,6,8,22,24,25,26,1,367900704,10,194,17500
ssq,2021005,2021-01-12,7,9,14,26,30,31,4,359757108,14,76,17500
ssq,2021004,2021-01-10,2,3,7,8,17,22,15,396531778,2,208,17500
ssq,2021003,2021-01-07,6,9,16,18,22,29,11,360514540,5,136,17500
ssq,2021002,2021-01-05,6,10,13,25,26,32,11,374374440,10,185,17500
ssq,2021001,2021-01-03,2,3,13,18,20,31,11,411170524,10,126,17500
ssq,2020134,2020-12-31,2,9,10,20,22,26,1,399565532,48,275,17500
ssq,2020133,2020-12-29,3,19,22,23,27,29,7,370330222,3,99,17500
ssq,2020132,2020-12-27,1,4,11,12,14,23,4,425174496,5,106,17500
ssq,2020131,2020-12-24,8,19,22,26,27,30,7,394370394,10,139,17500
ssq,2020130,2020-12-22,8,9,11,14,17,29,16,405085034,9,160,17500
ssq,2020129,2020-12-20,1,2,5,15,28,33,4,428354318,14,116,17500
ssq,2020128,2020-12-17,8,10,15,16,23,26,10,395094864,14,137,17500
ssq,2020127,2020-12-15,1,4,18,19,26,31,7,385288238,9,183,17500
ssq,2020126,2020-12-13,3,7,12,14,23,28,11,423827948,33,337,17500
ssq,2020125,2020-12-10,5,12,16,26,30,31,13,403248064,8,162,17500
ssq,2020124,2020-12-08,16,18,19,20,29,33,12,394367604,3,53,17500
ssq,2020123,2020-12-06,1,3,18,19,26,29,3,442277628,5,106,17500
ssq,2020122,2020-12-03,12,15,17,24,26,31,15,416050434,7,484,17500
ssq,2020121,2020-12-01,2,4,6,21,25,29,3,425615038,5,91,17500
ssq,2020120,2020-11-29,1,2,3,4,9,10,12,470788664,28,535,17500
ssq,2020119,2020-11-26,1,9,22,28,32,33,15,432978556,12,117,17500
ssq,2020118,2020-11-24,11,13,19,26,30,33,5,419968358,4,114,17500
ssq,2020117,2020-11-22,7,8,9,10,16,27,7,460145954,19,225,17500
ssq,2020116,2020-11-19,5,6,14,16,19,27,10,434234564,9,172,17500
ssq,2020115,2020-11-17,1,4,12,20,25,32,2,435736254,2,114,17500
ssq,2020114,2020-11-15,1,5,11,24,30,32,3,476450128,16,171,17500
ssq,2020113,2020-11-12,1,3,7,10,22,32,11,436471868,7,114,17500
ssq,2020112,2020-11-10,2,9,12,17,28,32,5,426910448,14,263,17500
ssq,2020111,2020-11-08,6,9,17,22,24,26,16,459469274,3,106,17500
ssq,2020110,2020-11-05,2,6,9,14,22,25,4,365150166,9,102,17500
ssq,2020109,2020-11-03,6,13,16,20,23,32,13,358593188,23,133,17500
ssq,2020108,2020-11-01,10,12,15,17,23,32,5,398129794,18,123,17500
ssq,2020107,2020-10-29,3,9,11,24,25,28,16,372099740,5,185,17500
ssq,2020106,2020-10-27,2,4,11,15,18,28,10,362151946,14,123,17500
ssq,2020105,2020-10-25,6,14,19,20,22,24,1,399513718,6,117,17500
ssq,2020104,2020-10-22,4,8,10,16,27,29,9,371069028,9,102,17500
ssq,2020103,2020-10-20,4,9,10,22,28,32,8,363566614,13,136,17500
ssq,2020102,2020-10-18,9,10,19,25,26,29,8,385810668,73,472,17500
ssq,2020101,2020-10-15,10,17,24,25,28,30,15,360073112,7,109,17500
ssq,2020100,2020-10-13,1,7,15,16,20,23,7,352785364,9,119,17500
ssq,2020099,2020-10-11,5,6,11,12,15,30,12,390640850,7,258,17500
ssq,2020098,2020-10-08,6,8,11,22,25,33,2,347585130,7,172,17500
ssq,2020097,2020-10-06,2,8,21,25,26,30,10,352372566,22,418,17500
ssq,2020096,2020-09-29,1,20,23,26,27,32,15,356787262,8,57,17500
ssq,2020095,2020-09-27,3,9,16,17,20,26,2,387062108,6,283,17500
ssq,2020094,2020-09-24,10,15,17,27,29,31,8,357043412,2,57,17500
ssq,2020093,2020-09-22,4,5,10,13,15,19,15,364874692,4,110,17500
ssq,2020092,2020-09-20,1,6,12,18,22,24,3,394714558,6,160,17500
ssq,2020091,2020-09-17,1,9,11,12,16,19,16,362307424,11,120,17500
ssq,2020090,2020-09-15,2,21,23,26,31,32,6,357200726,6,43,17500
ssq,2020089,2020-09-13,2,14,16,21,29,30,10,388734662,11,113,17500
ssq,2020088,2020-09-10,1,6,12,26,29,30,12,359763320,14,175,17500
ssq,2020087,2020-09-08,11,15,20,23,25,33,10,351393474,5,44,17500
ssq,2020086,2020-09-06,2,4,6,15,24,27,6,383150704,7,117,17500
ssq,2020085,2020-09-03,1,2,5,9,19,24,16,349243256,3,135,17500
ssq,2020084,2020-09-01,3,7,16,17,23,30,7,340223360,15,265,17500
ssq,2020083,2020-08-30,1,19,25,26,30,31,12,375628538,7,96,17500
ssq,2020082,2020-08-27,2,8,11,17,21,30,9,339738944,22,320,17500
ssq,2020081,2020-08-25,1,5,13,14,27,33,15,341884184,11,108,17500
ssq,2020080,2020-08-23,14,15,18,22,31,33,1,375199530,2,70,17500
ssq,2020079,2020-08-20,5,12,20,21,22,29,14,347031342,6,183,17500
ssq,2020078,2020-08-18,3,11,14,16,21,32,4,339766446,1,76,17500
ssq,2020077,2020-08-16,3,10,16,21,25,27,12,376430570,27,326,17500
ssq,2020076,2020-08-13,10,15,16,18,20,27,6,346015916,8,82,17500
ssq,2020075,2020-08-11,3,11,13,20,24,30,16,342593198,1,143,17500
ssq,2020074,2020-08-09,4,8,9,13,19,33,12,375478220,5,107,17500
ssq,2020073,2020-08-06,5,7,11,13,27,29,3,344984126,8,129,17500
ssq,2020072,2020-08-04,6,8,10,15,17,26,4,335806408,7,104,17500
ssq,2020071,2020-08-02,9,11,12,13,22,23,8,363190440,12,133,17500
ssq,2020070,2020-07-30,1,2,4,6,19,21,15,343442594,23,100,17500
ssq,2020069,2020-07-28,3,9,10,13,18,26,4,343151528,7,99,17500
ssq,2020068,2020-07-26,12,16,21,26,27,32,10,376630286,17,128,17500
ssq,2020067,2020-07-23,4,7,9,23,27,30,8,353153516,10,140,17500
ssq,2020066,2020-07-21,2,9,13,17,26,28,7,352149702,15,137,17500
ssq,2020065,2020-07-19,9,15,18,21,23,26,8,381062334,5,89,17500
ssq,2020064,2020-07-16,1,3,7,21,27,32,1,356057386,1,77,17500
ssq,2020063,2020-07-14,12,15,16,22,29,32,14,357076054,3,103,17500
ssq,2020062,2020-07-12,10,14,17,22,26,27,5,391827962,5,94,17500
ssq,2020061,2020-07-09,8,17,24,26,27,31,4,366447904,1,91,17500
ssq,2020060,2020-07-07,5,9,14,20,24,30,8,356937202,38,554,17500
ssq,2020059,2020-07-05,2,4,10,17,22,25,14,386807160,4,190,17500
ssq,2020058,2020-07-02,1,3,11,12,19,26,7,356052050,18,136,17500
ssq,2020057,2020-06-30,9,14,21,23,26,32,3,349147892,3,113,17500
ssq,2020056,2020-06-28,2,5,8,12,26,31,14,380233782,17,186,17500
ssq,2020055,2020-06-25,1,5,7,23,28,30,12,327140694,14,198,17500
ssq,2020054,2020-06-23,3,10,19,25,26,31,2,338817016,11,210,17500
ssq,2020053,2020-06-21,2,14,15,16,32,33,1,381666534,19,360,17500
ssq,2020052,2020-06-18,2,8,13,29,32,33,15,352815504,2,53,17500
ssq,2020051,2020-06-16,3,6,8,11,19,28,8,342968302,23,268,17500
ssq,2020050,2020-06-14,4,9,17,20,32,33,15,379409292,5,90,17500
ssq,2020049,2020-06-11,1,7,9,12,18,22,4,355402476,7,140,17500
ssq,2020048,2020-06-09,12,14,18,23,30,32,2,351604616,6,75,17500
ssq,2020047,2020-06-07,4,10,17,19,28,32,1,382084220,10,140,17500
ssq,2020046,2020-06-04,13,19,25,26,27,32,8,350122868,7,87,17500
ssq,2020045,2020-06-02,2,3,15,21,22,33,16,348295556,16,115,17500
ssq,2020044,2020-05-31,7,8,16,17,19,24,7,379328476,10,107,17500
ssq,2020043,2020-05-28,1,11,24,25,27,30,7,360394276,5,64,17500
ssq,2020042,2020-05-26,2,6,7,11,14,31,3,345472844,5,98,17500
ssq,2020041,2020-05-24,6,7,16,22,24,25,13,372422582,2,102,17500
ssq,2020040,2020-05-21,1,6,12,16,19,21,4,341533118,5,92,17500
ssq,2020039,2020-05-19,2,9,10,11,16,29,2,341609556,9,166,17500
ssq,2020038,2020-05-17,1,6,7,18,23,24,15,374760420,15,317,17500
ssq,2020037,2020-05-14,1,4,11,13,17,24,15,350126486,6,65,17500
ssq,2020036,2020-05-12,7,9,16,22,24,32,6,346455736,3,104,17500
ssq,2020035,2020-05-10,10,14,24,25,28,33,11,371811232,4,97,17500
ssq,2020034,2020-05-07,2,8,15,16,26,32,3,340793680,11,182,17500
ssq,2020033,2020-05-05,7,10,12,21,31,32,1,320555362,4,97,17500
ssq,2020032,2020-05-03,3,11,13,14,15,26,13,338904002,11,135,17500
ssq,2020031,2020-04-30,2,5,9,15,16,27,9,323903392,14,310,17500
ssq,2020030,2020-04-28,17,18,21,29,30,32,3,327786632,1,74,17500
ssq,2020029,2020-04-26,1,12,18,20,30,32,5,364268814,7,63,17500
ssq,2020028,2020-04-23,5,6,15,18,26,32,8,323795596,7,153,17500
ssq,2020027,2020-04-21,12,13,14,24,25,28,6,324196702,3,112,17500
ssq,2020026,2020-04-19,1,4,9,18,19,31,6,349633986,3,106,17500
ssq,2020025,2020-04-16,1,9,10,15,20,29,2,321611812,4,156,17500
ssq,2020024,2020-04-14,10,13,27,28,29,31,8,317568426,8,94,17500
ssq,2020023,2020-04-12,4,5,20,21,30,33,8,340318270,6,107,17500
ssq,2020022,2020-04-09,2,10,20,22,25,30,2,311416184,8,97,17500
ssq,2020021,2020-04-07,2,6,14,16,27,31,7,296655800,5,116,17500
ssq,2020020,2020-04-05,1,6,9,13,15,22,14,310764432,4,91,17500
ssq,2020019,2020-04-02,15,19,27,28,30,33,3,293920314,7,60,17500
ssq,2020018,2020-03-31,5,7,8,11,17,22,13,287194532,8,188,17500
ssq,2020017,2020-03-29,2,4,7,15,20,27,4,295712918,15,127,17500
ssq,2020016,2020-03-26,5,6,8,17,24,27,7,260860736,12,89,17500
ssq,2020015,2020-03-24,8,9,22,24,30,33,1,255551054,1,60,17500
ssq,2020014,2020-03-22,2,7,8,10,12,16,7,261933168,5,66,17500
ssq,2020013,2020-03-19,2,8,10,20,21,30,14,215545590,4,184,17500
ssq,2020012,2020-03-17,4,13,14,23,26,31,9,198501652,3,112,17500
ssq,2020011,2020-03-15,4,5,7,17,18,29,1,176331724,8,67,17500
ssq,2020010,2020-03-12,11,14,22,27,31,32,9,142522854,2,42,17500
ssq,2020009,2020-01-21,3,6,8,14,19,26,12,405733380,16,253,17500
ssq,2020008,2020-01-19,1,4,6,10,11,28,16,395048088,17,262,17500
ssq,2020007,2020-01-16,5,12,17,20,25,31,10,358035962,38,269,17500
ssq,2020006,2020-01-14,3,4,5,10,16,32,9,361697316,20,363,17500
ssq,2020005,2020-01-12,11,16,17,22,26,32,4,400642476,8,224,17500
ssq,2020004,2020-01-09,2,15,17,27,32,33,3,370826158,7,189,17500
ssq,2020003,2020-01-07,9,17,26,29,30,32,3,368960938,16,134,17500
ssq,2020002,2020-01-05,4,9,14,15,16,29,11,410784878,16,194,17500
ssq,2020001,2020-01-02,2,15,23,26,29,30,2,388311860,4,113,17500
ssq,2019151,2019-12-31,2,6,9,18,24,26,14,405999712,8,121,17500
ssq,2019150,2019-12-29,2,9,14,22,27,29,2,424037140,9,158,17500
ssq,2019149,2019-12-26,1,6,27,28,31,33,7,401837358,16,120,17500
ssq,2019148,2019-12-24,9,10,13,20,26,27,8,412835082,42,179,17500
ssq,2019147,2019-12-22,1,9,12,14,23,27,12,428843148,10,120,17500
ssq,2019146,2019-12-19,1,4,10,12,30,32,14,400822952,4,82,17500
ssq,2019145,2019-12-17,1,8,13,17,18,19,16,404721396,15,145,17500
ssq,2019144,2019-12-15,2,12,15,19,27,30,3,448943976,13,276,17500
ssq,2019143,2019-12-12,5,13,15,16,26,32,9,421054466,11,471,17500
ssq,2019142,2019-12-10,8,14,24,27,29,33,9,429455474,14,72,17500
ssq,2019141,2019-12-08,10,13,14,15,17,33,14,466103236,2,101,17500
ssq,2019140,2019-12-05,2,4,9,11,14,22,5,421874374,25,187,17500
ssq,2019139,2019-12-03,8,14,20,23,30,33,11,420684332,4,87,17500
ssq,2019138,2019-12-01,2,6,12,30,31,32,11,455574142,15,221,17500
ssq,2019137,2019-11-28,7,10,13,19,23,31,6,414318454,27,230,17500
ssq,2019136,2019-11-26,12,14,15,17,29,33,12,411048748,7,50,17500
ssq,2019135,2019-11-24,3,6,10,11,27,33,3,448749008,4,145,17500
ssq,2019134,2019-11-21,1,4,6,22,29,30,3,424644500,7,99,17500
ssq,2019133,2019-11-19,3,7,16,21,24,31,7,412973230,10,163,17500
ssq,2019132,2019-11-17,4,6,11,14,19,33,7,443878462,7,141,17500
ssq,2019131,2019-11-14,9,17,19,20,24,31,4,413548024,12,195,17500
ssq,2019130,2019-11-12,1,7,9,11,24,32,16,418172282,15,151,17500
ssq,2019129,2019-11-10,3,4,7,9,15,26,7,442669038,20,360,17500
ssq,2019128,2019-11-07,3,8,12,16,17,19,8,342336168,9,118,17500
ssq,2019127,2019-11-05,2,6,7,12,17,24,10,338393664,15,227,17500
ssq,2019126,2019-11-03,2,14,17,29,32,33,16,369776508,8,81,17500
ssq,2019125,2019-10-31,2,11,12,26,27,29,3,342491160,8,253,17500
ssq,2019124,2019-10-29,4,9,30,31,32,33,1,337939626,14,153,17500
ssq,2019123,2019-10-27,2,6,8,17,28,30,6,360609038,19,366,17500
ssq,2019122,2019-10-24,4,10,15,19,21,23,2,334989390,4,117,17500
ssq,2019121,2019-10-22,2,6,15,21,30,31,2,334748934,15,138,17500
ssq,2019120,2019-10-20,10,12,27,31,32,33,3,361613906,5,85,17500
ssq,2019119,2019-10-17,4,20,22,24,26,33,7,332545590,9,73,17500
ssq,2019118,2019-10-15,12,14,15,25,28,31,4,329400746,6,142,17500
ssq,2019117,2019-10-13,3,5,11,28,32,33,1,358734764,5,135,17500
ssq,2019116,2019-10-10,1,8,9,13,16,33,1,336502106,7,146,17500
ssq,2019115,2019-10-08,4,10,11,14,15,29,5,354033692,8,137,17500
ssq,2019114,2019-09-29,2,4,9,11,12,30,1,372847052,4,180,17500
ssq,2019113,2019-09-26,1,5,19,21,25,33,15,339648916,5,118,17500
ssq,2019112,2019-09-24,3,12,14,17,23,27,1,335430712,6,173,17500
ssq,2019111,2019-09-22,7,18,20,22,24,33,1,371095278,6,82,17500
ssq,2019110,2019-09-19,1,18,22,26,27,28,8,345297696,8,89,17500
ssq,2019109,2019-09-17,3,6,7,17,28,31,10,339057352,5,218,17500
ssq,2019108,2019-09-15,7,13,19,22,25,32,13,361553454,13,110,17500
ssq,2019107,2019-09-12,2,6,8,23,27,32,2,326852234,2,54,17500
ssq,2019106,2019-09-10,2,14,22,27,30,33,14,330410652,3,65,17500
ssq,2019105,2019-09-08,2,13,15,17,26,33,1,365092568,6,85,17500
ssq,2019104,2019-09-05,1,5,16,17,18,24,10,336503558,7,120,17500
ssq,2019103,2019-09-03,4,12,14,21,27,29,12,334444954,2,101,17500
ssq,2019102,2019-09-01,3,8,12,16,20,32,12,365310214,18,198,17500
ssq,2019101,2019-08-29,1,4,9,21,31,33,5,336008906,4,77,17500
ssq,2019100,2019-08-27,1,4,12,13,30,32,8,334319180,2,60,17500
ssq,2019099,2019-08-25,7,14,22,23,27,30,8,355328056,26,185,17500
ssq,2019098,2019-08-22,3,11,12,14,17,26,9,334187522,4,136,17500
ssq,2019097,2019-08-20,3,5,18,24,25,31,9,328319954,5,98,17500
ssq,2019096,2019-08-18,5,7,12,18,27,32,11,355103324,48,310,17500
ssq,2019095,2019-08-15,2,5,14,19,21,28,1,327102912,3,95,17500
ssq,2019094,2019-08-13,5,10,12,18,19,27,6,318739184,8,301,17500
ssq,2019093,2019-08-11,5,7,8,9,20,22,2,343851622,27,629,17500
ssq,2019092,2019-08-08,9,17,27,28,32,33,8,325113036,6,67,17500
ssq,2019091,2019-08-06,7,10,21,24,29,32,11,321773688,2,94,17500
ssq,2019090,2019-08-04,2,3,6,8,14,22,4,355808718,2,93,17500
ssq,2019089,2019-08-01,2,4,14,16,20,22,11,321183320,7,104,17500
ssq,2019088,2019-07-30,13,14,15,21,23,29,13,320442344,18,77,17500
ssq,2019087,2019-07-28,4,5,7,9,21,30,4,348495228,5,99,17500
ssq,2019086,2019-07-25,16,22,24,26,28,31,6,318423888,11,120,17500
ssq,2019085,2019-07-23,1,4,14,18,24,29,4,322387974,12,61,17500
ssq,2019084,2019-07-21,4,8,14,18,20,27,3,356282880,15,300,17500
ssq,2019083,2019-07-18,6,15,17,26,28,31,3,329029762,10,118,17500
ssq,2019082,2019-07-16,7,16,19,22,24,28,2,328221990,5,91,17500
ssq,2019081,2019-07-14,5,24,27,29,31,32,10,359862504,5,58,17500
ssq,2019080,2019-07-11,3,6,8,20,24,32,7,333601616,7,80,17500
ssq,2019079,2019-07-09,1,3,6,9,19,31,16,324952306,15,156,17500
ssq,2019078,2019-07-07,1,17,27,29,31,33,12,358699764,14,199,17500
ssq,2019077,2019-07-04,9,11,13,18,21,22,15,331156004,1,118,17500
ssq,2019076,2019-07-02,12,15,19,20,29,32,14,327737064,4,84,17500
ssq,2019075,2019-06-30,5,8,20,22,31,33,3,356452390,2,69,17500
ssq,2019074,2019-06-27,12,21,27,29,31,33,4,339313032,4,51,17500
ssq,2019073,2019-06-25,1,2,6,12,16,18,8,334373706,17,146,17500
ssq,2019072,2019-06-23,2,9,13,15,22,30,15,366310328,10,155,17500
ssq,2019071,2019-06-20,1,8,19,24,29,30,4,338921834,22,371,17500
ssq,2019070,2019-06-18,6,15,18,19,24,32,9,335727814,3,103,17500
ssq,2019069,2019-06-16,6,11,16,19,21,25,1,370103190,8,226,17500
ssq,2019068,2019-06-13,3,14,20,24,26,33,10,331635522,6,64,17500
ssq,2019067,2019-06-11,4,6,8,11,30,33,11,330381956,5,110,17500
ssq,2019066,2019-06-09,1,14,17,20,22,32,4,354505682,6,86,17500
ssq,2019065,2019-06-06,6,9,11,15,20,26,10,327400036,10,317,17500
ssq,2019064,2019-06-04,12,20,24,25,30,33,12,331639006,4,92,17500
ssq,2019063,2019-06-02,1,14,19,22,29,31,16,361222550,5,91,17500
ssq,2019062,2019-05-30,7,13,16,23,26,30,1,339468976,7,161,17500
ssq,2019061,2019-05-28,3,17,19,24,27,31,12,335296666,6,80,17500
ssq,2019060,2019-05-26,3,4,14,20,23,27,1,367103342,2,118,17500
ssq,2019059,2019-05-23,4,5,7,9,16,18,6,345567246,2,125,17500
ssq,2019058,2019-05-21,7,8,12,21,23,27,12,339299672,20,127,17500
ssq,2019057,2019-05-19,4,5,6,8,13,18,16,372560948,7,127,17500
ssq,2019056,2019-05-16,13,14,17,19,21,29,1,351267630,1,78,17500
ssq,2019055,2019-05-14,1,6,11,15,19,31,10,350070872,2,61,17500
ssq,2019054,2019-05-12,7,10,11,15,24,26,11,376075414,8,132,17500
ssq,2019053,2019-05-09,4,16,22,25,29,31,8,345533966,12,109,17500
ssq,2019052,2019-05-07,3,6,9,13,16,19,16,342251970,153,2295,17500
ssq,2019051,2019-05-05,8,9,10,13,15,28,9,371316762,13,120,17500
ssq,2019050,2019-05-02,4,6,10,11,21,23,2,311858860,13,100,17500
ssq,2019049,2019-04-30,3,10,13,22,23,28,15,333775314,9,205,17500
ssq,2019048,2019-04-28,3,7,10,12,18,29,10,379210874,8,153,17500
ssq,2019047,2019-04-25,3,11,18,25,30,33,14,349665886,1,388,17500
ssq,2019046,2019-04-23,2,12,16,22,25,32,6,349236650,17,132,17500
ssq,2019045,2019-04-21,1,6,17,19,27,31,14,380577960,7,83,17500
ssq,2019044,2019-04-18,6,14,16,17,23,29,7,350579948,12,188,17500
ssq,2019043,2019-04-16,1,6,12,13,24,32,13,345296562,2,99,17500
ssq,2019042,2019-04-14,15,17,19,22,25,26,4,376134240,4,132,17500
ssq,2019041,2019-04-11,2,9,13,23,24,26,16,347145834,2,103,17500
ssq,2019040,2019-04-09,5,6,9,18,23,31,11,335974062,8,159,17500
ssq,2019039,2019-04-07,6,7,11,14,27,32,8,363128750,11,136,17500
ssq,2019038,2019-04-04,9,12,21,27,29,30,5,335328036,10,101,17500
ssq,2019037,2019-04-02,1,7,12,14,18,25,10,344923376,12,213,17500
ssq,2019036,2019-03-31,2,10,13,16,23,32,8,383547756,21,85,17500
ssq,2019035,2019-03-28,1,5,7,9,10,20,16,354951028,11,233,17500
ssq,2019034,2019-03-26,9,11,15,22,24,26,3,354652922,10,103,17500
ssq,2019033,2019-03-24,9,15,19,21,23,29,15,385168218,22,224,17500
ssq,2019032,2019-03-21,4,8,9,13,28,33,4,353034100,6,228,17500
ssq,2019031,2019-03-19,3,13,15,18,21,33,16,358344316,5,119,17500
ssq,2019030,2019-03-17,4,5,7,10,12,22,16,392415448,17,196,17500
ssq,2019029,2019-03-14,8,11,17,23,32,33,10,358515950,6,83,17500
ssq,2019028,2019-03-12,4,19,22,26,29,30,11,356878622,11,165,17500
ssq,2019027,2019-03-10,2,6,8,10,11,17,13,393236612,9,223,17500
ssq,2019026,2019-03-07,3,13,15,19,20,27,14,349411720,10,105,17500
ssq,2019025,2019-03-05,15,16,21,27,30,33,4,345714892,5,74,17500
ssq,2019024,2019-03-03,1,8,23,25,28,29,10,384117562,8,99,17500
ssq,2019023,2019-02-28,1,10,14,15,18,31,13,353488994,13,336,17500
ssq,2019022,2019-02-26,3,7,11,21,30,33,7,338829860,19,169,17500
ssq,2019021,2019-02-24,2,5,7,8,20,27,4,370839306,6,214,17500
ssq,2019020,2019-02-21,2,12,13,23,27,28,12,330603914,11,233,17500
ssq,2019019,2019-02-19,3,11,17,18,24,25,6,326400930,24,268,17500
ssq,2019018,2019-02-17,4,11,18,19,26,32,4,349743310,8,364,17500
ssq,2019017,2019-02-14,4,5,24,28,30,33,9,312764888,3,50,17500
ssq,2019016,2019-02-12,5,7,9,11,19,25,5,314659700,11,157,17500
ssq,2019015,2019-02-03,11,15,16,20,24,31,4,386508326,13,181,17500
ssq,2019014,2019-01-31,1,2,3,14,19,33,3,327526362,7,168,17500
ssq,2019013,2019-01-29,5,7,14,16,18,21,1,332648408,4,77,17500
ssq,2019012,2019-01-27,7,10,21,23,31,33,14,370443836,2,55,17500
ssq,2019011,2019-01-24,10,13,19,21,24,30,7,340431350,4,72,17500
ssq,2019010,2019-01-22,2,4,5,8,11,30,2,336769874,15,178,17500
ssq,2019009,2019-01-20,1,7,10,22,31,32,15,376873348,12,122,17500
ssq,2019008,2019-01-17,2,6,9,13,28,32,12,342498692,4,86,17500
ssq,2019007,2019-01-15,6,10,14,15,19,23,15,340543166,9,198,17500
ssq,2019006,2019-01-13,1,5,10,19,26,28,12,375825296,32,96,17500
ssq,2019005,2019-01-10,21,22,26,28,31,32,7,343365078,11,68,17500
ssq,2019004,2019-01-08,8,12,16,19,26,32,3,338080388,8,222,17500
ssq,2019003,2019-01-06,13,17,20,21,22,27,1,373728002,5,129,17500
ssq,2019002,2019-01-03,4,5,6,8,9,18,11,345144344,9,129,17500
ssq,2019001,2019-01-01,6,10,13,15,32,33,15,341453440,14,147,17500
ssq,2018153,2018-12-30,1,7,17,23,25,31,11,363663410,4,133,17500
ssq,2018152,2018-12-27,4,14,16,23,28,29,3,342935808,20,168,17500
ssq,2018151,2018-12-25,5,15,19,25,26,29,15,345353380,4,203,17500
ssq,2018150,2018-12-23,6,8,15,19,20,31,5,377320206,15,270,17500
ssq,2018149,2018-12-20,1,7,8,10,12,24,1,353364860,12,212,17500
ssq,2018148,2018-12-18,3,6,18,19,21,31,1,346743178,11,210,17500
ssq,2018147,2018-12-16,3,15,17,23,27,30,11,378419434,11,102,17500
ssq,2018146,2018-12-13,2,10,11,17,18,29,16,345409226,13,157,17500
ssq,2018145,2018-12-11,3,9,13,22,23,25,6,349376292,21,172,17500
ssq,2018144,2018-12-09,8,13,17,18,20,27,13,387956028,1,117,17500
ssq,2018143,2018-12-06,4,6,15,28,32,33,14,373157016,16,117,17500
ssq,2018142,2018-12-04,5,8,10,11,27,28,11,390581690,16,242,17500
ssq,2018141,2018-12-02,11,14,16,18,24,33,4,416166816,2,115,17500
ssq,2018140,2018-11-29,1,15,20,22,25,28,14,386006162,0,103,17500
ssq,2018139,2018-11-27,11,18,20,23,31,32,15,380559364,10,82,17500
ssq,2018138,2018-11-25,1,10,25,27,30,32,9,412013682,3,67,17500
ssq,2018137,2018-11-22,3,5,11,15,20,23,9,379485292,10,141,17500
ssq,2018136,2018-11-20,10,12,15,25,26,27,14,377111910,6,149,17500
ssq,2018135,2018-11-18,1,3,6,10,11,29,16,406719454,4,133,17500
ssq,2018134,2018-11-15,3,16,18,31,32,33,12,377767366,11,297,17500
ssq,2018133,2018-11-13,2,4,11,12,18,32,13,374106026,3,65,17500
ssq,2018132,2018-11-11,1,2,9,10,15,22,6,408709916,12,104,17500
ssq,2018131,2018-11-08,21,22,24,31,32,33,1,383809176,2,125,17500
ssq,2018130,2018-11-06,5,12,17,18,24,28,12,374274632,17,841,17500
ssq,2018129,2018-11-04,2,4,6,16,18,19,16,418290398,7,117,17500
ssq,2018128,2018-11-01,6,7,8,19,22,23,2,388471822,11,300,17500
ssq,2018127,2018-10-30,2,5,6,7,11,15,12,383266268,13,202,17500
ssq,2018126,2018-10-28,1,6,8,9,14,22,5,415778246,8,138,17500
ssq,2018125,2018-10-25,3,10,11,14,15,32,2,391293382,3,54,17500
ssq,2018124,2018-10-23,9,13,14,19,22,25,2,378069006,4,127,17500
ssq,2018123,2018-10-21,13,21,24,27,31,32,1,410429482,6,115,17500
ssq,2018122,2018-10-18,5,7,20,22,30,32,10,327644802,31,230,17500
ssq,2018121,2018-10-16,6,8,14,19,23,25,11,321305376,11,142,17500
ssq,2018120,2018-10-14,3,4,18,26,27,33,1,357215818,5,185,17500
ssq,2018119,2018-10-11,3,13,14,16,25,27,12,328321394,10,117,17500
ssq,2018118,2018-10-09,8,12,21,22,27,31,9,322015414,7,140,17500
ssq,2018117,2018-10-07,8,11,15,17,23,25,5,340052040,6,189,17500
ssq,2018116,2018-10-04,5,14,17,22,23,28,15,281786404,44,320,17500
ssq,2018115,2018-10-02,1,13,19,24,26,29,11,273986534,1,52,17500
ssq,2018114,2018-09-30,1,7,15,16,20,27,14,336072030,6,203,17500
ssq,2018113,2018-09-27,1,6,9,16,25,26,9,314160394,11,208,17500
ssq,2018112,2018-09-25,5,8,18,25,26,31,4,302328982,11,154,17500
ssq,2018111,2018-09-23,1,7,14,24,25,28,8,320180512,11,143,17500
ssq,2018110,2018-09-20,11,13,16,21,22,23,2,307066624,2,66,17500
ssq,2018109,2018-09-18,10,11,18,23,31,33,15,306989720,4,69,17500
ssq,2018108,2018-09-16,5,13,18,21,26,30,2,322147946,22,179,17500
ssq,2018107,2018-09-13,1,2,5,12,20,22,1,317508712,6,139,17500
ssq,2018106,2018-09-11,4,18,19,24,25,26,10,312096980,4,125,17500
ssq,2018105,2018-09-09,4,5,13,18,19,25,1,343324268,17,150,17500
ssq,2018104,2018-09-06,2,3,6,19,25,29,1,312637426,5,158,17500
ssq,2018103,2018-09-04,2,9,15,22,23,24,16,314574584,7,111,17500
ssq,2018102,2018-09-02,2,6,11,19,21,28,5,340812198,4,163,17500
ssq,2018101,2018-08-30,1,3,14,26,29,33,9,308676480,5,70,17500
ssq,2018100,2018-08-28,2,11,14,15,29,33,2,309533260,3,91,17500
ssq,2018099,2018-08-26,3,7,8,14,25,32,6,339383254,12,242,17500
ssq,2018098,2018-08-23,6,10,11,20,29,32,13,314746902,9,125,17500
ssq,2018097,2018-08-21,1,2,17,20,25,28,13,313501772,1,38,17500
ssq,2018096,2018-08-19,1,5,9,20,28,32,12,338691852,23,150,17500
ssq,2018095,2018-08-16,10,11,12,21,26,33,9,320539494,4,87,17500
ssq,2018094,2018-08-14,4,7,16,20,24,30,5,314204036,0,148,17500
ssq,2018093,2018-08-12,4,18,20,21,29,33,7,341609166,3,78,17500
ssq,2018092,2018-08-09,6,10,16,19,24,33,16,318819890,1,95,17500
ssq,2018091,2018-08-07,6,11,13,17,25,32,7,315853082,4,81,17500
ssq,2018090,2018-08-05,1,2,4,10,14,23,7,340370390,12,85,17500
ssq,2018089,2018-08-02,6,9,12,14,18,27,14,312432712,5,172,17500
ssq,2018088,2018-07-31,3,5,12,29,30,32,14,315199378,8,69,17500
ssq,2018087,2018-07-29,1,5,10,16,18,31,3,348603358,3,74,17500
ssq,2018086,2018-07-26,2,7,17,21,23,26,16,322631262,18,109,17500
ssq,2018085,2018-07-24,4,10,25,26,30,33,6,322576362,8,88,17500
ssq,2018084,2018-07-22,5,6,8,12,22,24,3,347865554,13,249,17500
ssq,2018083,2018-07-19,4,9,18,21,32,33,3,323565026,11,126,17500
ssq,2018082,2018-07-17,6,12,14,20,22,24,9,319081284,8,140,17500
ssq,2018081,2018-07-15,1,2,12,16,20,26,3,349698540,5,154,17500
ssq,2018080,2018-07-12,4,7,13,20,29,33,3,325310442,6,128,17500
ssq,2018079,2018-07-10,14,15,17,22,24,29,13,327442428,2,77,17500
ssq,2018078,2018-07-08,3,10,14,17,18,30,12,358569878,6,204,17500
ssq,2018077,2018-07-05,2,5,9,15,20,24,10,327832004,7,109,17500
ssq,2018076,2018-07-03,3,7,8,15,29,30,13,327873252,22,363,17500
ssq,2018075,2018-07-01,7,9,12,13,22,24,11,356378720,17,120,17500
ssq,2018074,2018-06-28,9,11,14,20,27,30,9,327800026,9,120,17500
ssq,2018073,2018-06-26,2,9,14,15,16,23,10,329645754,8,104,17500
ssq,2018072,2018-06-24,11,16,19,22,25,30,8,372281494,19,101,17500
ssq,2018071,2018-06-21,2,5,6,13,16,19,3,348880396,9,110,17500
ssq,2018070,2018-06-19,4,9,15,16,19,27,10,339461364,13,138,17500
ssq,2018069,2018-06-17,6,13,17,19,23,31,12,355213336,5,126,17500
ssq,2018068,2018-06-14,8,10,17,20,27,30,1,332649368,3,225,17500
ssq,2018067,2018-06-12,1,4,9,12,15,18,5,324647042,8,122,17500
ssq,2018066,2018-06-10,9,16,17,19,22,26,10,357968382,10,195,17500
ssq,2018065,2018-06-07,1,4,6,14,28,33,1,329937636,6,123,17500
ssq,2018064,2018-06-05,2,5,10,11,17,21,5,329557586,12,149,17500
ssq,2018063,2018-06-03,5,6,10,16,20,25,12,358387608,27,315,17500
ssq,2018062,2018-05-31,2,18,19,24,25,33,11,326938646,6,109,17500
ssq,2018061,2018-05-29,9,10,11,12,18,23,7,332550974,15,213,17500
ssq,2018060,2018-05-27,4,8,13,25,30,31,10,364451892,5,111,17500
ssq,2018059,2018-05-24,4,6,8,13,22,32,11,335528070,5,69,17500
ssq,2018058,2018-05-22,7,12,13,16,26,31,7,328678478,11,120,17500
ssq,2018057,2018-05-20,5,15,17,19,20,30,13,360079018,9,193,17500
ssq,2018056,2018-05-17,1,3,6,20,21,26,1,332042280,7,187,17500
ssq,2018055,2018-05-15,7,9,10,12,22,26,7,328077816,39,131,17500
ssq,2018054,2018-05-13,4,6,18,22,25,33,16,364343470,4,86,17500
ssq,2018053,2018-05-10,1,4,10,11,14,27,6,336743448,8,104,17500
ssq,2018052,2018-05-08,3,5,6,9,15,32,14,335132016,4,104,17500
ssq,2018051,2018-05-06,5,7,20,23,27,31,4,362286900,5,146,17500
ssq,2018050,2018-05-03,1,2,4,10,18,19,7,332612986,7,146,17500
ssq,2018049,2018-05-01,1,3,4,11,19,23,2,308606382,7,88,17500
ssq,2018048,2018-04-29,1,12,20,25,30,31,2,347082070,4,76,17500
ssq,2018047,2018-04-26,6,7,12,16,22,25,7,340211348,9,102,17500
ssq,2018046,2018-04-24,10,13,14,18,20,31,3,341414200,2,100,17500
ssq,2018045,2018-04-22,3,4,6,25,26,30,1,381384846,3,82,17500
ssq,2018044,2018-04-19,5,9,12,17,27,30,6,351490126,22,643,17500
ssq,2018043,2018-04-17,1,4,6,8,21,24,7,350595736,6,93,17500
ssq,2018042,2018-04-15,6,10,21,28,29,31,12,373384922,14,163,17500
ssq,2018041,2018-04-12,7,8,20,23,24,32,13,342614774,4,64,17500
ssq,2018040,2018-04-10,1,3,8,13,18,23,16,341719534,11,283,17500
ssq,2018039,2018-04-08,8,12,18,19,23,32,3,368394896,6,168,17500
ssq,2018038,2018-04-05,15,23,24,25,28,29,9,303245456,5,75,17500
ssq,2018037,2018-04-03,1,6,7,8,27,30,10,336334062,12,137,17500
ssq,2018036,2018-04-01,8,17,24,26,28,33,4,375931002,4,117,17500
ssq,2018035,2018-03-29,7,10,11,17,23,28,15,350309396,6,289,17500
ssq,2018034,2018-03-27,1,5,11,22,23,26,15,348544506,8,122,17500
ssq,2018033,2018-03-25,4,19,20,22,28,33,6,376360408,3,88,17500
ssq,2018032,2018-03-22,21,22,23,24,25,32,6,351194914,3,127,17500
ssq,2018031,2018-03-20,2,16,18,19,27,30,14,345048756,3,116,17500
ssq,2018030,2018-03-18,13,14,20,21,25,33,7,388492136,1,98,17500
ssq,2018029,2018-03-15,1,2,9,14,22,25,5,349939456,5,85,17500
ssq,2018028,2018-03-13,3,8,11,14,18,23,16,352015830,7,220,17500
ssq,2018027,2018-03-11,2,7,9,14,18,28,5,386579026,6,144,17500
ssq,2018026,2018-03-08,4,7,12,14,26,32,4,341958742,6,75,17500
ssq,2018025,2018-03-06,4,13,16,19,21,25,14,341614936,1,83,17500
ssq,2018024,2018-03-04,11,19,22,26,31,32,2,373443496,9,81,17500
ssq,2018023,2018-03-01,12,15,16,21,26,29,16,339395846,3,159,17500
ssq,2018022,2018-02-27,7,14,19,21,22,23,3,333617132,6,111,17500
ssq,2018021,2018-02-25,3,4,6,11,23,28,14,364661036,3,216,17500
ssq,2018020,2018-02-22,6,9,10,14,28,30,5,322991340,33,212,17500
ssq,2018019,2018-02-13,3,11,12,16,21,23,9,353382992,8,80,17500
ssq,2018018,2018-02-11,2,12,13,18,25,27,7,364855490,12,214,17500
ssq,2018017,2018-02-08,3,6,11,26,30,32,12,341808336,5,68,17500
ssq,2018016,2018-02-06,1,11,12,18,25,27,16,338462386,4,98,17500
ssq,2018015,2018-02-04,11,15,20,21,26,33,15,372995620,6,172,17500
ssq,2018014,2018-02-01,9,12,20,24,28,31,7,341965074,17,103,17500
ssq,2018013,2018-01-30,6,8,13,15,22,33,6,338322260,9,99,17500
ssq,2018012,2018-01-28,11,12,13,19,26,28,12,367108128,8,129,17500
ssq,2018011,2018-01-25,3,10,21,23,27,33,11,336871794,8,138,17500
ssq,2018010,2018-01-23,1,8,17,20,21,22,3,351327690,6,71,17500
ssq,2018009,2018-01-21,5,10,17,23,26,32,7,384256808,17,221,17500
ssq,2018008,2018-01-18,5,9,10,12,17,19,13,359785672,11,144,17500
ssq,2018007,2018-01-16,13,14,20,25,27,31,12,354279554,8,132,17500
ssq,2018006,2018-01-14,2,7,8,9,17,29,11,387617618,11,172,17500
ssq,2018005,2018-01-11,2,20,21,28,31,33,6,354961030,1,68,17500
ssq,2018004,2018-01-09,14,18,19,26,30,31,11,349304820,13,55,17500
ssq,2018003,2018-01-07,1,14,16,17,20,31,4,388121442,5,167,17500
ssq,2018002,2018-01-04,7,18,24,29,31,33,16,351610618,3,94,17500
ssq,2018001,2018-01-02,1,8,11,26,28,31,4,367348082,22,191,17500
ssq,2017154,2017-12-31,5,9,13,15,18,26,5,414241024,11,141,17500
ssq,2017153,2017-12-28,7,11,12,13,18,19,16,372349292,4,165,17500
ssq,2017152,2017-12-26,6,10,23,25,26,29,5,367326916,8,129,17500
ssq,2017151,2017-12-24,2,5,7,9,11,27,16,410102286,6,171,17500
ssq,2017150,2017-12-21,6,14,19,20,21,23,8,382821120,9,82,17500
ssq,2017149,2017-12-19,5,8,15,20,27,30,13,389703152,67,1126,17500
ssq,2017148,2017-12-17,4,7,11,14,29,32,12,419003890,18,274,17500
ssq,2017147,2017-12-14,3,7,20,21,25,31,14,397012632,3,131,17500
ssq,2017146,2017-12-12,1,19,25,26,27,33,10,409358700,21,252,17500
ssq,2017145,2017-12-10,2,6,12,17,25,28,12,434698744,31,458,17500
ssq,2017144,2017-12-07,3,14,16,20,31,32,9,394649686,8,54,17500
ssq,2017143,2017-12-05,4,6,9,14,20,29,14,383967718,13,164,17500
ssq,2017142,2017-12-03,8,13,14,18,23,33,6,417715258,6,149,17500
ssq,2017141,2017-11-30,1,6,7,11,13,15,5,374075240,4,78,17500
ssq,2017140,2017-11-28,21,22,25,28,29,30,8,376479116,16,83,17500
ssq,2017139,2017-11-26,2,14,20,24,28,32,16,409744564,6,92,17500
ssq,2017138,2017-11-23,1,17,24,28,32,33,2,377937674,6,79,17500
ssq,2017137,2017-11-21,5,10,20,23,26,31,3,376184186,7,146,17500
ssq,2017136,2017-11-19,3,7,10,18,21,24,12,401556928,19,216,17500
ssq,2017135,2017-11-16,1,6,7,14,18,26,16,378825098,8,147,17500
ssq,2017134,2017-11-14,4,5,11,14,28,32,4,365781644,13,99,17500
ssq,2017133,2017-11-12,6,15,17,18,23,30,11,400247724,7,223,17500
ssq,2017132,2017-11-09,2,3,5,9,13,28,11,377852842,6,139,17500
ssq,2017131,2017-11-07,1,7,10,11,26,27,11,367788616,25,131,17500
ssq,2017130,2017-11-05,5,13,14,23,25,31,2,401382016,5,211,17500
ssq,2017129,2017-11-02,5,6,9,14,21,33,2,334351058,3,116,17500
ssq,2017128,2017-10-31,2,6,13,22,29,31,8,323872230,13,111,17500
ssq,2017127,2017-10-29,14,15,21,24,27,32,12,351381232,4,63,17500
ssq,2017126,2017-10-26,1,16,17,21,27,30,16,328800104,8,63,17500
ssq,2017125,2017-10-24,1,14,23,25,29,30,3,324821104,6,133,17500
ssq,2017124,2017-10-22,2,6,11,26,28,29,3,352610564,8,126,17500
ssq,2017123,2017-10-19,4,5,6,11,21,31,10,327467830,16,237,17500
ssq,2017122,2017-10-17,11,20,21,22,24,27,15,323216212,4,52,17500
ssq,2017121,2017-10-15,11,18,19,22,24,32,7,344520506,5,136,17500
ssq,2017120,2017-10-12,8,10,15,19,23,28,16,319254526,5,192,17500
ssq,2017119,2017-10-10,9,16,21,25,26,31,14,311293858,11,127,17500
ssq,2017118,2017-10-08,8,9,15,22,30,33,16,339910326,12,123,17500
ssq,2017117,2017-10-05,1,2,8,11,14,21,9,277103412,3,53,17500
ssq,2017116,2017-10-03,2,14,20,22,30,32,2,270066216,9,85,17500
ssq,2017115,2017-10-01,4,10,11,25,30,31,1,322048056,6,128,17500
ssq,2017114,2017-09-28,6,12,13,15,18,26,13,321554260,4,89,17500
ssq,2017113,2017-09-26,4,6,16,27,29,33,5,316223542,4,75,17500
ssq,2017112,2017-09-24,3,10,14,16,22,23,11,346255520,2,76,17500
ssq,2017111,2017-09-21,5,10,17,19,29,32,12,317976914,16,99,17500
ssq,2017110,2017-09-19,1,3,12,15,19,23,14,316936062,3,68,17500
ssq,2017109,2017-09-17,8,14,16,18,21,23,16,349302018,4,96,17500
ssq,2017108,2017-09-14,7,12,14,15,17,20,1,320774192,6,113,17500
ssq,2017107,2017-09-12,8,9,15,17,30,32,6,319335446,19,202,17500
ssq,2017106,2017-09-10,12,15,20,25,27,31,2,346574690,4,82,17500
ssq,2017105,2017-09-07,3,6,7,12,25,26,7,314223620,29,254,17500
ssq,2017104,2017-09-05,1,14,15,20,23,30,14,310263038,2,93,17500
ssq,2017103,2017-09-03,1,21,23,25,31,33,1,347478996,9,64,17500
ssq,2017102,2017-08-31,4,8,10,14,18,20,11,315963272,14,150,17500
ssq,2017101,2017-08-29,1,4,11,28,31,32,16,313219868,2,51,17500
ssq,2017100,2017-08-27,4,7,8,18,23,24,2,343590604,16,117,17500
ssq,2017099,2017-08-24,2,5,6,16,28,29,4,310565530,27,142,17500
ssq,2017098,2017-08-22,4,19,22,27,30,33,1,314009676,14,93,17500
ssq,2017097,2017-08-20,5,10,18,19,30,31,3,348913966,10,183,17500
ssq,2017096,2017-08-17,2,6,11,12,19,29,6,322973284,14,165,17500
ssq,2017095,2017-08-15,9,10,12,19,22,29,16,317203922,14,332,17500
ssq,2017094,2017-08-13,8,11,13,19,28,31,6,341689810,9,128,17500
ssq,2017093,2017-08-10,7,8,9,15,22,27,12,308248758,39,238,17500
ssq,2017092,2017-08-08,10,18,19,29,32,33,9,308876342,4,131,17500
ssq,2017091,2017-08-06,5,7,10,23,28,29,3,337138076,4,141,17500
ssq,2017090,2017-08-03,1,7,10,16,22,33,9,312174318,4,84,17500
ssq,2017089,2017-08-01,11,12,13,16,23,25,12,314842050,2,69,17500
ssq,2017088,2017-07-30,7,9,18,22,23,29,6,346380162,10,406,17500
ssq,2017087,2017-07-27,3,6,13,14,19,28,6,316090948,13,105,17500
ssq,2017086,2017-07-25,3,5,6,13,20,22,7,313250840,5,73,17500
ssq,2017085,2017-07-23,1,5,6,16,25,30,9,340676888,7,148,17500
ssq,2017084,2017-07-20,1,5,11,20,22,24,2,314750766,9,98,17500
ssq,2017083,2017-07-18,3,8,14,20,24,26,12,305712986,13,161,17500
ssq,2017082,2017-07-16,14,18,21,25,28,29,10,340327376,9,120,17500
ssq,2017081,2017-07-13,3,5,14,25,26,30,5,311169340,4,134,17500
ssq,2017080,2017-07-11,1,12,16,20,22,24,8,309113400,10,103,17500
ssq,2017079,2017-07-09,3,7,14,23,25,27,8,338568770,5,107,17500
ssq,2017078,2017-07-06,5,7,18,19,22,24,16,308678006,7,160,17500
ssq,2017077,2017-07-04,1,2,4,15,17,22,14,310153396,4,93,17500
ssq,2017076,2017-07-02,1,4,8,9,14,15,13,346391726,7,115,17500
ssq,2017075,2017-06-29,1,3,6,19,21,29,7,320592160,7,90,17500
ssq,2017074,2017-06-27,2,6,16,23,30,31,2,312167868,16,548,17500
ssq,2017073,2017-06-25,3,6,16,23,26,30,14,347269730,9,173,17500
ssq,2017072,2017-06-22,6,11,14,23,26,30,2,321195342,11,94,17500
ssq,2017071,2017-06-20,2,3,6,14,31,32,3,322489468,4,51,17500
ssq,2017070,2017-06-18,1,6,14,22,25,26,12,357559628,4,92,17500
ssq,2017069,2017-06-15,2,11,12,23,29,31,5,326172358,3,98,17500
ssq,2017068,2017-06-13,2,6,10,22,30,31,15,320912348,7,102,17500
ssq,2017067,2017-06-11,1,3,4,10,18,29,4,356270498,10,131,17500
ssq,2017066,2017-06-08,1,4,6,17,19,26,3,329821920,8,103,17500
ssq,2017065,2017-06-06,2,5,8,10,12,21,7,320800086,14,181,17500
ssq,2017064,2017-06-04,2,10,16,22,24,28,15,351655222,5,158,17500
ssq,2017063,2017-06-01,12,16,20,22,25,31,4,307572084,4,246,17500
ssq,2017062,2017-05-30,1,7,22,24,26,31,10,292747704,2,50,17500
ssq,2017061,2017-05-28,6,7,12,20,26,27,11,327891234,22,236,17500
ssq,2017060,2017-05-25,5,10,13,24,26,31,4,320553910,4,113,17500
ssq,2017059,2017-05-23,4,8,9,15,19,25,9,306145516,26,222,17500
ssq,2017058,2017-05-21,1,9,13,22,28,32,11,338794650,8,111,17500
ssq,2017057,2017-05-18,18,20,22,23,30,31,16,314697362,9,71,17500
ssq,2017056,2017-05-16,13,14,18,19,21,28,6,317424132,8,184,17500
ssq,2017055,2017-05-14,7,12,13,20,24,31,5,342200872,20,109,17500
ssq,2017054,2017-05-11,2,3,9,23,28,33,8,315730948,2,73,17500
ssq,2017053,2017-05-09,4,9,11,15,29,31,6,316559816,6,77,17500
ssq,2017052,2017-05-07,7,8,18,24,29,31,7,346847224,5,182,17500
ssq,2017051,2017-05-04,2,5,9,15,24,25,11,315667040,10,194,17500
ssq,2017050,2017-05-02,10,12,20,24,27,29,7,308163776,5,64,17500
ssq,2017049,2017-04-30,1,8,14,15,20,29,10,326777700,7,113,17500
ssq,2017048,2017-04-27,5,8,9,14,15,19,7,317465116,11,107,17500
ssq,2017047,2017-04-25,2,5,8,10,32,33,2,313845556,6,181,17500
ssq,2017046,2017-04-23,4,13,14,23,26,32,10,348845228,6,95,17500
ssq,2017045,2017-04-20,5,7,16,20,21,25,5,320562564,4,99,17500
ssq,2017044,2017-04-18,8,16,19,21,31,32,6,318935018,15,81,17500
ssq,2017043,2017-04-16,8,13,16,23,27,31,8,348879160,4,170,17500
ssq,2017042,2017-04-13,1,2,4,7,10,23,4,326995938,8,69,17500
ssq,2017041,2017-04-11,4,10,13,15,22,27,4,322450520,21,114,17500
ssq,2017040,2017-04-09,15,19,23,28,29,33,4,359413424,13,82,17500
ssq,2017039,2017-04-06,2,4,12,14,17,24,15,330405710,1,109,17500
ssq,2017038,2017-04-04,1,4,8,13,24,27,5,310673636,5,191,17500
ssq,2017037,2017-04-02,11,15,20,22,25,30,5,346434206,7,102,17500
ssq,2017036,2017-03-30,1,2,5,10,24,27,15,340257990,4,134,17500
ssq,2017035,2017-03-28,1,6,14,24,28,32,12,342022594,16,164,17500
ssq,2017034,2017-03-26,4,7,8,19,32,33,13,373962682,8,146,17500
ssq,2017033,2017-03-23,5,7,15,20,23,30,15,346477046,12,205,17500
ssq,2017032,2017-03-21,5,8,15,24,27,31,11,346410188,63,284,17500
ssq,2017031,2017-03-19,6,10,16,26,27,29,3,377406752,30,344,17500
ssq,2017030,2017-03-16,1,7,9,20,23,30,2,350487064,5,81,17500
ssq,2017029,2017-03-14,2,15,21,23,25,30,10,343011048,4,53,17500
ssq,2017028,2017-03-12,7,8,12,13,22,30,9,377657484,9,152,17500
ssq,2017027,2017-03-09,2,4,11,14,27,30,5,344767540,3,76,17500
ssq,2017026,2017-03-07,3,10,12,19,27,30,8,338217710,30,385,17500
ssq,2017025,2017-03-05,2,15,16,17,22,32,7,372684176,11,176,17500
ssq,2017024,2017-03-02,9,21,25,26,29,31,13,342020216,6,120,17500
ssq,2017023,2017-02-28,1,3,4,11,18,22,14,337872226,3,108,17500
ssq,2017022,2017-02-26,2,6,15,16,18,32,15,370988738,4,63,17500
ssq,2017021,2017-02-23,2,5,10,22,32,33,9,329896520,16,115,17500
ssq,2017020,2017-02-21,4,8,10,12,31,33,10,321450250,4,87,17500
ssq,2017019,2017-02-19,4,6,8,12,23,25,8,362828374,4,111,17500
ssq,2017018,2017-02-16,1,2,3,17,25,31,9,332385048,5,91,17500
ssq,2017017,2017-02-14,3,7,8,10,22,23,12,329086094,5,120,17500
ssq,2017016,2017-02-12,5,8,16,22,27,29,2,349767606,12,222,17500
ssq,2017015,2017-02-09,1,8,9,14,17,32,1,314977594,4,101,17500
ssq,2017014,2017-02-07,6,8,18,20,23,31,13,307538720,5,144,17500
ssq,2017013,2017-02-05,8,11,28,29,31,33,6,377878424,10,99,17500
ssq,2017012,2017-01-26,10,11,14,15,16,24,7,329120186,9,80,17500
ssq,2017011,2017-01-24,10,11,12,23,26,29,16,318019266,11,229,17500
ssq,2017010,2017-01-22,5,8,19,25,28,30,7,350388682,30,231,17500
ssq,2017009,2017-01-19,2,6,8,9,15,29,14,318286702,9,145,17500
ssq,2017008,2017-01-17,7,13,15,27,28,29,13,318368112,10,165,17500
ssq,2017007,2017-01-15,2,4,5,24,26,33,15,358098002,7,62,17500
ssq,2017006,2017-01-12,2,4,8,26,29,33,8,327823184,4,70,17500
ssq,2017005,2017-01-10,6,11,12,22,23,30,5,328457210,14,204,17500
ssq,2017004,2017-01-08,5,13,17,26,27,30,7,361243290,18,294,17500
ssq,2017003,2017-01-05,1,4,8,15,27,32,16,328263696,3,80,17500
ssq,2017002,2017-01-03,15,19,23,24,25,32,3,333473696,4,67,17500
ssq,2017001,2017-01-01,9,11,14,20,25,26,15,376155592,9,184,17500
ssq,2016153,2016-12-29,7,9,16,24,25,29,6,342438226,5,247,17500
ssq,2016152,2016-12-27,2,8,9,16,20,22,7,338973816,17,247,17500
ssq,2016151,2016-12-25,6,11,16,20,22,33,7,375311070,11,130,17500
ssq,2016150,2016-12-22,2,4,5,9,13,21,5,350741078,22,140,17500
ssq,2016149,2016-12-20,3,20,23,26,32,33,7,342258704,5,77,17500
ssq,2016148,2016-12-18,1,2,11,20,26,30,14,381634232,10,158,17500
ssq,2016147,2016-12-15,4,14,18,28,31,32,12,341474648,5,113,17500
ssq,2016146,2016-12-13,3,7,15,16,17,23,10,344859752,8,133,17500
ssq,2016145,2016-12-11,1,3,7,12,19,20,6,398955964,8,157,17500
ssq,2016144,2016-12-08,4,10,12,27,32,33,5,372346108,14,86,17500
ssq,2016143,2016-12-06,6,9,23,24,25,33,13,378923738,5,143,17500
ssq,2016142,2016-12-04,1,10,17,21,23,30,12,407120242,11,85,17500
ssq,2016141,2016-12-01,4,13,15,17,21,24,15,371798444,7,106,17500
ssq,2016140,2016-11-29,1,2,5,17,26,32,10,360447386,16,84,17500
ssq,2016139,2016-11-27,1,6,19,26,28,30,3,395456724,5,94,17500
ssq,2016138,2016-11-24,7,16,20,24,25,30,7,350229764,12,160,17500
ssq,2016137,2016-11-22,1,6,9,10,15,32,14,339962622,4,90,17500
ssq,2016136,2016-11-20,2,7,10,20,27,29,3,396457052,8,117,17500
ssq,2016135,2016-11-17,2,8,10,18,20,33,12,353219786,24,172,17500
ssq,2016134,2016-11-15,11,12,13,14,18,33,13,356409344,8,107,17500
ssq,2016133,2016-11-13,15,16,21,22,27,33,15,397601552,26,242,17500
ssq,2016132,2016-11-10,5,8,13,19,27,28,7,349399364,37,358,17500
ssq,2016131,2016-11-08,4,10,18,19,25,27,2,341425796,4,112,17500
ssq,2016130,2016-11-06,3,17,21,23,27,28,1,389013348,8,88,17500
ssq,2016129,2016-11-03,5,6,8,21,31,33,14,356293078,2,107,17500
ssq,2016128,2016-11-01,4,9,11,17,26,27,13,346505806,17,216,17500
ssq,2016127,2016-10-30,7,12,17,26,29,31,16,377635784,3,127,17500
ssq,2016126,2016-10-27,2,6,12,17,18,19,10,347402822,4,182,17500
ssq,2016125,2016-10-25,1,6,8,20,27,30,3,346147358,10,94,17500
ssq,2016124,2016-10-23,9,15,21,24,27,32,10,370331346,5,120,17500
ssq,2016123,2016-10-20,7,9,12,14,20,27,16,305299416,3,191,17500
ssq,2016122,2016-10-18,15,22,23,24,28,29,8,305059324,6,96,17500
ssq,2016121,2016-10-16,2,3,10,23,25,28,9,340006950,5,106,17500
ssq,2016120,2016-10-13,2,5,6,21,25,28,9,309329228,6,139,17500
ssq,2016119,2016-10-11,9,19,21,30,31,32,4,302415052,4,353,17500
ssq,2016118,2016-10-09,9,14,22,23,31,33,14,338792784,4,97,17500
ssq,2016117,2016-10-06,3,10,14,17,28,33,2,281128494,12,167,17500
ssq,2016116,2016-10-04,7,18,20,23,27,31,13,268669114,6,52,17500
ssq,2016115,2016-10-02,6,8,20,22,26,27,9,307770194,13,62,17500
ssq,2016114,2016-09-29,5,16,20,22,27,29,9,300350554,21,103,17500
ssq,2016113,2016-09-27,1,11,16,17,20,26,14,301675518,6,95,17500
ssq,2016112,2016-09-25,6,12,14,15,18,25,12,339124224,8,105,17500
ssq,2016111,2016-09-22,2,4,7,14,15,32,4,310894592,3,68,17500
ssq,2016110,2016-09-20,5,7,28,31,32,33,8,306664040,5,55,17500
ssq,2016109,2016-09-18,9,11,15,16,27,33,5,339043452,8,93,17500
ssq,2016108,2016-09-15,2,3,7,8,19,26,16,278530656,6,174,17500
ssq,2016107,2016-09-13,6,11,18,26,27,32,1,295842288,13,230,17500
ssq,2016106,2016-09-11,4,5,13,22,25,30,4,329967722,6,119,17500
ssq,2016105,2016-09-08,8,10,19,27,28,31,16,304435234,13,153,17500
ssq,2016104,2016-09-06,5,9,11,18,30,31,4,304391928,2,72,17500
ssq,2016103,2016-09-04,1,5,13,19,24,27,11,334526552,13,116,17500
ssq,2016102,2016-09-01,5,8,10,14,17,30,13,304528374,7,339,17500
ssq,2016101,2016-08-30,1,3,19,24,32,33,1,303829992,3,45,17500
ssq,2016100,2016-08-28,3,10,22,23,27,29,4,335027586,4,87,17500
ssq,2016099,2016-08-25,1,11,21,23,27,33,6,300016648,4,111,17500
ssq,2016098,2016-08-23,2,8,25,29,31,32,6,296350008,3,63,17500
ssq,2016097,2016-08-21,6,13,25,26,28,31,1,327274678,9,101,17500
ssq,2016096,2016-08-18,6,13,14,21,22,24,16,296887214,5,110,17500
ssq,2016095,2016-08-16,1,5,9,12,18,32,12,297413702,7,73,17500
ssq,2016094,2016-08-14,6,7,10,12,18,31,10,324311584,4,83,17500
ssq,2016093,2016-08-11,6,9,15,17,25,27,9,298416216,18,131,17500
ssq,2016092,2016-08-09,2,13,15,23,24,29,6,299992386,19,97,17500
ssq,2016091,2016-08-07,4,8,14,22,23,28,7,329710234,17,226,17500
ssq,2016090,2016-08-04,2,13,17,20,21,26,7,294008068,23,164,17500
ssq,2016089,2016-08-02,1,3,14,30,31,32,8,288232376,10,48,17500
ssq,2016088,2016-07-31,3,14,16,18,25,33,15,320354148,5,79,17500
ssq,2016087,2016-07-28,2,3,10,11,14,21,12,288396896,3,84,17500
ssq,2016086,2016-07-26,9,10,11,12,15,32,5,286788850,6,62,17500
ssq,2016085,2016-07-24,1,12,19,20,21,25,16,319888112,7,245,17500
ssq,2016084,2016-07-21,2,4,12,18,24,26,5,288778286,5,101,17500
ssq,2016083,2016-07-19,9,16,17,24,30,31,4,291921542,7,99,17500
ssq,2016082,2016-07-17,6,12,14,15,17,20,9,323658370,10,89,17500
ssq,2016081,2016-07-14,2,6,15,25,30,32,7,288505018,3,73,17500
ssq,2016080,2016-07-12,1,16,17,24,25,32,14,288372472,4,88,17500
ssq,2016079,2016-07-10,1,3,10,12,24,28,2,322821956,2,101,17500
ssq,2016078,2016-07-07,2,4,8,23,26,29,2,296681554,6,65,17500
ssq,2016077,2016-07-05,1,9,17,19,20,29,10,294629008,3,93,17500
ssq,2016076,2016-07-03,7,8,13,22,30,32,1,331977974,6,112,17500
ssq,2016075,2016-06-30,1,3,6,16,29,32,7,295574016,0,65,17500
ssq,2016074,2016-06-28,6,10,11,12,20,25,12,297584738,62,154,17500
ssq,2016073,2016-06-26,9,11,12,15,16,20,13,327032018,5,80,17500
ssq,2016072,2016-06-23,5,16,19,22,24,25,2,290670126,2,79,17500
ssq,2016071,2016-06-21,19,21,26,28,29,32,1,293734448,4,83,17500
ssq,2016070,2016-06-19,3,6,11,18,23,29,1,326894102,7,264,17500
ssq,2016069,2016-06-16,8,10,11,20,21,27,11,300232584,6,168,17500
ssq,2016068,2016-06-14,8,19,23,28,31,32,1,295768168,2,58,17500
ssq,2016067,2016-06-12,9,13,18,20,27,31,4,327487486,5,117,17500
ssq,2016066,2016-06-09,3,7,13,18,19,20,5,275334312,10,207,17500
ssq,2016065,2016-06-07,13,16,22,25,26,27,14,298326848,2,87,17500
ssq,2016064,2016-06-05,3,12,14,17,19,26,3,332534594,11,116,17500
ssq,2016063,2016-06-02,16,17,18,23,28,32,7,304409952,0,83,17500
ssq,2016062,2016-05-31,12,13,15,18,19,21,9,305198008,2,116,17500
ssq,2016061,2016-05-29,5,6,8,18,20,32,8,340147518,21,127,17500
ssq,2016060,2016-05-26,4,5,22,26,29,32,8,320540202,15,47,17500
ssq,2016059,2016-05-24,4,11,12,20,25,28,15,322601954,9,153,17500
ssq,2016058,2016-05-22,3,5,18,20,24,32,11,357296334,2,130,17500
ssq,2016057,2016-05-19,7,12,19,22,23,26,11,325499780,11,256,17500
ssq,2016056,2016-05-17,3,4,8,11,16,18,14,326490562,6,180,17500
ssq,2016055,2016-05-15,5,6,10,16,22,26,11,350383284,11,232,17500
ssq,2016054,2016-05-12,6,11,16,19,28,32,4,324349586,8,204,17500
ssq,2016053,2016-05-10,2,8,10,12,29,31,1,320149454,5,165,17500
ssq,2016052,2016-05-08,1,6,13,19,24,28,16,353216208,12,218,17500
ssq,2016051,2016-05-05,1,2,4,9,15,33,12,324257380,2,58,17500
ssq,2016050,2016-05-03,9,12,24,28,29,30,2,308889140,4,116,17500
ssq,2016049,2016-05-01,6,8,13,14,22,27,10,330279014,15,172,17500
ssq,2016048,2016-04-28,3,8,13,14,15,30,4,329538828,6,115,17500
ssq,2016047,2016-04-26,2,5,8,15,17,22,16,324937604,5,172,17500
ssq,2016046,2016-04-24,7,20,25,26,27,30,14,364459490,0,90,17500
ssq,2016045,2016-04-21,4,9,12,17,30,32,3,336323174,1,86,17500
ssq,2016044,2016-04-19,1,3,10,12,18,30,1,335979238,6,147,17500
ssq,2016043,2016-04-17,5,14,20,26,30,33,12,364494720,6,88,17500
ssq,2016042,2016-04-14,7,14,17,23,26,31,9,334864386,11,129,17500
ssq,2016041,2016-04-12,12,17,18,21,22,24,4,330501352,3,98,17500
ssq,2016040,2016-04-10,3,13,19,20,23,26,3,365246422,12,167,17500
ssq,2016039,2016-04-07,1,3,7,18,19,27,16,335090614,5,189,17500
ssq,2016038,2016-04-05,3,12,13,22,28,29,3,325081790,4,182,17500
ssq,2016037,2016-04-03,6,15,26,31,32,33,16,350165940,3,97,17500
ssq,2016036,2016-03-31,3,4,7,9,20,22,3,348368584,2,116,17500
ssq,2016035,2016-03-29,4,13,19,20,26,29,11,343407218,11,187,17500
ssq,2016034,2016-03-27,3,15,21,22,23,28,15,380415644,1,107,17500
ssq,2016033,2016-03-24,6,17,18,20,27,29,15,338637474,2,119,17500
ssq,2016032,2016-03-22,8,12,14,15,21,27,15,339342300,5,154,17500
ssq,2016031,2016-03-20,3,8,10,19,26,33,3,385818800,13,191,17500
ssq,2016030,2016-03-17,10,14,19,22,25,29,12,351985986,98,552,17500
ssq,2016029,2016-03-15,12,15,18,20,21,27,15,347727124,5,99,17500
ssq,2016028,2016-03-13,6,8,12,21,25,29,1,370238316,7,282,17500
ssq,2016027,2016-03-10,11,13,15,17,19,31,5,337818690,4,213,17500
ssq,2016026,2016-03-08,4,9,12,28,30,33,1,329158276,0,77,17500
ssq,2016025,2016-03-06,4,11,12,17,24,30,12,379126514,19,420,17500
ssq,2016024,2016-03-03,2,5,7,14,18,31,13,344808140,9,157,17500
ssq,2016023,2016-03-01,3,6,10,19,25,29,7,337590682,14,235,17500
ssq,2016022,2016-02-28,4,9,19,22,23,30,7,370206784,8,163,17500
ssq,2016021,2016-02-25,9,11,13,22,24,26,5,330776764,5,172,17500
ssq,2016020,2016-02-23,1,2,10,12,22,24,10,317041006,3,109,17500
ssq,2016019,2016-02-21,6,13,16,17,23,30,10,354746834,51,231,17500
ssq,2016018,2016-02-18,12,13,14,17,21,25,4,316712952,5,81,17500
ssq,2016017,2016-02-16,5,6,8,20,22,30,5,293890064,12,189,17500
ssq,2016016,2016-02-14,1,20,22,24,25,26,16,316931514,5,91,17500
ssq,2016015,2016-02-04,1,2,14,22,25,26,7,346224370,5,87,17500
ssq,2016014,2016-02-02,2,8,10,18,20,27,7,321027466,45,113,17500
ssq,2016013,2016-01-31,7,12,21,22,26,31,1,370420948,3,100,17500
ssq,2016012,2016-01-28,7,12,14,16,27,32,15,336562836,2,87,17500
ssq,2016011,2016-01-26,3,8,10,15,22,29,12,332990472,43,232,17500
ssq,2016010,2016-01-24,2,4,12,14,19,25,6,359088730,14,121,17500
ssq,2016009,2016-01-21,10,14,24,25,27,32,4,341116278,3,71,17500
ssq,2016008,2016-01-19,2,15,24,29,32,33,2,355411856,5,73,17500
ssq,2016007,2016-01-17,5,12,14,20,27,29,6,398316866,11,155,17500
ssq,2016006,2016-01-14,13,16,18,20,28,31,12,357519610,2,93,17500
ssq,2016005,2016-01-12,11,14,18,20,31,33,14,347622842,56,55,17500
ssq,2016004,2016-01-10,8,10,17,22,25,33,12,376467244,9,299,17500
ssq,2016003,2016-01-07,1,10,14,23,26,28,1,351825302,12,170,17500
ssq,2016002,2016-01-05,9,14,17,20,24,30,16,343096096,5,231,17500
ssq,2016001,2016-01-03,6,13,16,18,20,22,13,388445976,5,154,17500
ssq,2015154,2015-12-31,7,9,11,15,18,25,7,364605498,13,120,17500
ssq,2015153,2015-12-29,8,11,15,22,27,29,3,348341018,15,143,17500
ssq,2015152,2015-12-27,11,18,19,21,29,32,12,392322240,14,102,17500
ssq,2015151,2015-12-24,5,6,8,23,31,32,11,350309390,5,74,17500
ssq,2015150,2015-12-22,1,3,8,11,29,31,13,333813118,1,225,17500
ssq,2015149,2015-12-20,9,10,20,21,22,33,9,368458204,40,340,17500
ssq,2015148,2015-12-17,9,13,14,22,26,27,7,330278892,18,298,17500
ssq,2015147,2015-12-15,8,9,16,23,24,30,5,331495570,29,181,17500
ssq,2015146,2015-12-13,16,17,21,28,30,32,15,368273034,3,73,17500
ssq,2015145,2015-12-10,7,8,15,19,20,24,13,327973844,14,143,17500
ssq,2015144,2015-12-08,1,4,7,15,28,32,16,330530758,6,110,17500
ssq,2015143,2015-12-06,13,15,19,20,21,32,4,363104978,6,75,17500
ssq,2015142,2015-12-03,13,17,19,20,22,25,11,326956020,2,66,17500
ssq,2015141,2015-12-01,3,8,19,25,27,28,2,329544366,8,173,17500
ssq,2015140,2015-11-29,6,20,28,29,30,31,12,363959858,5,131,17500
ssq,2015139,2015-11-26,1,10,13,18,25,27,9,323569236,5,91,17500
ssq,2015138,2015-11-24,1,2,8,16,19,24,11,317036346,11,108,17500
ssq,2015137,2015-11-22,14,22,23,27,28,31,12,357991902,2,74,17500
ssq,2015136,2015-11-19,2,5,12,23,28,29,1,332169672,3,183,17500
ssq,2015135,2015-11-17,1,12,14,18,26,32,7,323653256,6,85,17500
ssq,2015134,2015-11-15,2,5,14,19,27,31,4,359304970,4,198,17500
ssq,2015133,2015-11-12,2,3,13,20,22,24,15,318320120,3,78,17500
ssq,2015132,2015-11-10,3,5,11,28,30,33,1,324697916,7,72,17500
ssq,2015131,2015-11-08,10,12,13,19,22,26,3,352871146,7,100,17500
ssq,2015130,2015-11-05,6,14,15,16,17,22,10,329910968,5,179,17500
ssq,2015129,2015-11-03,5,8,11,16,18,27,4,330274852,2,122,17500
ssq,2015128,2015-11-01,1,3,8,11,22,28,6,353929358,17,188,17500
ssq,2015127,2015-10-29,7,10,19,22,27,33,6,323385694,18,99,17500
ssq,2015126,2015-10-27,10,11,15,20,23,29,12,321292184,11,290,17500
ssq,2015125,2015-10-25,5,13,22,27,30,33,10,342693238,7,69,17500
ssq,2015124,2015-10-22,2,3,5,12,18,27,1,314656346,11,117,17500
ssq,2015123,2015-10-20,5,8,9,12,22,28,7,312976520,8,263,17500
ssq,2015122,2015-10-18,5,7,11,16,22,25,7,340964698,14,178,17500
ssq,2015121,2015-10-15,1,3,20,21,28,29,12,311696404,4,69,17500
ssq,2015120,2015-10-13,16,21,24,26,27,29,16,306978816,1,136,17500
ssq,2015119,2015-10-11,2,8,10,18,23,31,8,336177996,6,112,17500
ssq,2015118,2015-10-08,1,4,11,21,23,31,12,302094780,11,52,17500
ssq,2015117,2015-10-06,4,11,12,18,26,32,12,276307776,3,85,17500
ssq,2015116,2015-10-04,4,6,15,23,26,28,11,298345670,7,153,17500
ssq,2015115,2015-10-01,1,7,8,14,24,32,3,275624372,10,114,17500
ssq,2015114,2015-09-29,4,7,9,13,21,26,1,297013542,13,259,17500
ssq,2015113,2015-09-27,1,5,7,8,19,27,12,337101348,7,177,17500
ssq,2015112,2015-09-24,1,3,10,19,20,27,11,306859802,4,126,17500
ssq,2015111,2015-09-22,8,14,16,18,20,30,12,307364620,7,142,17500
ssq,2015110,2015-09-20,5,7,16,17,22,23,4,340689020,11,189,17500
ssq,2015109,2015-09-17,1,8,9,16,32,33,13,317531670,7,132,17500
ssq,2015108,2015-09-15,2,12,19,22,24,27,15,309769258,9,136,17500
ssq,2015107,2015-09-13,7,14,16,18,21,25,8,337547646,7,96,17500
ssq,2015106,2015-09-10,1,3,4,23,31,32,13,305793682,6,84,17500
ssq,2015105,2015-09-08,9,10,16,19,20,26,12,304229202,12,180,17500
ssq,2015104,2015-09-06,9,18,21,23,25,26,1,332604432,0,87,17500
ssq,2015103,2015-09-03,6,8,13,26,30,32,14,284270680,3,138,17500
ssq,2015102,2015-09-01,7,9,12,14,21,23,6,300065068,5,107,17500
ssq,2015101,2015-08-30,8,16,22,24,28,29,5,333057658,8,133,17500
ssq,2015100,2015-08-27,2,3,11,17,19,21,8,302573068,2,107,17500
ssq,2015099,2015-08-25,6,7,10,11,14,22,9,297598058,5,91,17500
ssq,2015098,2015-08-23,6,9,13,26,27,33,1,329104206,3,145,17500
ssq,2015097,2015-08-20,9,12,14,20,26,27,4,298570222,11,827,17500
ssq,2015096,2015-08-18,6,16,17,23,24,31,7,294260644,10,100,17500
ssq,2015095,2015-08-16,4,15,21,28,30,31,4,325059832,5,76,17500
ssq,2015094,2015-08-13,1,4,6,13,16,17,10,295713760,5,85,17500
ssq,2015093,2015-08-11,1,3,13,21,25,31,8,292493392,4,97,17500
ssq,2015092,2015-08-09,9,15,19,21,26,27,1,318089362,5,359,17500
ssq,2015091,2015-08-06,5,7,17,19,22,31,11,285818388,4,105,17500
ssq,2015090,2015-08-04,10,12,14,22,25,33,15,282983042,2,50,17500
ssq,2015089,2015-08-02,12,14,19,27,28,29,1,311873350,3,94,17500
ssq,2015088,2015-07-30,2,12,20,24,29,31,9,287667610,13,41,17500
ssq,2015087,2015-07-28,9,15,16,19,20,28,11,280174514,1,136,17500
ssq,2015086,2015-07-26,5,6,8,16,18,22,12,308129834,6,115,17500
ssq,2015085,2015-07-23,2,8,25,27,28,29,5,285325214,3,100,17500
ssq,2015084,2015-07-21,15,18,20,22,28,29,15,281884996,2,69,17500
ssq,2015083,2015-07-19,6,7,16,18,29,32,5,315704384,17,235,17500
ssq,2015082,2015-07-16,2,8,9,14,28,30,7,288017344,6,97,17500
ssq,2015081,2015-07-14,13,20,22,26,28,31,13,278500218,6,62,17500
ssq,2015080,2015-07-12,14,17,25,27,28,30,2,314150596,6,122,17500
ssq,2015079,2015-07-09,9,14,15,20,26,32,11,291775556,18,157,17500
ssq,2015078,2015-07-07,3,7,20,22,26,29,2,291936416,3,139,17500
ssq,2015077,2015-07-05,1,6,8,10,13,27,16,324775100,3,63,17500
ssq,2015076,2015-07-02,1,9,10,19,23,27,9,294088268,17,167,17500
ssq,2015075,2015-06-30,6,11,13,19,21,32,4,292719690,2,88,17500
ssq,2015074,2015-06-28,4,7,21,25,26,29,8,320107256,2,79,17500
ssq,2015073,2015-06-25,1,2,17,22,26,27,4,293054328,5,103,17500
ssq,2015072,2015-06-23,1,3,5,20,21,31,5,293363242,5,82,17500
ssq,2015071,2015-06-21,8,18,20,28,29,31,8,308073950,14,121,17500
ssq,2015070,2015-06-18,1,7,13,19,21,29,15,294607168,5,105,17500
ssq,2015069,2015-06-16,1,13,17,18,23,30,15,292089158,8,108,17500
ssq,2015068,2015-06-14,6,15,18,21,26,27,10,326767662,8,188,17500
ssq,2015067,2015-06-11,2,5,8,24,25,31,14,296388770,13,163,17500
ssq,2015066,2015-06-09,5,8,11,17,24,28,16,295073100,5,255,17500
ssq,2015065,2015-06-07,8,10,14,19,26,29,12,326011866,7,127,17500
ssq,2015064,2015-06-04,11,12,14,17,23,27,1,298850352,7,163,17500
ssq,2015063,2015-06-02,1,7,9,16,22,32,12,291740962,7,183,17500
ssq,2015062,2015-05-31,9,14,15,18,21,26,16,323470788,2,88,17500
ssq,2015061,2015-05-28,6,18,22,26,32,33,4,300873544,3,82,17500
ssq,2015060,2015-05-26,1,3,18,27,31,32,13,294398362,5,76,17500
ssq,2015059,2015-05-24,2,6,9,16,25,32,14,327035284,3,64,17500
ssq,2015058,2015-05-21,2,9,10,18,19,20,15,302422308,9,229,17500
ssq,2015057,2015-05-19,9,20,24,25,26,32,4,298048220,4,69,17500
ssq,2015056,2015-05-17,1,7,8,16,18,20,14,333455694,7,120,17500
ssq,2015055,2015-05-14,1,10,15,18,19,28,2,308523870,6,102,17500
ssq,2015054,2015-05-12,1,2,7,10,22,26,7,305342532,10,82,17500
ssq,2015053,2015-05-10,3,7,17,22,32,33,10,337772948,9,265,17500
ssq,2015052,2015-05-07,2,4,11,16,25,26,12,312855530,17,85,17500
ssq,2015051,2015-05-05,4,10,24,26,28,32,9,311895918,3,107,17500
ssq,2015050,2015-05-03,3,9,12,16,17,31,4,330490908,4,82,17500
ssq,2015049,2015-04-30,7,12,14,17,20,23,5,304091626,9,83,17500
ssq,2015048,2015-04-28,13,16,17,22,25,27,10,314318648,13,61,17500
ssq,2015047,2015-04-26,2,3,20,24,26,27,9,353219880,12,68,17500
ssq,2015046,2015-04-23,5,7,10,14,23,31,1,324849386,2,81,17500
ssq,2015045,2015-04-21,1,5,13,22,30,31,7,317791860,5,110,17500
ssq,2015044,2015-04-19,2,3,4,13,14,16,2,361973072,44,170,17500
ssq,2015043,2015-04-16,11,12,15,24,26,27,15,333265010,11,66,17500
ssq,2015042,2015-04-14,9,10,19,21,23,32,8,328582874,18,138,17500
ssq,2015041,2015-04-12,4,9,11,17,21,25,6,355451862,17,226,17500
ssq,2015040,2015-04-09,13,16,18,27,30,32,16,320385120,4,54,17500
ssq,2015039,2015-04-07,1,13,15,26,29,30,12,304495842,7,85,17500
ssq,2015038,2015-04-05,5,6,11,12,14,33,14,330881502,1,81,17500
ssq,2015037,2015-04-02,5,7,12,18,28,31,3,311121894,0,232,17500
ssq,2015036,2015-03-31,4,6,16,17,26,33,3,314978372,5,122,17500
ssq,2015035,2015-03-29,1,8,9,22,24,33,3,354232116,13,226,17500
ssq,2015034,2015-03-26,12,13,17,18,20,27,13,319035578,5,201,17500
ssq,2015033,2015-03-24,3,6,21,29,31,32,5,316147976,2,93,17500
ssq,2015032,2015-03-22,11,14,16,18,29,32,16,356881788,6,98,17500
ssq,2015031,2015-03-19,1,5,7,22,26,32,11,322648288,10,113,17500
ssq,2015030,2015-03-17,8,11,14,15,16,26,7,313853770,6,104,17500
ssq,2015029,2015-03-15,7,14,15,19,21,28,7,350574266,7,109,17500
ssq,2015028,2015-03-12,4,7,10,26,27,28,14,318360502,8,292,17500
ssq,2015027,2015-03-10,5,7,9,16,26,29,7,313056664,26,147,17500
ssq,2015026,2015-03-08,2,13,17,21,22,33,13,346132854,16,131,17500
ssq,2015025,2015-03-05,10,11,12,15,27,32,14,301966294,0,89,17500
ssq,2015024,2015-03-03,9,11,16,18,23,24,10,297320432,6,83,17500
ssq,2015023,2015-03-01,8,9,10,13,29,30,1,371421794,9,297,17500
ssq,2015022,2015-02-26,4,7,10,16,23,25,10,428626486,7,242,17500
ssq,2015021,2015-02-17,14,15,16,17,27,28,8,369500210,16,147,17500
ssq,2015020,2015-02-15,1,4,7,19,22,23,4,404738304,7,175,17500
ssq,2015019,2015-02-12,2,6,11,19,25,26,4,363865754,12,213,17500
ssq,2015018,2015-02-10,6,9,12,14,28,29,9,356589678,10,207,17500
ssq,2015017,2015-02-08,13,18,20,25,27,33,12,405548808,7,73,17500
ssq,2015016,2015-02-05,2,6,10,15,17,31,13,370190678,10,96,17500
ssq,2015015,2015-02-03,1,7,20,24,25,33,4,369504840,6,94,17500
ssq,2015014,2015-02-01,2,12,16,19,27,30,11,413004748,72,634,17500
ssq,2015013,2015-01-29,8,9,24,25,26,29,1,371312910,12,155,17500
ssq,2015012,2015-01-27,3,5,22,23,29,31,6,370574586,21,91,17500
ssq,2015011,2015-01-25,4,14,15,17,18,20,15,448888738,5,100,17500
ssq,2015010,2015-01-22,1,2,3,8,21,31,9,408876968,7,78,17500
ssq,2015009,2015-01-20,4,7,14,17,21,25,14,406130598,13,171,17500
ssq,2015008,2015-01-18,4,7,10,16,20,22,3,441162104,6,146,17500
ssq,2015007,2015-01-15,1,7,9,17,20,33,8,396557494,8,96,17500
ssq,2015006,2015-01-13,1,10,11,29,31,33,13,381704996,7,156,17500
ssq,2015005,2015-01-11,7,10,16,17,18,32,15,434233966,7,142,17500
ssq,2015004,2015-01-08,2,14,15,16,23,24,10,391871604,5,84,17500
ssq,2015003,2015-01-06,10,15,20,23,24,31,15,389418150,5,98,17500
ssq,2015002,2015-01-04,7,15,16,25,28,32,5,445131362,13,152,17500
ssq,2015001,2015-01-01,1,7,9,16,20,23,6,389811558,8,125,17500
ssq,2014152,2014-12-30,8,13,15,20,21,25,12,403970126,12,99,17500
ssq,2014151,2014-12-28,4,5,8,11,21,27,8,436728282,13,195,17500
ssq,2014150,2014-12-25,3,8,14,22,24,32,9,393965122,9,161,17500
ssq,2014149,2014-12-23,7,9,10,15,19,33,1,386664128,2,154,17500
ssq,2014148,2014-12-21,1,2,5,12,15,16,13,425097618,9,133,17500
ssq,2014147,2014-12-18,6,7,22,26,31,32,10,385071740,4,93,17500
ssq,2014146,2014-12-16,1,6,13,20,29,32,1,383982986,3,100,17500
ssq,2014145,2014-12-14,10,12,13,23,26,29,11,428104998,9,142,17500
ssq,2014144,2014-12-11,3,5,6,9,10,27,14,379438954,6,191,17500
ssq,2014143,2014-12-09,3,12,18,20,25,26,16,375707362,14,197,17500
ssq,2014142,2014-12-07,6,21,22,23,25,28,13,419262206,5,100,17500
ssq,2014141,2014-12-04,8,9,11,16,21,24,10,374573402,22,168,17500
ssq,2014140,2014-12-02,6,10,11,14,17,33,6,369928040,5,102,17500
ssq,2014139,2014-11-30,1,14,15,20,25,29,11,416872552,10,102,17500
ssq,2014138,2014-11-27,4,6,13,29,31,33,13,379450576,5,126,17500
ssq,2014137,2014-11-25,3,6,9,11,25,29,9,377779080,27,223,17500
ssq,2014136,2014-11-23,3,16,19,27,31,32,10,419949224,1,112,17500
ssq,2014135,2014-11-20,2,4,11,13,25,33,1,380304722,4,210,17500
ssq,2014134,2014-11-18,5,16,22,23,26,28,2,374813426,7,124,17500
ssq,2014133,2014-11-16,13,14,16,23,30,31,13,417287906,4,125,17500
ssq,2014132,2014-11-13,5,6,14,15,18,33,8,372487192,5,81,17500
ssq,2014131,2014-11-11,5,17,21,22,28,32,14,396591384,7,211,17500
ssq,2014130,2014-11-09,1,2,10,24,30,33,10,402591108,3,77,17500
ssq,2014129,2014-11-06,5,8,9,20,28,32,2,359082268,7,207,17500
ssq,2014128,2014-11-04,5,7,8,17,18,24,14,358520804,10,180,17500
ssq,2014127,2014-11-02,2,10,12,21,23,27,12,405427926,15,189,17500
ssq,2014126,2014-10-30,6,11,16,17,22,27,1,374635140,28,425,17500
ssq,2014125,2014-10-28,10,11,15,26,31,32,6,369171242,5,84,17500
ssq,2014124,2014-10-26,2,17,20,24,31,33,4,414603564,3,72,17500
ssq,2014123,2014-10-23,1,6,11,17,28,33,5,374248054,31,447,17500
ssq,2014122,2014-10-21,6,9,11,16,20,29,11,372450634,16,156,17500
ssq,2014121,2014-10-19,1,2,13,22,28,30,9,414246034,15,265,17500
ssq,2014120,2014-10-16,1,7,12,16,23,28,4,380941988,23,375,17500
ssq,2014119,2014-10-14,6,13,17,20,26,29,9,374297910,16,138,17500
ssq,2014118,2014-10-12,5,7,15,18,26,30,3,412610364,15,328,17500
ssq,2014117,2014-10-09,5,10,17,25,28,29,4,376251864,9,316,17500
ssq,2014116,2014-10-07,9,10,14,15,19,29,16,355472106,8,178,17500
ssq,2014115,2014-10-05,1,9,10,11,13,32,3,393986920,107,176,17500
ssq,2014114,2014-10-02,2,7,23,30,32,33,10,336622164,4,64,17500
ssq,2014113,2014-09-30,12,14,28,31,32,33,7,376332046,2,61,17500
ssq,2014112,2014-09-28,1,15,16,21,24,30,3,438774340,16,150,17500
ssq,2014111,2014-09-25,2,8,17,20,22,28,2,391471380,5,86,17500
ssq,2014110,2014-09-23,1,8,11,13,19,30,6,384948858,4,143,17500
ssq,2014109,2014-09-21,2,5,11,15,19,28,2,437600916,16,304,17500
ssq,2014108,2014-09-18,3,8,9,20,23,28,2,393047674,14,357,17500
ssq,2014107,2014-09-16,11,14,17,22,25,27,16,387176276,5,117,17500
ssq,2014106,2014-09-14,9,14,17,18,21,25,15,422052940,4,124,17500
ssq,2014105,2014-09-11,14,16,17,19,27,32,4,379715550,6,67,17500
ssq,2014104,2014-09-09,2,6,12,19,27,28,13,358170510,5,372,17500
ssq,2014103,2014-09-07,3,8,9,10,18,33,4,396768732,8,179,17500
ssq,2014102,2014-09-04,14,16,21,24,28,31,13,368749750,3,80,17500
ssq,2014101,2014-09-02,16,18,20,23,24,32,7,359712392,2,61,17500
ssq,2014100,2014-08-31,1,6,9,10,14,16,11,401949134,3,90,17500
ssq,2014099,2014-08-28,1,5,10,11,13,32,14,358086522,4,47,17500
ssq,2014098,2014-08-26,2,13,17,20,29,31,7,353151800,5,77,17500
ssq,2014097,2014-08-24,7,13,24,25,27,32,15,390727104,3,148,17500
ssq,2014096,2014-08-21,12,14,17,19,22,24,8,357432576,4,86,17500
ssq,2014095,2014-08-19,5,6,8,14,22,31,8,348187212,5,134,17500
ssq,2014094,2014-08-17,1,10,18,20,23,29,1,394513356,2,79,17500
ssq,2014093,2014-08-14,2,8,9,10,20,29,5,361310882,23,205,17500
ssq,2014092,2014-08-12,3,13,18,19,22,26,7,355694942,8,185,17500
ssq,2014091,2014-08-10,1,5,12,19,27,29,14,395683536,7,148,17500
ssq,2014090,2014-08-07,5,9,11,19,24,32,13,361007810,17,201,17500
ssq,2014089,2014-08-05,4,6,14,17,27,30,9,349996988,15,145,17500
ssq,2014088,2014-08-03,3,6,11,14,16,29,15,378895304,4,100,17500
ssq,2014087,2014-07-31,6,18,22,23,32,33,6,346294212,6,89,17500
ssq,2014086,2014-07-29,2,4,10,12,14,30,8,342885520,6,147,17500
ssq,2014085,2014-07-27,1,2,11,19,23,29,8,383964576,15,106,17500
ssq,2014084,2014-07-24,1,6,9,10,13,25,8,348439746,6,107,17500
ssq,2014083,2014-07-22,5,6,19,21,23,33,12,342671260,6,111,17500
ssq,2014082,2014-07-20,2,4,20,25,26,29,11,376072870,6,90,17500
ssq,2014081,2014-07-17,8,14,22,24,27,29,10,345588442,6,88,17500
ssq,2014080,2014-07-15,5,14,16,17,25,30,7,339602048,1,254,17500
ssq,2014079,2014-07-13,2,7,16,22,27,28,2,371546996,7,168,17500
ssq,2014078,2014-07-10,2,3,5,6,9,17,7,340877252,9,112,17500
ssq,2014077,2014-07-08,8,9,12,15,19,22,10,335080206,8,140,17500
ssq,2014076,2014-07-06,6,10,12,17,18,33,11,375634222,3,76,17500
ssq,2014075,2014-07-03,3,9,11,22,27,29,6,341705034,24,169,17500
ssq,2014074,2014-07-01,1,3,6,13,30,31,12,333005878,1,88,17500
ssq,2014073,2014-06-29,1,12,16,20,30,33,2,368813894,5,79,17500
ssq,2014072,2014-06-26,1,3,7,13,19,32,16,324184472,3,106,17500
ssq,2014071,2014-06-24,2,4,12,17,22,25,14,332837230,34,432,17500
ssq,2014070,2014-06-22,1,7,9,19,28,29,7,381932126,25,199,17500
ssq,2014069,2014-06-19,5,12,17,19,25,30,11,344427596,10,218,17500
ssq,2014068,2014-06-17,4,12,13,22,27,29,16,333498724,3,122,17500
ssq,2014067,2014-06-15,1,6,7,17,18,23,6,369752334,16,203,17500
ssq,2014066,2014-06-12,2,5,15,17,18,21,16,326106482,3,89,17500
ssq,2014065,2014-06-10,3,4,5,8,10,22,6,331291864,14,131,17500
ssq,2014064,2014-06-08,2,9,15,16,29,32,14,362553032,14,287,17500
ssq,2014063,2014-06-05,3,8,17,21,22,31,16,318559312,8,224,17500
ssq,2014062,2014-06-03,6,9,15,24,25,26,9,324555900,58,396,17500
ssq,2014061,2014-06-01,2,14,17,27,28,31,8,348086982,16,210,17500
ssq,2014060,2014-05-29,3,5,14,18,25,33,6,332537430,1,156,17500
ssq,2014059,2014-05-27,5,8,12,13,23,25,13,332914310,14,192,17500
ssq,2014058,2014-05-25,2,3,12,13,14,25,11,395239936,38,213,17500
ssq,2014057,2014-05-22,2,4,12,18,23,31,8,357051002,6,92,17500
ssq,2014056,2014-05-20,1,11,18,20,28,29,1,355820816,6,117,17500
ssq,2014055,2014-05-18,2,9,14,19,21,30,4,399255230,8,141,17500
ssq,2014054,2014-05-15,1,4,5,11,29,30,14,362404232,14,331,17500
ssq,2014053,2014-05-13,14,17,19,22,26,31,2,357050160,1,80,17500
ssq,2014052,2014-05-11,9,13,15,28,30,33,8,388520458,14,152,17500
ssq,2014051,2014-05-08,10,16,19,21,23,24,13,355097144,7,69,17500
ssq,2014050,2014-05-06,3,17,23,25,26,32,13,356974970,6,117,17500
ssq,2014049,2014-05-04,6,7,16,17,23,32,6,395100460,15,176,17500
ssq,2014048,2014-05-01,6,9,16,17,24,25,16,328158768,10,209,17500
ssq,2014047,2014-04-29,8,10,11,12,19,29,15,367083108,6,231,17500
ssq,2014046,2014-04-27,2,10,11,17,18,22,10,407325576,10,121,17500
ssq,2014045,2014-04-24,2,4,9,11,19,22,15,375431708,22,128,17500
ssq,2014044,2014-04-22,4,9,21,27,28,33,12,373074342,4,136,17500
ssq,2014043,2014-04-20,2,5,9,14,24,33,9,415843112,16,118,17500
ssq,2014042,2014-04-17,12,15,20,25,28,33,14,373018334,0,90,17500
ssq,2014041,2014-04-15,7,11,16,18,21,22,2,365242842,2,93,17500
ssq,2014040,2014-04-13,3,4,6,11,12,15,8,406009192,9,119,17500
ssq,2014039,2014-04-10,3,11,15,19,20,31,7,363687932,5,274,17500
ssq,2014038,2014-04-08,4,7,22,23,24,33,16,356364376,9,111,17500
ssq,2014037,2014-04-06,6,13,14,24,25,30,7,385617546,18,261,17500
ssq,2014036,2014-04-03,1,7,8,9,11,22,3,378585748,30,351,17500
ssq,2014035,2014-04-01,7,8,9,17,32,33,6,385901784,10,199,17500
ssq,2014034,2014-03-30,1,3,4,8,25,31,6,432189956,20,102,17500
ssq,2014033,2014-03-27,5,13,23,28,32,33,12,403193612,17,303,17500
ssq,2014032,2014-03-25,1,2,14,22,29,33,7,397424848,3,94,17500
ssq,2014031,2014-03-23,4,10,16,17,21,27,14,443595958,16,368,17500
ssq,2014030,2014-03-20,12,18,19,23,24,30,10,396594924,8,208,17500
ssq,2014029,2014-03-18,2,7,14,16,21,29,14,396072528,8,137,17500
ssq,2014028,2014-03-16,6,16,21,27,30,32,5,435709368,8,72,17500
ssq,2014027,2014-03-13,8,10,14,16,30,31,1,384105632,2,75,17500
ssq,2014026,2014-03-11,1,2,5,6,11,23,14,376888174,2,135,17500
ssq,2014025,2014-03-09,1,5,10,14,16,30,16,420328670,3,96,17500
ssq,2014024,2014-03-06,8,10,16,20,23,30,9,380942014,24,288,17500
ssq,2014023,2014-03-04,7,9,13,17,21,22,10,379325720,13,178,17500
ssq,2014022,2014-03-02,4,6,7,10,21,26,16,422477050,8,110,17500
ssq,2014021,2014-02-27,8,10,15,17,22,29,12,376012996,9,119,17500
ssq,2014020,2014-02-25,9,14,17,23,24,25,15,369800298,4,118,17500
ssq,2014019,2014-02-23,2,10,15,19,20,21,7,409381396,5,95,17500
ssq,2014018,2014-02-20,13,17,18,21,30,33,15,366787508,5,51,17500
ssq,2014017,2014-02-18,4,6,7,14,25,26,10,354286552,24,218,17500
ssq,2014016,2014-02-16,2,3,7,13,21,24,8,394728698,3,106,17500
ssq,2014015,2014-02-13,2,11,19,30,32,33,9,345827928,11,101,17500
ssq,2014014,2014-02-11,4,9,19,22,25,29,15,340281006,10,128,17500
ssq,2014013,2014-02-09,5,9,13,15,17,21,13,447850102,12,127,17500
ssq,2014012,2014-01-28,1,8,11,19,21,24,8,364615256,6,79,17500
ssq,2014011,2014-01-26,9,10,13,14,21,32,2,400827700,7,120,17500
ssq,2014010,2014-01-23,5,7,8,20,31,33,11,359922428,2,207,17500
ssq,2014009,2014-01-21,8,9,19,20,25,32,16,348408848,6,229,17500
ssq,2014008,2014-01-19,5,14,16,21,29,30,12,392135484,8,189,17500
ssq,2014007,2014-01-16,8,10,12,14,18,28,14,346606050,13,198,17500
ssq,2014006,2014-01-14,3,4,7,17,21,27,14,369941458,70,296,17500
ssq,2014005,2014-01-12,15,18,23,27,32,33,4,414088906,6,77,17500
ssq,2014004,2014-01-09,1,4,19,22,24,25,15,373155800,5,113,17500
ssq,2014003,2014-01-07,6,10,11,28,30,33,12,363993362,6,147,17500
ssq,2014002,2014-01-05,4,21,23,31,32,33,4,408021124,6,105,17500
ssq,2014001,2014-01-02,3,9,15,20,27,29,1,371341368,3,139,17500
ssq,2013154,2013-12-31,7,11,14,19,24,29,5,382836786,16,182,17500
ssq,2013153,2013-12-29,8,11,13,18,28,33,10,394373774,6,116,17500
ssq,2013152,2013-12-26,4,6,14,16,18,29,5,353968798,28,213,17500
ssq,2013151,2013-12-24,3,9,10,19,28,33,9,376460226,45,391,17500
ssq,2013150,2013-12-22,1,15,16,25,26,29,10,409001896,5,93,17500
ssq,2013149,2013-12-19,9,18,25,26,30,32,11,369490424,9,117,17500
ssq,2013148,2013-12-17,6,11,12,14,17,22,1,354333120,5,120,17500
ssq,2013147,2013-12-15,2,15,16,17,19,30,8,400947352,18,132,17500
ssq,2013146,2013-12-12,8,20,25,30,32,33,1,404451866,4,147,17500
ssq,2013145,2013-12-10,6,10,13,16,23,24,15,364933776,13,237,17500
ssq,2013144,2013-12-08,5,7,12,19,27,31,2,406764784,12,308,17500
ssq,2013143,2013-12-05,12,18,21,22,27,32,11,364973022,8,90,17500
ssq,2013142,2013-12-03,11,12,14,20,22,29,14,356100256,8,119,17500
ssq,2013141,2013-12-01,3,4,5,25,30,31,4,409703546,25,180,17500
ssq,2013140,2013-11-28,1,5,12,13,21,22,10,359556480,4,125,17500
ssq,2013139,2013-11-26,7,8,11,13,21,27,8,372082440,25,184,17500
ssq,2013138,2013-11-24,4,15,16,24,27,28,3,402650432,10,161,17500
ssq,2013137,2013-11-21,4,17,19,23,24,27,10,379293130,27,420,17500
ssq,2013136,2013-11-19,4,6,14,16,18,26,6,369164734,12,139,17500
ssq,2013135,2013-11-17,9,23,24,25,29,31,12,406720240,5,113,17500
ssq,2013134,2013-11-14,1,17,18,19,25,29,10,372289714,16,118,17500
ssq,2013133,2013-11-12,4,7,12,19,22,25,1,361709328,12,248,17500
ssq,2013132,2013-11-10,20,21,22,23,25,27,12,420848208,25,176,17500
ssq,2013131,2013-11-07,4,6,12,17,19,26,9,388319260,18,130,17500
ssq,2013130,2013-11-05,1,3,15,16,31,33,8,385080972,12,115,17500
ssq,2013129,2013-11-03,5,6,10,14,27,31,14,418710844,4,144,17500
ssq,2013128,2013-10-31,7,13,17,19,25,31,8,381844688,8,156,17500
ssq,2013127,2013-10-29,2,3,13,20,22,33,14,376726836,5,216,17500
ssq,2013126,2013-10-27,4,10,19,27,31,33,16,408866622,5,155,17500
ssq,2013125,2013-10-24,4,6,8,18,25,28,16,372984566,8,308,17500
ssq,2013124,2013-10-22,3,9,15,23,25,30,7,347249642,8,140,17500
ssq,2013123,2013-10-20,1,2,6,11,17,25,2,385822278,12,109,17500
ssq,2013122,2013-10-17,7,10,13,15,26,27,11,345544080,10,173,17500
ssq,2013121,2013-10-15,4,5,6,7,25,27,7,337100116,5,155,17500
ssq,2013120,2013-10-13,5,6,13,18,23,31,11,404684072,47,447,17500
ssq,2013119,2013-10-10,5,15,20,22,26,32,9,357071040,9,83,17500
ssq,2013118,2013-10-08,2,3,17,22,32,33,16,343511272,6,93,17500
ssq,2013117,2013-10-06,9,12,13,24,27,33,16,368579726,19,232,17500
ssq,2013116,2013-10-03,12,15,21,26,32,33,7,312633700,2,148,17500
ssq,2013115,2013-10-01,3,12,16,17,18,27,8,319974332,13,122,17500
ssq,2013114,2013-09-29,4,6,17,21,23,33,7,398506774,5,97,17500
ssq,2013113,2013-09-26,4,7,11,17,24,33,9,353992568,7,147,17500
ssq,2013112,2013-09-24,1,6,12,13,22,31,7,344881702,12,77,17500
ssq,2013111,2013-09-22,1,2,3,6,8,33,13,401502238,22,252,17500
ssq,2013110,2013-09-19,15,17,18,21,29,32,13,341867256,4,56,17500
ssq,2013109,2013-09-17,9,23,24,27,29,32,8,351155742,5,103,17500
ssq,2013108,2013-09-15,16,21,22,28,31,32,5,384725718,3,60,17500
ssq,2013107,2013-09-12,7,9,11,17,28,31,11,349907348,7,120,17500
ssq,2013106,2013-09-10,9,11,23,30,31,32,6,344715810,4,77,17500
ssq,2013105,2013-09-08,1,11,23,27,31,32,9,380197404,5,70,17500
ssq,2013104,2013-09-05,1,2,4,15,17,28,11,339771188,4,88,17500
ssq,2013103,2013-09-03,2,4,9,13,18,20,7,329389008,5,111,17500
ssq,2013102,2013-09-01,2,4,5,6,8,16,3,374113680,12,142,17500
ssq,2013101,2013-08-29,5,7,9,23,27,32,1,339246710,4,83,17500
ssq,2013100,2013-08-27,4,8,11,14,16,20,11,324850520,0,61,17500
ssq,2013099,2013-08-25,5,11,20,21,26,31,3,359490506,13,173,17500
ssq,2013098,2013-08-22,7,15,18,19,20,26,14,333979300,28,291,17500
ssq,2013097,2013-08-20,5,14,17,22,23,25,7,326153582,3,152,17500
ssq,2013096,2013-08-18,1,2,22,28,29,30,15,364530978,9,112,17500
ssq,2013095,2013-08-15,1,6,15,19,28,29,10,321839422,5,144,17500
ssq,2013094,2013-08-13,2,4,14,18,20,22,7,320217972,11,113,17500
ssq,2013093,2013-08-11,1,2,8,26,29,31,14,345826922,2,111,17500
ssq,2013092,2013-08-08,7,11,15,21,26,31,6,311052518,8,103,17500
ssq,2013091,2013-08-06,4,14,24,25,28,31,10,308670790,22,61,17500
ssq,2013090,2013-08-04,2,5,11,23,24,29,8,372773264,46,154,17500
ssq,2013089,2013-08-01,4,8,12,19,21,25,13,337088774,14,210,17500
ssq,2013088,2013-07-30,9,15,20,21,22,24,14,332225112,3,119,17500
ssq,2013087,2013-07-28,2,13,19,23,24,28,5,364306204,6,121,17500
ssq,2013086,2013-07-25,2,4,11,13,16,26,11,326453274,3,80,17500
ssq,2013085,2013-07-23,2,8,12,14,16,32,16,330145456,7,135,17500
ssq,2013084,2013-07-21,5,7,9,11,20,21,3,373588034,10,136,17500
ssq,2013083,2013-07-18,5,6,12,14,19,23,9,338036388,18,225,17500
ssq,2013082,2013-07-16,4,13,14,20,22,30,6,326611872,5,178,17500
ssq,2013081,2013-07-14,1,4,10,13,21,31,13,359745012,4,122,17500
ssq,2013080,2013-07-11,10,11,12,23,28,32,16,327918824,5,103,17500
ssq,2013079,2013-07-09,7,13,17,19,22,26,13,320512624,12,102,17500
ssq,2013078,2013-07-07,3,5,17,18,26,27,15,355637236,8,223,17500
ssq,2013077,2013-07-04,9,14,23,24,26,29,3,333114166,31,186,17500
ssq,2013076,2013-07-02,14,23,24,26,29,30,3,326689120,1,43,17500
ssq,2013075,2013-06-30,4,6,9,25,30,33,14,358276246,0,47,17500
ssq,2013074,2013-06-27,3,6,8,14,19,32,3,320654782,3,101,17500
ssq,2013073,2013-06-25,2,9,13,17,20,28,11,324559238,19,185,17500
ssq,2013072,2013-06-23,2,8,11,14,19,33,9,351392580,2,144,17500
ssq,2013071,2013-06-20,5,12,21,23,26,28,9,311914552,11,173,17500
ssq,2013070,2013-06-18,2,3,9,10,28,30,6,296577242,13,152,17500
ssq,2013069,2013-06-16,7,16,17,18,30,33,6,369339396,105,190,17500
ssq,2013068,2013-06-13,2,7,13,20,25,27,6,329872238,10,203,17500
ssq,2013067,2013-06-11,1,4,9,15,22,30,6,309743864,16,163,17500
ssq,2013066,2013-06-09,1,3,16,17,20,32,7,368087166,8,96,17500
ssq,2013065,2013-06-06,7,18,19,23,29,30,2,334460176,5,165,17500
ssq,2013064,2013-06-04,1,9,13,22,25,32,12,328102052,5,72,17500
ssq,2013063,2013-06-02,10,15,18,20,23,31,12,354390256,3,84,17500
ssq,2013062,2013-05-30,1,6,7,19,22,27,2,313979568,2,102,17500
ssq,2013061,2013-05-28,5,6,7,12,13,18,12,335064726,43,830,17500
ssq,2013060,2013-05-26,5,7,10,13,19,20,15,368726696,8,206,17500
ssq,2013059,2013-05-23,3,10,18,24,27,29,9,339381758,11,134,17500
ssq,2013058,2013-05-21,8,11,17,21,23,24,5,338075776,13,243,17500
ssq,2013057,2013-05-19,13,16,19,23,26,28,5,367207180,6,146,17500
ssq,2013056,2013-05-16,3,12,25,26,28,29,16,330573576,5,88,17500
ssq,2013055,2013-05-14,8,18,19,22,27,32,6,328924474,6,97,17500
ssq,2013054,2013-05-12,3,4,8,14,21,28,14,367209526,14,202,17500
ssq,2013053,2013-05-09,3,12,13,22,30,33,14,327360018,5,132,17500
ssq,2013052,2013-05-07,6,7,14,21,22,24,13,320719928,8,104,17500
ssq,2013051,2013-05-05,8,12,15,19,28,29,2,377856082,33,450,17500
ssq,2013050,2013-05-02,3,7,13,18,22,25,3,331969178,9,228,17500
ssq,2013049,2013-04-30,10,13,14,16,21,32,14,295889902,2,41,17500
ssq,2013048,2013-04-28,10,13,17,28,30,32,4,379712106,37,119,17500
ssq,2013047,2013-04-25,1,8,11,17,27,30,12,347274348,6,116,17500
ssq,2013046,2013-04-23,3,16,19,20,24,26,6,352094234,7,95,17500
ssq,2013045,2013-04-21,6,7,8,14,23,31,12,389847482,7,138,17500
ssq,2013044,2013-04-18,3,5,11,18,26,28,6,355471956,12,337,17500
ssq,2013043,2013-04-16,3,6,14,15,17,25,16,358568922,16,247,17500
ssq,2013042,2013-04-14,1,8,12,13,15,33,3,396763590,7,131,17500
ssq,2013041,2013-04-11,2,10,12,17,23,24,5,358260706,3,295,17500
ssq,2013040,2013-04-09,2,4,10,12,17,30,10,352650578,11,125,17500
ssq,2013039,2013-04-07,1,2,14,15,24,29,6,390740078,7,94,17500
ssq,2013038,2013-04-04,9,10,12,14,15,19,11,328400842,5,95,17500
ssq,2013037,2013-04-02,2,15,18,27,28,32,14,350336028,6,157,17500
ssq,2013036,2013-03-31,4,5,9,27,29,31,13,393497514,9,182,17500
ssq,2013035,2013-03-28,1,14,15,17,26,30,2,351498872,3,78,17500
ssq,2013034,2013-03-26,6,15,20,22,26,33,9,339315898,8,83,17500
ssq,2013033,2013-03-24,5,6,13,17,19,28,1,397248028,44,567,17500
ssq,2013032,2013-03-21,4,21,25,29,30,33,3,365616360,2,68,17500
ssq,2013031,2013-03-19,3,13,14,15,21,33,3,365951410,10,125,17500
ssq,2013030,2013-03-17,7,14,18,25,26,29,6,405193314,7,140,17500
ssq,2013029,2013-03-14,6,7,10,19,23,29,12,367189222,12,473,17500
ssq,2013028,2013-03-12,7,8,14,25,26,28,13,363477764,6,149,17500
ssq,2013027,2013-03-10,1,2,4,12,21,24,12,401897672,11,126,17500
ssq,2013026,2013-03-07,4,11,14,15,22,31,11,357237076,4,95,17500
ssq,2013025,2013-03-05,16,17,18,24,25,30,8,365053994,27,126,17500
ssq,2013024,2013-03-03,4,5,13,23,27,30,9,397860528,17,191,17500
ssq,2013023,2013-02-28,3,6,15,18,30,32,5,359844386,4,145,17500
ssq,2013022,2013-02-26,2,4,7,9,15,20,7,349104140,6,79,17500
ssq,2013021,2013-02-24,1,6,17,19,26,31,11,386291388,7,104,17500
ssq,2013020,2013-02-21,1,7,8,12,16,21,1,337611102,5,145,17500
ssq,2013019,2013-02-19,1,2,5,16,20,26,6,316958200,5,93,17500
ssq,2013018,2013-02-17,2,8,13,28,29,30,5,364752666,10,273,17500
ssq,2013017,2013-02-07,4,6,12,30,31,32,9,339247106,3,93,17500
ssq,2013016,2013-02-05,2,5,6,12,14,28,5,327207104,12,99,17500
ssq,2013015,2013-02-03,5,6,7,11,13,18,15,377989410,3,158,17500
ssq,2013014,2013-01-31,2,4,5,17,19,20,8,348187310,20,235,17500
ssq,2013013,2013-01-29,5,6,13,19,22,28,9,351745408,19,259,17500
ssq,2013012,2013-01-27,6,14,17,22,28,29,2,389114476,3,144,17500
ssq,2013011,2013-01-24,3,12,17,24,27,29,9,350274074,11,113,17500
ssq,2013010,2013-01-22,1,9,11,17,32,33,12,347709230,5,74,17500
ssq,2013009,2013-01-20,1,4,9,13,16,23,2,383674016,4,100,17500
ssq,2013008,2013-01-17,3,8,17,21,25,32,15,341795384,6,311,17500
ssq,2013007,2013-01-15,2,9,15,22,26,32,1,341246158,2,148,17500
ssq,2013006,2013-01-13,9,10,13,17,22,30,13,374366198,8,178,17500
ssq,2013005,2013-01-10,1,13,14,25,31,32,12,339352226,11,117,17500
ssq,2013004,2013-01-08,6,10,16,20,27,32,8,337097616,17,152,17500
ssq,2013003,2013-01-06,22,23,26,27,28,33,9,367773688,4,90,17500
ssq,2013002,2013-01-03,1,16,18,22,28,30,12,303822912,4,63,17500
ssq,2013001,2013-01-01,6,8,14,15,24,25,6,309153922,20,271,17500
ssq,2012154,2012-12-30,5,7,12,16,28,32,4,349475260,5,137,17500
ssq,2012153,2012-12-27,4,5,11,21,27,28,10,315610858,14,167,17500
ssq,2012152,2012-12-25,10,12,18,22,28,29,7,327454924,36,220,17500
ssq,2012151,2012-12-23,5,14,24,25,26,32,1,362492002,8,109,17500
ssq,2012150,2012-12-20,9,11,17,23,24,26,7,325835512,4,92,17500
ssq,2012149,2012-12-18,1,5,13,25,26,32,13,314338172,2,116,17500
ssq,2012148,2012-12-16,3,6,11,17,21,31,7,373006912,64,1293,17500
ssq,2012147,2012-12-13,2,12,15,23,24,32,9,330613366,8,170,17500
ssq,2012146,2012-12-11,1,5,7,13,29,32,13,320313400,5,107,17500
ssq,2012145,2012-12-09,5,20,26,27,28,33,3,349657358,5,112,17500
ssq,2012144,2012-12-06,3,10,12,13,27,30,4,326127870,25,125,17500
ssq,2012143,2012-12-04,7,8,18,25,30,32,6,322260704,12,130,17500
ssq,2012142,2012-12-02,5,18,22,28,29,31,6,355971618,13,80,17500
ssq,2012141,2012-11-29,3,5,8,19,20,27,9,331745670,27,211,17500
ssq,2012140,2012-11-27,14,18,27,30,31,33,15,328890054,9,188,17500
ssq,2012139,2012-11-25,8,19,21,24,28,31,15,359675456,6,62,17500
ssq,2012138,2012-11-22,1,7,16,17,19,21,14,322213636,4,109,17500
ssq,2012137,2012-11-20,1,2,4,6,13,17,7,323374784,6,34,17500
ssq,2012136,2012-11-18,2,7,8,17,21,28,11,370704246,37,155,17500
ssq,2012135,2012-11-15,2,5,7,8,11,17,16,334488518,5,96,17500
ssq,2012134,2012-11-13,2,5,6,7,13,23,15,331006688,1,84,17500
ssq,2012133,2012-11-11,1,8,11,20,21,29,2,364736358,9,210,17500
ssq,2012132,2012-11-08,7,12,16,17,21,25,10,332827106,11,92,17500
ssq,2012131,2012-11-06,6,18,19,26,28,32,12,334407788,21,207,17500
ssq,2012130,2012-11-04,1,3,15,20,22,31,3,355629806,3,59,17500
ssq,2012129,2012-11-01,1,7,9,17,21,29,1,331737426,2,92,17500
ssq,2012128,2012-10-30,5,9,12,29,30,31,5,322643800,9,135,17500
ssq,2012127,2012-10-28,1,9,11,21,26,32,8,373363120,9,95,17500
ssq,2012126,2012-10-25,3,5,12,15,23,24,7,336798500,15,169,17500
ssq,2012125,2012-10-23,8,12,13,26,29,33,1,337488334,20,244,17500
ssq,2012124,2012-10-21,6,7,21,25,27,33,11,369201172,5,158,17500
ssq,2012123,2012-10-18,8,10,16,25,28,33,9,334799840,11,78,17500
ssq,2012122,2012-10-16,12,13,19,22,28,29,11,325004070,6,100,17500
ssq,2012121,2012-10-14,1,7,8,20,23,24,11,355530542,6,124,17500
ssq,2012120,2012-10-11,1,4,20,24,28,29,16,311866338,2,77,17500
ssq,2012119,2012-10-09,12,20,25,26,27,28,13,321919326,50,85,17500
ssq,2012118,2012-10-07,5,6,7,12,15,28,11,352094796,12,166,17500
ssq,2012117,2012-10-04,13,15,18,20,24,28,9,285909300,8,108,17500
ssq,2012116,2012-10-02,3,21,26,29,31,32,3,270974690,3,44,17500
ssq,2012115,2012-09-30,3,8,20,24,26,32,14,330478202,7,86,17500
ssq,2012114,2012-09-27,1,6,11,26,27,29,15,323638620,3,115,17500
ssq,2012113,2012-09-25,3,6,9,13,18,32,6,321721194,13,162,17500
ssq,2012112,2012-09-23,8,15,20,21,27,31,6,365453898,34,203,17500
ssq,2012111,2012-09-20,2,9,10,20,22,31,13,334284550,3,127,17500
ssq,2012110,2012-09-18,3,7,10,13,22,32,9,327652012,16,218,17500
ssq,2012109,2012-09-16,2,12,24,26,29,31,3,366377520,6,93,17500
ssq,2012108,2012-09-13,1,9,12,13,19,28,13,329301702,8,139,17500
ssq,2012107,2012-09-11,11,12,15,24,25,31,9,325537564,13,127,17500
ssq,2012106,2012-09-09,13,14,20,22,23,32,16,368837242,7,72,17500
ssq,2012105,2012-09-06,6,13,14,15,17,30,4,332112822,8,110,17500
ssq,2012104,2012-09-04,4,5,9,10,19,28,3,326123048,20,176,17500
ssq,2012103,2012-09-02,4,9,11,14,32,33,2,364812438,6,80,17500
ssq,2012102,2012-08-30,13,25,27,28,29,30,15,330626818,4,122,17500
ssq,2012101,2012-08-28,9,12,17,18,20,33,2,332762926,4,61,17500
ssq,2012100,2012-08-26,5,7,15,18,25,33,10,365221470,7,150,17500
ssq,2012099,2012-08-23,8,12,15,16,21,27,16,334215270,8,137,17500
ssq,2012098,2012-08-21,2,12,19,26,29,31,9,328680072,12,107,17500
ssq,2012097,2012-08-19,5,8,13,14,19,22,6,362228722,14,240,17500
ssq,2012096,2012-08-16,4,7,11,16,29,33,7,324279054,11,124,17500
ssq,2012095,2012-08-14,17,24,27,28,29,30,2,324870412,3,92,17500
ssq,2012094,2012-08-12,6,9,14,16,23,33,15,360208214,3,120,17500
ssq,2012093,2012-08-09,3,5,19,21,24,33,13,324000944,5,68,17500
ssq,2012092,2012-08-07,6,13,17,18,28,32,3,323643554,10,218,17500
ssq,2012091,2012-08-05,1,5,7,8,19,21,16,363226218,7,198,17500
ssq,2012090,2012-08-02,2,13,20,25,29,30,11,329354360,8,67,17500
ssq,2012089,2012-07-31,3,7,10,13,14,25,11,323395064,11,111,17500
ssq,2012088,2012-07-29,3,5,23,24,27,31,15,363501734,6,122,17500
ssq,2012087,2012-07-26,3,10,11,13,14,22,9,333397892,5,125,17500
ssq,2012086,2012-07-24,8,9,13,15,22,23,8,329772984,14,209,17500
ssq,2012085,2012-07-22,5,17,24,30,31,33,5,365440332,9,108,17500
ssq,2012084,2012-07-19,2,10,20,26,28,29,14,340543862,6,100,17500
ssq,2012083,2012-07-17,4,9,14,15,26,33,4,337785246,7,180,17500
ssq,2012082,2012-07-15,2,4,11,18,22,29,6,376633434,9,269,17500
ssq,2012081,2012-07-12,2,5,10,24,25,29,6,335807634,22,232,17500
ssq,2012080,2012-07-10,4,9,14,15,16,27,3,333462942,17,181,17500
ssq,2012079,2012-07-08,6,7,12,24,30,33,12,373462380,4,127,17500
ssq,2012078,2012-07-05,8,15,22,24,28,33,12,339534852,6,90,17500
ssq,2012077,2012-07-03,2,4,13,18,26,28,12,337698126,5,79,17500
ssq,2012076,2012-07-01,11,18,22,27,29,30,15,379484266,3,81,17500
ssq,2012075,2012-06-28,4,6,22,23,29,32,11,351962062,23,77,17500
ssq,2012074,2012-06-26,15,16,18,19,28,32,8,354427342,5,70,17500
ssq,2012073,2012-06-24,4,7,9,10,17,27,5,383664428,8,169,17500
ssq,2012072,2012-06-21,2,3,7,9,13,30,6,349310588,2,96,17500
ssq,2012071,2012-06-19,3,4,19,21,22,23,8,359591294,8,104,17500
ssq,2012070,2012-06-17,2,3,4,24,31,32,11,403726842,10,121,17500
ssq,2012069,2012-06-14,8,10,11,18,20,29,6,363763394,19,250,17500
ssq,2012068,2012-06-12,5,17,22,26,32,33,10,379754544,117,120,17500
ssq,2012067,2012-06-10,4,5,10,21,26,30,16,415404644,10,181,17500
ssq,2012066,2012-06-07,1,2,9,26,29,33,12,389067662,7,158,17500
ssq,2012065,2012-06-05,8,10,18,19,27,31,14,396002414,16,152,17500
ssq,2012064,2012-06-03,5,10,11,16,23,24,11,444563890,12,135,17500
ssq,2012063,2012-05-31,2,10,17,19,24,27,12,420166696,11,95,17500
ssq,2012062,2012-05-29,2,13,16,17,20,31,7,422402826,4,102,17500
ssq,2012061,2012-05-27,3,8,11,12,14,18,14,451440342,5,136,17500
ssq,2012060,2012-05-24,7,10,13,16,17,29,1,394479944,1,155,17500
ssq,2012059,2012-05-22,4,13,21,22,26,31,1,389786618,6,205,17500
ssq,2012058,2012-05-20,3,6,15,20,25,26,4,416752864,4,204,17500
ssq,2012057,2012-05-17,3,5,19,21,27,31,4,367753954,3,143,17500
ssq,2012056,2012-05-15,4,7,14,17,26,31,10,363402618,11,193,17500
ssq,2012055,2012-05-13,4,6,13,20,24,28,1,396120110,4,110,17500
ssq,2012054,2012-05-10,6,14,18,20,30,33,14,356190234,5,64,17500
ssq,2012053,2012-05-08,4,15,22,25,27,33,4,342378036,1,140,17500
ssq,2012052,2012-05-06,2,3,5,6,20,24,4,383696656,5,104,17500
ssq,2012051,2012-05-03,2,12,14,17,30,31,9,340256786,5,116,17500
ssq,2012050,2012-05-01,7,13,15,17,19,24,11,319513602,6,98,17500
ssq,2012049,2012-04-29,4,12,13,19,20,32,2,370994838,6,95,17500
ssq,2012048,2012-04-26,1,5,14,22,24,30,10,352087342,7,86,17500
ssq,2012047,2012-04-24,6,7,11,16,32,33,11,346381150,6,85,17500
ssq,2012046,2012-04-22,4,12,19,20,23,33,6,391900112,10,209,17500
ssq,2012045,2012-04-19,8,11,20,21,27,30,9,356502588,7,165,17500
ssq,2012044,2012-04-17,6,9,10,14,22,25,3,356462184,7,123,17500
ssq,2012043,2012-04-15,2,9,11,21,26,33,3,394668460,14,152,17500
ssq,2012042,2012-04-12,5,6,11,19,24,28,16,353943408,8,225,17500
ssq,2012041,2012-04-10,8,11,15,20,24,32,2,356306648,6,77,17500
ssq,2012040,2012-04-08,3,8,9,22,25,31,10,391299304,18,211,17500
ssq,2012039,2012-04-05,1,2,5,13,22,29,8,343264490,5,68,17500
ssq,2012038,2012-04-03,9,10,11,15,19,33,16,323004056,4,102,17500
ssq,2012037,2012-04-01,5,14,19,24,28,33,9,393044730,4,165,17500
ssq,2012036,2012-03-29,2,11,13,18,19,26,9,360667728,12,110,17500
ssq,2012035,2012-03-27,9,11,12,21,24,26,5,358931126,16,132,17500
ssq,2012034,2012-03-25,2,3,8,23,32,33,16,399671360,5,140,17500
ssq,2012033,2012-03-22,2,3,15,16,17,27,4,367684820,15,388,17500
ssq,2012032,2012-03-20,1,2,10,17,22,24,4,364723646,2,50,17500
ssq,2012031,2012-03-18,4,16,22,24,27,31,3,405489418,4,108,17500
ssq,2012030,2012-03-15,9,10,17,18,21,31,8,360021696,9,133,17500
ssq,2012029,2012-03-13,4,7,15,25,26,28,3,363574384,4,135,17500
ssq,2012028,2012-03-11,10,15,20,21,28,30,11,408320996,6,142,17500
ssq,2012027,2012-03-08,4,16,22,25,30,31,12,367033234,1,72,17500
ssq,2012026,2012-03-06,3,7,9,15,24,25,16,364748574,2,107,17500
ssq,2012025,2012-03-04,3,8,9,17,25,27,6,403316356,12,226,17500
ssq,2012024,2012-03-01,4,12,19,21,25,28,13,364173592,24,289,17500
ssq,2012023,2012-02-28,5,9,15,23,24,33,2,365582932,9,216,17500
ssq,2012022,2012-02-26,4,8,12,24,26,27,4,397040802,7,180,17500
ssq,2012021,2012-02-23,1,15,16,18,22,30,3,367729098,3,45,17500
ssq,2012020,2012-02-21,3,8,12,18,23,29,11,363324150,19,354,17500
ssq,2012019,2012-02-19,7,14,18,20,22,30,16,400412500,7,130,17500
ssq,2012018,2012-02-16,3,5,6,22,26,32,15,361743346,4,78,17500
ssq,2012017,2012-02-14,6,9,14,19,25,28,10,360962760,26,237,17500
ssq,2012016,2012-02-12,2,5,12,17,22,25,8,391806944,16,278,17500
ssq,2012015,2012-02-09,1,3,6,10,21,23,15,344966404,3,77,17500
ssq,2012014,2012-02-07,1,2,5,16,28,30,12,332394836,59,112,17500
ssq,2012013,2012-02-05,6,8,24,29,30,32,13,382213084,10,164,17500
ssq,2012012,2012-02-02,15,17,18,20,23,27,1,330682334,2,75,17500
ssq,2012011,2012-01-31,4,14,15,16,20,26,5,322471622,15,212,17500
ssq,2012010,2012-01-29,1,3,13,19,25,26,10,350707306,4,112,17500
ssq,2012009,2012-01-19,4,16,24,26,27,33,11,371864904,7,76,17500
ssq,2012008,2012-01-17,1,12,20,23,24,29,8,349794196,5,108,17500
ssq,2012007,2012-01-15,10,17,19,27,28,32,4,386798560,5,88,17500
ssq,2012006,2012-01-12,2,22,25,29,32,33,8,365269490,17,127,17500
ssq,2012005,2012-01-10,7,9,18,27,31,33,6,373157878,7,102,17500
ssq,2012004,2012-01-08,1,5,10,11,21,23,16,422246096,4,153,17500
ssq,2012003,2012-01-05,3,6,8,24,29,31,9,376556854,26,165,17500
ssq,2012002,2012-01-03,2,3,7,9,10,32,13,369663804,17,101,17500
ssq,2012001,2012-01-01,1,4,5,9,15,17,6,433902388,6,110,17500
ssq,2011153,2011-12-29,5,8,9,10,20,25,13,403874136,16,282,17500
ssq,2011152,2011-12-27,4,10,11,12,21,26,13,394544922,7,285,17500
ssq,2011151,2011-12-25,7,11,16,19,31,33,10,428101842,6,190,17500
ssq,2011150,2011-12-22,8,10,12,15,22,27,13,385439474,8,215,17500
ssq,2011149,2011-12-20,4,5,6,7,23,31,16,365612730,1,225,17500
ssq,2011148,2011-12-18,5,14,22,23,25,26,14,403588782,6,105,17500
ssq,2011147,2011-12-15,4,8,12,17,18,30,10,369715120,16,275,17500
ssq,2011146,2011-12-13,11,23,26,28,32,33,10,367466864,5,163,17500
ssq,2011145,2011-12-11,2,4,14,15,26,30,4,399835362,11,249,17500
ssq,2011144,2011-12-08,1,2,9,10,16,24,3,365097322,7,78,17500
ssq,2011143,2011-12-06,7,8,12,14,15,30,16,359074808,4,90,17500
ssq,2011142,2011-12-04,12,15,16,26,29,31,2,395266644,3,83,17500
ssq,2011141,2011-12-01,2,4,6,19,24,29,11,353185652,9,192,17500
ssq,2011140,2011-11-29,4,18,20,22,27,29,6,349582200,5,53,17500
ssq,2011139,2011-11-27,8,20,24,27,30,31,3,387797344,6,72,17500
ssq,2011138,2011-11-24,1,5,15,24,28,32,7,348154674,7,252,17500
ssq,2011137,2011-11-22,2,11,18,23,30,33,13,340607254,5,128,17500
ssq,2011136,2011-11-20,2,4,6,20,22,31,7,375968636,4,86,17500
ssq,2011135,2011-11-17,12,13,17,20,25,26,12,335103670,3,62,17500
ssq,2011134,2011-11-15,1,2,6,7,30,31,10,337761116,12,84,17500
ssq,2011133,2011-11-13,12,14,20,21,25,31,16,376474284,7,75,17500
ssq,2011132,2011-11-10,2,5,12,13,25,33,7,340242582,10,138,17500
ssq,2011131,2011-11-08,2,7,9,17,21,25,1,329212830,5,131,17500
ssq,2011130,2011-11-06,7,14,18,23,25,32,15,368707538,3,86,17500
ssq,2011129,2011-11-03,7,10,11,21,23,26,6,336342794,8,120,17500
ssq,2011128,2011-11-01,9,11,14,17,19,23,12,330310278,7,109,17500
ssq,2011127,2011-10-30,16,19,22,23,27,29,11,366718126,8,93,17500
ssq,2011126,2011-10-27,3,7,13,18,23,26,16,329809254,2,198,17500
ssq,2011125,2011-10-25,3,10,15,24,27,32,8,322501850,10,117,17500
ssq,2011124,2011-10-23,9,18,19,26,31,32,16,356985192,7,123,17500
ssq,2011123,2011-10-20,1,4,5,14,19,28,16,329433846,3,155,17500
ssq,2011122,2011-10-18,10,12,18,26,27,31,3,307852112,7,142,17500
ssq,2011121,2011-10-16,4,14,22,25,32,33,2,342602202,2,39,17500
ssq,2011120,2011-10-13,4,14,17,28,30,33,7,307300204,11,107,17500
ssq,2011119,2011-10-11,9,12,14,19,28,32,1,310270074,3,81,17500
ssq,2011118,2011-10-09,5,6,11,14,20,21,10,346558714,6,163,17500
ssq,2011117,2011-10-06,8,10,19,26,28,30,4,284670324,3,180,17500
ssq,2011116,2011-10-04,1,7,11,12,17,27,5,270660014,20,135,17500
ssq,2011115,2011-10-02,7,8,9,12,17,33,16,306169962,2,123,17500
ssq,2011114,2011-09-29,1,14,15,16,30,32,9,297745236,6,75,17500
ssq,2011113,2011-09-27,6,10,11,25,32,33,5,301463604,4,84,17500
ssq,2011112,2011-09-25,3,5,16,18,23,24,15,335373070,4,194,17500
ssq,2011111,2011-09-22,1,3,5,20,25,27,4,301379048,5,76,17500
ssq,2011110,2011-09-20,12,14,21,26,28,33,12,291747572,1,46,17500
ssq,2011109,2011-09-18,1,3,9,15,16,33,15,319837948,5,92,17500
ssq,2011108,2011-09-15,2,17,22,26,29,33,10,282794584,4,72,17500
ssq,2011107,2011-09-13,4,9,16,17,22,29,15,287460888,36,428,17500
ssq,2011106,2011-09-11,2,11,12,14,24,32,14,313930786,5,118,17500
ssq,2011105,2011-09-08,4,6,23,25,27,28,1,292666602,6,163,17500
ssq,2011104,2011-09-06,9,10,16,20,25,29,9,300386562,24,193,17500
ssq,2011103,2011-09-04,4,5,10,13,15,16,12,334043508,8,77,17500
ssq,2011102,2011-09-01,1,5,13,21,27,31,11,303886824,12,116,17500
ssq,2011101,2011-08-30,6,10,19,23,29,31,6,295906364,5,100,17500
ssq,2011100,2011-08-28,7,11,21,23,31,32,5,323046340,5,138,17500
ssq,2011099,2011-08-25,10,12,13,21,26,27,14,287051218,3,61,17500
ssq,2011098,2011-08-23,3,7,20,21,22,32,5,283485974,2,51,17500
ssq,2011097,2011-08-21,9,17,19,20,21,26,16,323418670,19,108,17500
ssq,2011096,2011-08-18,1,4,7,13,14,19,15,288032952,4,106,17500
ssq,2011095,2011-08-16,3,7,8,10,23,24,5,293229282,19,126,17500
ssq,2011094,2011-08-14,9,11,12,17,18,19,5,329858052,14,124,17500
ssq,2011093,2011-08-11,4,7,11,13,23,30,9,300330150,16,112,17500
ssq,2011092,2011-08-09,5,10,17,26,31,32,4,296160020,4,107,17500
ssq,2011091,2011-08-07,9,15,21,23,28,30,3,330377834,4,81,17500
ssq,2011090,2011-08-04,2,5,14,18,21,25,16,302158754,2,76,17500
ssq,2011089,2011-08-02,1,2,11,24,29,30,12,299010020,11,96,17500
ssq,2011088,2011-07-31,3,9,17,20,21,29,4,327675114,8,154,17500
ssq,2011087,2011-07-28,2,3,4,5,18,28,1,296896504,10,119,17500
ssq,2011086,2011-07-26,6,7,9,12,17,24,9,334074814,113,110,17500
ssq,2011085,2011-07-24,3,6,11,21,24,31,10,371696466,10,221,17500
ssq,2011084,2011-07-21,9,10,12,16,18,32,15,348473896,5,68,17500
ssq,2011083,2011-07-19,7,16,18,24,28,29,6,346077740,7,95,17500
ssq,2011082,2011-07-17,7,16,17,20,25,26,4,388800864,16,179,17500
ssq,2011081,2011-07-14,6,14,19,23,25,32,12,347690264,4,128,17500
ssq,2011080,2011-07-12,2,7,9,25,31,32,9,348447154,10,77,17500
ssq,2011079,2011-07-10,3,14,15,16,24,29,5,391447400,5,81,17500
ssq,2011078,2011-07-07,3,5,13,20,22,29,9,365761038,13,101,17500
ssq,2011077,2011-07-05,1,7,8,15,26,29,10,366916974,10,131,17500
ssq,2011076,2011-07-03,6,19,21,26,32,33,13,382839880,1,96,17500
ssq,2011075,2011-06-30,7,9,10,12,31,32,13,343341640,2,64,17500
ssq,2011074,2011-06-28,2,21,26,28,29,32,1,344333482,6,29,17500
ssq,2011073,2011-06-26,3,4,5,12,17,21,14,362922526,7,127,17500
ssq,2011072,2011-06-23,1,6,10,11,18,27,12,313897806,6,107,17500
ssq,2011071,2011-06-21,1,2,15,22,28,30,2,310534104,3,57,17500
ssq,2011070,2011-06-19,1,3,5,12,21,28,12,342264942,7,219,17500
ssq,2011069,2011-06-16,2,13,16,18,24,30,12,308628372,5,105,17500
ssq,2011068,2011-06-14,3,7,10,15,19,24,10,296012586,6,148,17500
ssq,2011067,2011-06-12,17,19,20,24,25,27,12,321776484,3,69,17500
ssq,2011066,2011-06-09,4,6,14,17,30,32,12,284641290,3,52,17500
ssq,2011065,2011-06-07,4,16,23,25,27,29,3,276483886,1,59,17500
ssq,2011064,2011-06-05,3,6,7,29,30,33,2,308305132,6,117,17500
ssq,2011063,2011-06-02,4,6,13,15,18,19,5,286784814,7,60,17500
ssq,2011062,2011-05-31,4,8,9,10,29,30,3,292576106,12,162,17500
ssq,2011061,2011-05-29,2,3,8,13,19,21,3,329490066,20,116,17500
ssq,2011060,2011-05-26,10,11,13,21,27,31,1,294946664,4,81,17500
ssq,2011059,2011-05-24,24,26,27,29,31,33,16,297661236,6,92,17500
ssq,2011058,2011-05-22,7,18,22,30,32,33,6,321880622,8,83,17500
ssq,2011057,2011-05-19,4,6,20,21,26,33,2,293874448,2,57,17500
ssq,2011056,2011-05-17,13,16,19,20,23,25,10,294519332,6,59,17500
ssq,2011055,2011-05-15,8,13,16,17,29,32,16,323409932,4,95,17500
ssq,2011054,2011-05-12,8,11,16,17,22,33,8,290127160,3,94,17500
ssq,2011053,2011-05-10,3,6,10,12,22,30,15,282819042,3,216,17500
ssq,2011052,2011-05-08,4,5,8,19,27,28,8,314222356,9,201,17500
ssq,2011051,2011-05-05,1,7,11,14,15,16,14,289337386,5,65,17500
ssq,2011050,2011-05-03,4,5,19,22,28,29,15,276013398,6,141,17500
ssq,2011049,2011-05-01,1,11,17,18,27,31,14,298097446,2,188,17500
ssq,2011048,2011-04-28,10,14,18,25,26,27,15,280257800,0,65,17500
ssq,2011047,2011-04-26,4,13,23,25,27,33,14,278338352,3,78,17500
ssq,2011046,2011-04-24,9,17,18,26,29,30,8,322849314,15,241,17500
ssq,2011045,2011-04-21,2,16,17,20,26,32,8,296409720,13,69,17500
ssq,2011044,2011-04-19,3,14,16,26,27,31,9,289688506,9,144,17500
ssq,2011043,2011-04-17,4,13,14,17,25,31,4,358996258,75,259,17500
ssq,2011042,2011-04-14,5,13,15,17,19,21,15,321302904,6,107,17500
ssq,2011041,2011-04-12,4,10,12,13,30,32,13,308500156,3,93,17500
ssq,2011040,2011-04-10,5,11,14,24,26,28,13,345011574,5,77,17500
ssq,2011039,2011-04-07,3,7,10,16,24,29,13,311094814,6,188,17500
ssq,2011038,2011-04-05,2,14,15,19,23,24,12,289140916,3,92,17500
ssq,2011037,2011-04-03,1,3,4,6,17,25,11,330231608,10,106,17500
ssq,2011036,2011-03-31,2,11,20,22,24,31,5,315826494,5,114,17500
ssq,2011035,2011-03-29,13,14,18,20,27,31,2,311694488,3,96,17500
ssq,2011034,2011-03-27,13,14,17,19,24,31,8,345909126,7,44,17500
ssq,2011033,2011-03-24,2,8,12,13,19,29,4,307522678,8,212,17500
ssq,2011032,2011-03-22,3,5,7,13,14,15,15,302968920,13,230,17500
ssq,2011031,2011-03-20,16,17,24,28,29,32,12,336612714,1,52,17500
ssq,2011030,2011-03-17,2,9,19,24,25,33,10,304099208,20,145,17500
ssq,2011029,2011-03-15,1,4,9,10,20,31,7,298361906,7,98,17500
ssq,2011028,2011-03-13,1,4,5,14,16,17,1,341754088,6,148,17500
ssq,2011027,2011-03-10,13,18,21,22,25,26,1,304417422,5,105,17500
ssq,2011026,2011-03-08,7,8,17,19,21,26,12,301792690,10,296,17500
ssq,2011025,2011-03-06,8,25,26,31,32,33,9,335345846,4,80,17500
ssq,2011024,2011-03-03,5,7,10,19,26,31,14,293532026,8,194,17500
ssq,2011023,2011-03-01,2,3,6,21,22,25,5,280592202,3,71,17500
ssq,2011022,2011-02-27,2,7,14,16,17,21,5,317202954,9,51,17500
ssq,2011021,2011-02-24,1,2,14,18,25,31,8,287463484,9,226,17500
ssq,2011020,2011-02-22,12,16,17,19,24,30,5,278341148,5,51,17500
ssq,2011019,2011-02-20,2,4,12,19,32,33,16,309122016,3,51,17500
ssq,2011018,2011-02-17,13,15,18,28,30,33,1,273159286,7,98,17500
ssq,2011017,2011-02-15,2,6,15,23,26,33,8,258279824,2,141,17500
ssq,2011016,2011-02-13,3,4,16,17,22,29,13,282026694,5,107,17500
ssq,2011015,2011-02-10,3,6,13,26,27,29,7,254777566,9,110,17500
ssq,2011014,2011-02-01,5,7,10,11,23,26,16,264496608,7,156,17500
ssq,2011013,2011-01-30,1,3,13,16,21,22,8,288823754,8,41,17500
ssq,2011012,2011-01-27,7,8,11,13,15,26,13,260393668,4,124,17500
ssq,2011011,2011-01-25,1,12,18,19,21,24,10,255418250,10,73,17500
ssq,2011010,2011-01-23,1,4,5,9,15,19,13,286472328,9,118,17500
ssq,2011009,2011-01-20,17,18,23,24,25,26,4,264626108,3,90,17500
ssq,2011008,2011-01-18,10,12,13,17,24,31,15,259069374,3,50,17500
ssq,2011007,2011-01-16,1,9,17,24,26,31,5,292948810,6,96,17500
ssq,2011006,2011-01-13,1,3,5,13,16,18,5,265273552,2,95,17500
ssq,2011005,2011-01-11,6,9,12,14,20,22,13,258389670,1,109,17500
ssq,2011004,2011-01-09,4,6,8,10,13,26,5,283728968,2,119,17500
ssq,2011003,2011-01-06,13,14,21,22,23,27,4,272943652,14,50,17500
ssq,2011002,2011-01-04,6,8,12,17,28,33,5,270533954,7,102,17500
ssq,2011001,2011-01-02,3,9,20,24,26,32,10,290720992,9,76,17500
ssq,2010153,2010-12-30,3,6,12,19,30,31,13,287732956,15,124,17500
ssq,2010152,2010-12-28,4,9,17,21,25,31,1,283747722,11,244,17500
ssq,2010151,2010-12-26,2,13,14,17,19,26,14,315507700,6,99,17500
ssq,2010150,2010-12-23,2,17,18,23,29,30,6,287200078,12,104,17500
ssq,2010149,2010-12-21,2,7,8,16,25,30,9,300479738,25,210,17500
ssq,2010148,2010-12-19,1,3,7,18,23,27,12,338741658,36,1162,17500
ssq,2010147,2010-12-16,2,8,15,18,24,30,3,295337382,15,342,17500
ssq,2010146,2010-12-14,1,17,18,22,25,32,1,300076660,5,174,17500
ssq,2010145,2010-12-12,3,21,24,27,28,31,8,326191770,2,71,17500
ssq,2010144,2010-12-09,2,3,8,15,19,21,11,301323048,4,77,17500
ssq,2010143,2010-12-07,9,16,18,26,30,31,14,298251128,3,54,17500
ssq,2010142,2010-12-05,2,16,18,23,26,27,10,330364770,4,78,17500
ssq,2010141,2010-12-02,2,3,7,18,23,27,6,297319014,6,177,17500
ssq,2010140,2010-11-30,1,12,13,18,26,29,15,296121968,4,51,17500
ssq,2010139,2010-11-28,11,13,18,20,26,31,9,319407618,4,121,17500
ssq,2010138,2010-11-25,1,21,23,24,26,30,5,280036566,0,34,17500
ssq,2010137,2010-11-23,7,9,10,13,19,33,6,275941138,2,89,17500
ssq,2010136,2010-11-21,4,10,23,24,26,33,10,305525370,1,62,17500
ssq,2010135,2010-11-18,4,10,13,25,26,30,10,279317018,23,221,17500
ssq,2010134,2010-11-16,9,15,16,22,27,28,6,274898772,6,105,17500
ssq,2010133,2010-11-14,3,9,17,21,26,32,1,302743538,9,320,17500
ssq,2010132,2010-11-11,2,10,12,18,24,33,15,277931070,5,75,17500
ssq,2010131,2010-11-09,5,6,15,16,19,26,6,275057550,12,185,17500
ssq,2010130,2010-11-07,1,2,7,15,21,31,16,301606730,1,97,17500
ssq,2010129,2010-11-04,4,8,14,25,28,32,16,263068470,0,100,17500
ssq,2010128,2010-11-02,4,11,19,20,24,28,12,264631266,19,132,17500
ssq,2010127,2010-10-31,1,4,8,17,25,33,1,308473622,58,385,17500
ssq,2010126,2010-10-28,3,13,18,20,27,28,5,272220524,7,108,17500
ssq,2010125,2010-10-26,6,7,13,23,28,29,9,266084300,5,146,17500
ssq,2010124,2010-10-24,2,6,8,11,12,25,2,303307488,12,192,17500
ssq,2010123,2010-10-21,6,12,15,18,29,32,10,278792718,13,109,17500
ssq,2010122,2010-10-19,2,9,12,16,25,27,6,270548316,4,113,17500
ssq,2010121,2010-10-17,8,11,13,18,25,30,15,288389490,2,116,17500
ssq,2010120,2010-10-14,1,2,5,6,10,29,16,260841502,3,41,17500
ssq,2010119,2010-10-12,7,17,25,27,30,31,9,260972766,19,165,17500
ssq,2010118,2010-10-10,5,8,11,13,15,25,5,278863970,14,126,17500
ssq,2010117,2010-10-07,1,8,20,22,24,28,1,232007386,9,92,17500
ssq,2010116,2010-10-05,5,9,10,20,22,26,7,236885436,54,113,17500
ssq,2010115,2010-10-03,1,22,24,25,29,33,15,254889502,0,55,17500
ssq,2010114,2010-09-30,1,8,11,15,17,25,1,249642432,6,63,17500
ssq,2010113,2010-09-28,5,10,15,18,20,28,10,245484314,3,256,17500
ssq,2010112,2010-09-26,1,8,18,24,29,30,16,276435492,1,124,17500
ssq,2010111,2010-09-23,4,7,8,13,17,18,10,223004690,0,58,17500
ssq,2010110,2010-09-21,1,3,12,24,26,27,1,230609584,13,74,17500
ssq,2010109,2010-09-19,4,15,18,25,29,32,15,270100048,10,80,17500
ssq,2010108,2010-09-16,2,4,8,20,23,24,7,240681452,2,36,17500
ssq,2010107,2010-09-14,8,12,15,17,22,33,16,237514142,1,39,17500
ssq,2010106,2010-09-12,2,6,8,15,26,29,16,263785876,5,141,17500
ssq,2010105,2010-09-09,1,8,9,19,21,31,11,244881210,24,199,17500
ssq,2010104,2010-09-07,7,17,23,24,27,32,2,248944388,11,90,17500
ssq,2010103,2010-09-05,6,9,14,17,20,33,9,278768450,7,81,17500
ssq,2010102,2010-09-02,4,11,16,20,22,29,10,243505778,4,61,17500
ssq,2010101,2010-08-31,4,9,18,21,25,26,6,245688390,5,93,17500
ssq,2010100,2010-08-29,1,6,12,22,23,26,8,271091664,13,110,17500
ssq,2010099,2010-08-26,3,4,17,24,27,30,6,240688192,2,220,17500
ssq,2010098,2010-08-24,1,3,8,16,29,33,7,235404960,6,63,17500
ssq,2010097,2010-08-22,10,16,18,21,24,26,1,263433286,1,61,17500
ssq,2010096,2010-08-19,7,12,21,23,24,28,3,235984000,16,97,17500
ssq,2010095,2010-08-17,9,11,16,17,25,27,14,226093634,4,65,17500
ssq,2010094,2010-08-15,3,5,7,27,31,32,10,250015372,10,63,17500
ssq,2010093,2010-08-12,9,10,19,28,32,33,6,214376608,11,115,17500
ssq,2010092,2010-08-10,3,13,19,27,28,30,2,235395046,55,161,17500
ssq,2010091,2010-08-08,6,13,16,20,22,24,16,266211592,10,77,17500
ssq,2010090,2010-08-05,1,6,10,15,25,31,14,242084181,3,198,17500
ssq,2010089,2010-08-03,7,8,9,16,23,26,1,239719796,8,110,17500
ssq,2010088,2010-08-01,5,6,15,23,27,30,12,264168238,14,100,17500
ssq,2010087,2010-07-29,1,8,16,17,25,30,10,235879868,9,107,17500
ssq,2010086,2010-07-27,5,21,28,29,30,31,8,243138962,1,42,17500
ssq,2010085,2010-07-25,1,8,12,13,24,27,8,275602494,25,518,17500
ssq,2010084,2010-07-22,2,10,14,18,20,30,3,243838210,5,57,17500
ssq,2010083,2010-07-20,2,20,21,22,23,31,12,239182242,3,41,17500
ssq,2010082,2010-07-18,1,8,13,14,27,31,2,266766152,7,226,17500
ssq,2010081,2010-07-15,2,3,9,24,26,27,5,242647146,3,68,17500
ssq,2010080,2010-07-13,8,10,13,14,16,23,16,241525992,3,71,17500
ssq,2010079,2010-07-11,8,11,12,14,18,22,2,269970928,4,112,17500
ssq,2010078,2010-07-08,1,3,9,11,17,23,12,240635560,6,119,17500
ssq,2010077,2010-07-06,2,8,14,20,21,24,9,233330914,3,48,17500
ssq,2010076,2010-07-04,1,12,14,29,31,32,15,249655268,2,63,17500
ssq,2010075,2010-07-01,5,9,12,13,15,22,14,229619238,5,107,17500
ssq,2010074,2010-06-29,2,10,17,18,19,29,15,236056644,9,177,17500
ssq,2010073,2010-06-27,1,16,20,23,27,31,2,263364832,3,29,17500
ssq,2010072,2010-06-24,6,8,22,23,30,31,1,235231488,3,187,17500
ssq,2010071,2010-06-22,5,13,14,17,20,26,1,232948886,3,96,17500
ssq,2010070,2010-06-20,8,13,23,27,31,33,7,254342696,6,117,17500
ssq,2010069,2010-06-17,12,14,20,22,24,32,11,225582108,2,90,17500
ssq,2010068,2010-06-15,3,13,18,20,23,28,13,215863382,13,176,17500
ssq,2010067,2010-06-13,1,7,10,14,21,25,1,258825118,2,109,17500
ssq,2010066,2010-06-10,1,3,21,22,31,32,7,237425002,2,100,17500
ssq,2010065,2010-06-08,2,7,8,17,30,32,12,234372332,4,59,17500
ssq,2010064,2010-06-06,8,14,25,26,30,31,11,259371022,8,73,17500
ssq,2010063,2010-06-03,2,6,10,17,23,24,3,236083458,6,110,17500
ssq,2010062,2010-06-01,11,13,15,20,31,33,3,235535320,1,42,17500
ssq,2010061,2010-05-30,2,4,16,19,22,26,12,261848018,4,55,17500
ssq,2010060,2010-05-27,1,8,15,18,22,27,9,239669684,5,77,17500
ssq,2010059,2010-05-25,1,9,11,12,18,30,10,232718404,3,51,17500
ssq,2010058,2010-05-23,1,4,11,17,19,29,12,258079782,3,68,17500
ssq,2010057,2010-05-20,5,11,12,19,25,32,5,241998022,18,286,17500
ssq,2010056,2010-05-18,1,2,3,8,13,32,7,243521976,5,28,17500
ssq,2010055,2010-05-16,2,3,13,19,20,23,8,265950816,10,92,17500
ssq,2010054,2010-05-13,1,6,8,12,14,25,6,240532550,6,76,17500
ssq,2010053,2010-05-11,3,22,24,27,28,30,14,233188676,3,48,17500
ssq,2010052,2010-05-09,1,2,19,23,27,29,10,254114154,4,39,17500
ssq,2010051,2010-05-06,4,17,23,27,28,32,3,229638378,9,42,17500
ssq,2010050,2010-05-04,7,21,22,26,28,30,11,217484954,2,61,17500
ssq,2010049,2010-05-02,1,6,10,26,27,28,2,238207928,2,54,17500
ssq,2010048,2010-04-29,1,6,8,10,23,33,2,227901710,3,100,17500
ssq,2010047,2010-04-27,3,10,13,20,21,32,15,230736816,4,83,17500
ssq,2010046,2010-04-25,11,12,21,23,27,32,5,257876882,2,66,17500
ssq,2010045,2010-04-22,2,3,4,13,20,29,1,235205392,11,130,17500
ssq,2010044,2010-04-20,3,9,21,23,27,31,5,237978418,15,125,17500
ssq,2010043,2010-04-18,4,10,19,22,28,33,4,265889144,4,139,17500
ssq,2010042,2010-04-15,3,6,11,20,31,32,10,231323160,7,92,17500
ssq,2010041,2010-04-13,3,5,13,19,25,29,12,232591320,6,170,17500
ssq,2010040,2010-04-11,12,19,24,25,30,32,11,257165686,5,73,17500
ssq,2010039,2010-04-08,8,17,21,23,25,32,12,226833664,1,49,17500
ssq,2010038,2010-04-06,1,6,7,11,13,16,1,226161590,9,47,17500
ssq,2010037,2010-04-04,3,16,19,21,24,26,6,247240280,1,35,17500
ssq,2010036,2010-04-01,6,13,14,28,29,30,8,229557916,10,157,17500
ssq,2010035,2010-03-30,9,10,11,18,19,21,10,228911294,10,78,17500
ssq,2010034,2010-03-28,6,11,13,22,25,32,12,252670562,3,106,17500
ssq,2010033,2010-03-25,8,10,11,12,25,29,9,224347302,14,85,17500
ssq,2010032,2010-03-23,8,18,21,28,29,33,8,236489598,35,193,17500
ssq,2010031,2010-03-21,5,7,13,24,25,28,4,267151062,12,202,17500
ssq,2010030,2010-03-18,3,6,10,16,25,31,5,239533728,4,114,17500
ssq,2010029,2010-03-16,1,5,14,16,17,22,3,236373590,8,57,17500
ssq,2010028,2010-03-14,1,3,6,12,16,32,12,256691698,2,149,17500
ssq,2010027,2010-03-11,3,4,15,25,26,30,13,234693930,7,141,17500
ssq,2010026,2010-03-09,2,4,5,8,19,22,12,220382336,3,65,17500
ssq,2010025,2010-03-07,4,5,7,10,13,25,11,248648212,7,107,17500
ssq,2010024,2010-03-04,7,16,26,27,29,31,14,224928938,4,58,17500
ssq,2010023,2010-03-02,2,9,11,22,24,27,11,220109148,7,67,17500
ssq,2010022,2010-02-28,1,2,18,29,31,32,2,245991044,4,76,17500
ssq,2010021,2010-02-25,2,9,16,17,19,25,4,217152080,5,81,17500
ssq,2010020,2010-02-23,5,6,14,22,24,26,9,215066270,20,40,17500
ssq,2010019,2010-02-21,2,10,22,24,26,27,6,234815252,2,68,17500
ssq,2010018,2010-02-11,11,28,29,30,32,33,2,229188092,3,88,17500
ssq,2010017,2010-02-09,1,3,6,11,12,23,11,221450104,9,52,17500
ssq,2010016,2010-02-07,2,8,10,12,30,33,16,254137478,8,83,17500
ssq,2010015,2010-02-04,1,4,16,21,23,28,6,228269280,0,77,17500
ssq,2010014,2010-02-02,1,3,7,14,26,28,2,225210868,3,86,17500
ssq,2010013,2010-01-31,1,2,3,16,18,23,12,263984534,25,171,17500
ssq,2010012,2010-01-28,2,8,13,14,25,33,10,242397004,11,129,17500
ssq,2010011,2010-01-26,7,8,14,22,24,30,7,241790928,2,53,17500
ssq,2010010,2010-01-24,7,8,12,15,22,26,8,268314736,19,119,17500
ssq,2010009,2010-01-21,1,9,13,21,24,32,6,243000026,10,109,17500
ssq,2010008,2010-01-19,5,7,13,15,18,30,14,244041538,3,61,17500
ssq,2010007,2010-01-17,14,22,27,28,30,33,14,273993220,3,111,17500
ssq,2010006,2010-01-14,3,5,7,13,14,18,5,245619296,10,94,17500
ssq,2010005,2010-01-12,3,5,6,8,17,18,14,252718396,7,105,17500
ssq,2010004,2010-01-10,1,12,13,16,23,28,7,262213890,4,53,17500
ssq,2010003,2010-01-07,14,22,26,27,28,31,4,236297494,3,66,17500
ssq,2010002,2010-01-05,3,6,7,23,30,33,13,224648194,2,47,17500
ssq,2010001,2010-01-03,7,17,18,27,29,32,13,260561792,7,95,17500
ssq,2009154,2009-12-31,1,7,12,14,18,25,16,250550710,4,91,17500
ssq,2009153,2009-12-29,6,7,8,20,21,25,10,238623826,9,277,17500
ssq,2009152,2009-12-27,3,4,19,21,27,28,5,262814730,6,96,17500
ssq,2009151,2009-12-24,6,8,10,16,25,30,14,242662946,5,212,17500
ssq,2009150,2009-12-22,4,6,7,16,19,20,4,240949072,2,68,17500
ssq,2009149,2009-12-20,1,3,16,18,22,29,4,260445758,5,64,17500
ssq,2009148,2009-12-17,6,12,15,22,29,32,10,234965094,3,117,17500
ssq,2009147,2009-12-15,6,8,10,18,22,32,16,229746022,3,126,17500
ssq,2009146,2009-12-13,3,9,16,20,22,33,15,265187498,7,89,17500
ssq,2009145,2009-12-10,3,5,11,15,26,33,11,238886876,12,133,17500
ssq,2009144,2009-12-08,1,5,10,17,18,29,12,234614110,5,87,17500
ssq,2009143,2009-12-06,5,9,11,17,23,28,10,266083890,22,214,17500
ssq,2009142,2009-12-03,7,11,15,19,20,24,13,240043572,10,142,17500
ssq,2009141,2009-12-01,2,13,21,28,29,31,9,237668962,15,77,17500
ssq,2009140,2009-11-29,4,5,11,18,22,33,12,257453092,1,71,17500
ssq,2009139,2009-11-26,1,5,15,17,27,29,2,235679662,2,77,17500
ssq,2009138,2009-11-24,4,7,14,26,32,33,14,229193984,7,46,17500
ssq,2009137,2009-11-22,8,12,14,15,17,21,1,250971196,2,42,17500
ssq,2009136,2009-11-19,1,4,14,22,30,33,1,222662662,2,44,17500
ssq,2009135,2009-11-17,1,3,14,19,30,33,16,218222340,9,129,17500
ssq,2009134,2009-11-15,3,5,12,15,28,33,6,246133544,10,65,17500
ssq,2009133,2009-11-12,5,9,13,18,20,32,1,219891024,5,200,17500
ssq,2009132,2009-11-10,4,14,15,21,23,30,7,227359216,13,130,17500
ssq,2009131,2009-11-08,16,23,25,26,32,33,5,265379234,2,44,17500
ssq,2009130,2009-11-05,2,3,7,12,13,30,11,235462772,3,80,17500
ssq,2009129,2009-11-03,6,7,16,17,24,25,7,231824092,20,169,17500
ssq,2009128,2009-11-01,5,8,15,16,26,32,1,261066840,2,162,17500
ssq,2009127,2009-10-29,2,11,12,14,15,16,4,243177980,14,98,17500
ssq,2009126,2009-10-27,3,5,6,10,19,23,15,235506694,6,101,17500
ssq,2009125,2009-10-25,6,7,8,22,26,27,12,262970658,8,93,17500
ssq,2009124,2009-10-22,3,4,22,23,28,30,10,249561480,9,65,17500
ssq,2009123,2009-10-20,9,13,20,22,25,28,14,237742194,3,83,17500
ssq,2009122,2009-10-18,7,14,16,27,29,32,1,266208716,5,154,17500
ssq,2009121,2009-10-15,2,4,6,10,25,30,9,239496416,8,72,17500
ssq,2009120,2009-10-13,1,2,8,12,16,30,16,222194270,2,60,17500
ssq,2009119,2009-10-11,6,7,10,12,15,21,5,232178172,1,55,17500
ssq,2009118,2009-10-08,12,16,25,26,27,31,5,215790310,93,43,17500
ssq,2009117,2009-10-06,5,9,15,21,26,31,13,202883414,8,147,17500
ssq,2009116,2009-10-04,5,17,21,25,27,32,14,221054568,7,53,17500
ssq,2009115,2009-10-01,2,9,13,15,19,24,3,198302256,1,61,17500
ssq,2009114,2009-09-29,3,5,11,12,31,32,11,222577144,9,182,17500
ssq,2009113,2009-09-27,4,12,20,25,28,29,16,250863766,8,126,17500
ssq,2009112,2009-09-24,6,7,18,24,30,32,9,227610064,6,55,17500
ssq,2009111,2009-09-22,2,4,7,14,15,25,15,224881094,3,48,17500
ssq,2009110,2009-09-20,4,10,13,15,19,30,14,245158100,2,105,17500
ssq,2009109,2009-09-17,5,6,7,14,25,28,1,220168836,0,78,17500
ssq,2009108,2009-09-15,4,10,17,28,32,33,2,215736244,5,78,17500
ssq,2009107,2009-09-13,7,8,20,23,28,29,5,239917960,4,70,17500
ssq,2009106,2009-09-10,1,2,15,18,20,29,4,218443162,4,48,17500
ssq,2009105,2009-09-08,2,8,10,16,27,30,15,208614594,2,103,17500
ssq,2009104,2009-09-06,20,22,26,29,30,32,16,233718766,5,39,17500
ssq,2009103,2009-09-03,6,11,17,20,23,24,9,215101390,10,53,17500
ssq,2009102,2009-09-01,3,5,7,8,14,31,10,211207990,7,63,17500
ssq,2009101,2009-08-30,1,2,5,10,19,24,14,235272092,0,112,17500
ssq,2009100,2009-08-27,2,11,17,27,30,33,11,213445814,7,75,17500
ssq,2009099,2009-08-25,8,9,18,20,25,29,9,215841514,18,243,17500
ssq,2009098,2009-08-23,3,14,15,20,23,30,2,234823318,11,265,17500
ssq,2009097,2009-08-20,7,13,24,26,28,32,14,209714238,4,50,17500
ssq,2009096,2009-08-18,1,26,27,31,32,33,3,209639476,2,93,17500
ssq,2009095,2009-08-16,8,9,14,28,31,33,15,226862140,0,39,17500
ssq,2009094,2009-08-13,3,16,22,25,26,33,14,207069924,3,90,17500
ssq,2009093,2009-08-11,1,11,20,31,32,33,1,209331254,21,198,17500
ssq,2009092,2009-08-09,2,6,7,14,18,31,8,233413914,6,66,17500
ssq,2009091,2009-08-06,3,8,11,14,25,29,4,211875120,4,168,17500
ssq,2009090,2009-08-04,7,9,14,20,23,30,14,206728590,3,137,17500
ssq,2009089,2009-08-02,2,3,7,11,19,32,4,230854186,2,58,17500
ssq,2009088,2009-07-30,4,7,11,15,16,17,2,204688536,0,78,17500
ssq,2009087,2009-07-28,6,11,13,20,28,32,6,201493798,2,40,17500
ssq,2009086,2009-07-26,11,12,13,18,23,32,11,222559596,3,47,17500
ssq,2009085,2009-07-23,4,8,12,17,20,30,3,201602548,8,93,17500
ssq,2009084,2009-07-21,4,9,11,20,32,33,13,187152834,2,53,17500
ssq,2009083,2009-07-19,2,8,12,18,24,28,4,219733470,11,361,17500
ssq,2009082,2009-07-16,11,15,18,21,27,29,2,200877058,2,52,17500
ssq,2009081,2009-07-14,4,5,6,25,29,30,3,198933210,1,56,17500
ssq,2009080,2009-07-12,1,11,13,25,32,33,6,220533638,4,48,17500
ssq,2009079,2009-07-09,2,9,16,21,30,31,13,200470322,1,122,17500
ssq,2009078,2009-07-07,5,7,12,14,15,20,13,196218272,2,88,17500
ssq,2009077,2009-07-05,1,9,14,16,28,32,16,216463266,4,75,17500
ssq,2009076,2009-07-02,9,18,19,25,28,31,6,202715574,29,98,17500
ssq,2009075,2009-06-30,1,13,15,17,20,30,5,198114500,1,53,17500
ssq,2009074,2009-06-28,5,10,16,19,23,28,13,223339000,28,296,17500
ssq,2009073,2009-06-25,9,16,17,18,22,27,14,208376662,16,103,17500
ssq,2009072,2009-06-23,1,3,12,20,21,29,4,211601456,7,40,17500
ssq,2009071,2009-06-21,4,5,23,26,31,32,6,231131078,5,40,17500
ssq,2009070,2009-06-18,1,2,9,10,21,31,10,219945468,4,42,17500
ssq,2009069,2009-06-16,3,5,12,18,21,23,2,218479274,7,157,17500
ssq,2009068,2009-06-14,6,11,18,20,25,30,5,241709362,10,213,17500
ssq,2009067,2009-06-11,4,10,16,23,28,30,5,219034212,12,168,17500
ssq,2009066,2009-06-09,2,15,19,24,31,32,4,218893000,9,34,17500
ssq,2009065,2009-06-07,8,12,20,22,30,33,2,242812406,5,63,17500
ssq,2009064,2009-06-04,1,2,14,23,28,29,15,226247318,4,66,17500
ssq,2009063,2009-06-02,2,5,11,26,30,32,16,210071776,0,47,17500
ssq,2009062,2009-05-31,10,19,20,21,23,32,10,239346092,7,120,17500
ssq,2009061,2009-05-28,10,11,13,16,19,30,3,202235730,1,32,17500
ssq,2009060,2009-05-26,7,13,17,26,32,33,4,214031372,2,40,17500
ssq,2009059,2009-05-24,3,7,13,23,27,30,11,236158050,2,184,17500
ssq,2009058,2009-05-21,5,8,10,15,23,26,9,211477696,13,150,17500
ssq,2009057,2009-05-19,5,7,10,14,17,25,11,209587496,6,180,17500
ssq,2009056,2009-05-17,4,9,10,18,29,32,8,232354314,5,66,17500
ssq,2009055,2009-05-14,3,4,18,22,24,29,11,213511884,3,69,17500
ssq,2009054,2009-05-12,16,17,23,26,31,32,11,212918588,6,73,17500
ssq,2009053,2009-05-10,7,12,18,19,22,28,4,231922796,4,239,17500
ssq,2009052,2009-05-07,9,11,15,19,21,30,8,215699408,9,66,17500
ssq,2009051,2009-05-05,6,10,13,16,21,23,7,211832930,5,69,17500
ssq,2009050,2009-05-03,13,21,24,29,30,32,4,223078776,3,35,17500
ssq,2009049,2009-04-30,9,12,14,20,30,31,6,204405802,3,45,17500
ssq,2009048,2009-04-28,3,7,11,15,17,31,1,210372082,4,85,17500
ssq,2009047,2009-04-26,6,8,11,15,21,22,16,236616310,5,99,17500
ssq,2009046,2009-04-23,16,20,21,26,29,30,9,212241096,3,37,17500
ssq,2009045,2009-04-21,3,4,6,23,30,32,1,210992934,0,39,17500
ssq,2009044,2009-04-19,11,14,16,18,26,30,1,229851250,2,50,17500
ssq,2009043,2009-04-16,4,9,10,15,18,26,7,211334106,5,110,17500
ssq,2009042,2009-04-14,8,16,22,23,27,30,11,207877744,2,79,17500
ssq,2009041,2009-04-12,1,8,23,26,28,33,8,229731450,9,45,17500
ssq,2009040,2009-04-09,4,7,10,20,26,30,12,212931272,21,246,17500
ssq,2009039,2009-04-07,5,12,14,15,21,27,3,207130808,3,81,17500
ssq,2009038,2009-04-05,12,13,15,23,28,32,5,229578934,20,52,17500
ssq,2009037,2009-04-02,2,6,15,18,20,31,3,213602348,1,59,17500
ssq,2009036,2009-03-31,6,9,18,23,32,33,7,215060184,7,69,17500
ssq,2009035,2009-03-29,6,15,21,26,29,31,5,236221934,6,87,17500
ssq,2009034,2009-03-26,9,12,18,21,22,26,7,214772934,5,107,17500
ssq,2009033,2009-03-24,7,8,13,14,29,30,6,212148538,6,125,17500
ssq,2009032,2009-03-22,9,11,12,19,27,32,6,231465250,3,102,17500
ssq,2009031,2009-03-19,1,2,3,15,30,33,1,220305014,6,66,17500
ssq,2009030,2009-03-17,8,14,24,26,28,32,7,218775106,8,56,17500
ssq,2009029,2009-03-15,12,13,15,22,23,29,13,243921424,3,65,17500
ssq,2009028,2009-03-12,3,6,12,15,23,26,10,212975332,41,258,17500
ssq,2009027,2009-03-10,2,7,11,16,27,32,6,210676594,19,153,17500
ssq,2009026,2009-03-08,11,15,17,18,20,30,16,232338570,6,73,17500
ssq,2009025,2009-03-05,10,20,22,23,26,33,11,208731366,3,23,17500
ssq,2009024,2009-03-03,1,3,17,23,30,33,12,208357346,3,51,17500
ssq,2009023,2009-03-01,1,6,7,15,24,30,8,229895788,3,67,17500
ssq,2009022,2009-02-26,5,8,9,10,11,18,8,212225776,5,69,17500
ssq,2009021,2009-02-24,1,4,5,17,24,27,9,207029170,3,52,17500
ssq,2009020,2009-02-22,3,5,7,10,19,23,13,231854880,4,65,17500
ssq,2009019,2009-02-19,6,17,19,20,26,27,4,193303346,0,76,17500
ssq,2009018,2009-02-17,2,5,6,19,27,30,15,194471112,4,78,17500
ssq,2009017,2009-02-15,6,14,15,19,25,26,8,214067758,5,70,17500
ssq,2009016,2009-02-12,2,7,13,16,20,33,3,193953514,8,85,17500
ssq,2009015,2009-02-10,2,4,6,15,17,32,5,185426162,1,37,17500
ssq,2009014,2009-02-08,3,6,9,14,15,18,2,209566064,4,70,17500
ssq,2009013,2009-02-05,4,8,9,21,26,27,9,182623460,4,118,17500
ssq,2009012,2009-02-03,5,11,14,17,18,28,1,175832284,4,80,17500
ssq,2009011,2009-02-01,2,4,13,14,18,23,15,189123128,2,55,17500
ssq,2009010,2009-01-22,3,10,17,19,20,24,2,189703670,0,100,17500
ssq,2009009,2009-01-20,8,15,21,30,31,33,2,181279024,2,35,17500
ssq,2009008,2009-01-18,4,15,16,22,32,33,2,207103370,4,99,17500
ssq,2009007,2009-01-15,1,5,12,23,25,26,15,185060730,7,42,17500
ssq,2009006,2009-01-13,6,12,18,20,26,33,2,184731320,2,80,17500
ssq,2009005,2009-01-11,1,3,8,15,17,21,13,213622966,8,76,17500
ssq,2009004,2009-01-08,3,11,13,17,28,31,3,196964008,8,84,17500
ssq,2009003,2009-01-06,2,3,6,15,25,30,2,191963484,1,45,17500
ssq,2009002,2009-01-04,10,14,17,25,29,33,14,214099642,5,143,17500
ssq,2009001,2009-01-01,4,21,23,24,30,31,4,188339912,1,36,17500
ssq,2008154,2008-12-30,2,5,7,21,22,26,8,187460204,5,89,17500
ssq,2008153,2008-12-28,1,4,18,21,24,30,16,203192356,2,40,17500
ssq,2008152,2008-12-25,1,4,6,22,26,30,8,185010624,4,46,17500
ssq,2008151,2008-12-23,6,8,10,14,17,19,6,178836934,6,45,17500
ssq,2008150,2008-12-21,4,19,22,24,29,32,2,199701670,2,41,17500
ssq,2008149,2008-12-18,10,14,22,28,29,33,2,192954686,6,43,17500
ssq,2008148,2008-12-16,3,5,9,22,26,28,9,184713626,1,56,17500
ssq,2008147,2008-12-14,7,8,14,22,26,33,2,201725324,2,38,17500
ssq,2008146,2008-12-11,7,8,17,19,31,32,10,186410548,7,79,17500
ssq,2008145,2008-12-09,7,13,18,22,26,29,2,178220662,7,102,17500
ssq,2008144,2008-12-07,2,5,10,27,29,33,15,194035022,4,41,17500
ssq,2008143,2008-12-04,12,17,18,19,26,27,6,175828406,5,85,17500
ssq,2008142,2008-12-02,5,6,10,13,17,28,15,181220636,7,127,17500
ssq,2008141,2008-11-30,3,13,20,25,29,33,15,198694026,1,40,17500
ssq,2008140,2008-11-27,7,14,16,29,30,31,14,182798276,7,38,17500
ssq,2008139,2008-11-25,8,9,19,23,25,26,7,180577258,3,47,17500
ssq,2008138,2008-11-23,7,14,19,23,25,32,4,197283238,6,44,17500
ssq,2008137,2008-11-20,1,4,24,28,29,33,9,178412318,4,21,17500
ssq,2008136,2008-11-18,5,9,10,12,18,28,2,175281498,1,104,17500
ssq,2008135,2008-11-16,5,14,15,16,19,21,15,199297252,2,51,17500
ssq,2008134,2008-11-13,10,15,19,20,28,32,2,184911938,5,84,17500
ssq,2008133,2008-11-11,8,11,16,19,24,26,11,180872408,11,79,17500
ssq,2008132,2008-11-09,9,13,16,25,27,33,8,196454404,2,95,17500
ssq,2008131,2008-11-06,2,12,15,18,22,32,8,174009788,7,59,17500
ssq,2008130,2008-11-04,1,12,18,28,30,32,6,181993644,2,37,17500
ssq,2008129,2008-11-02,1,3,18,24,25,32,15,197717092,1,100,17500
ssq,2008128,2008-10-30,1,5,19,20,27,33,5,181169198,4,52,17500
ssq,2008127,2008-10-28,5,8,19,22,27,30,13,181580160,3,163,17500
ssq,2008126,2008-10-26,4,11,12,14,20,30,13,198648614,4,47,17500
ssq,2008125,2008-10-23,10,11,12,15,26,29,9,180560840,4,41,17500
ssq,2008124,2008-10-21,1,7,10,13,21,22,3,182202870,2,69,17500
ssq,2008123,2008-10-19,10,11,15,16,25,29,2,200338784,2,83,17500
ssq,2008122,2008-10-16,2,8,11,14,19,26,15,183419190,2,134,17500
ssq,2008121,2008-10-14,2,22,23,27,31,32,6,159325560,2,19,17500
ssq,2008120,2008-10-12,10,11,22,24,26,33,2,173258446,1,42,17500
ssq,2008119,2008-10-09,5,7,9,15,24,29,7,159160812,3,45,17500
ssq,2008118,2008-10-07,4,9,16,27,31,33,1,151771380,1,43,17500
ssq,2008117,2008-10-05,3,5,7,10,14,33,7,159338244,2,54,17500
ssq,2008116,2008-10-02,3,7,21,22,24,29,14,131959380,3,88,17500
ssq,2008115,2008-09-30,2,12,13,14,17,18,6,135827902,2,35,17500
ssq,2008114,2008-09-28,4,9,20,24,25,31,14,164160014,4,69,17500
ssq,2008113,2008-09-25,6,9,10,12,17,22,9,154470240,10,58,17500
ssq,2008112,2008-09-23,5,13,14,19,22,23,6,147917738,0,38,17500
ssq,2008111,2008-09-21,17,18,21,25,31,32,6,165394226,2,23,17500
ssq,2008110,2008-09-18,10,16,22,23,29,31,2,150162970,1,35,17500
ssq,2008109,2008-09-16,4,7,9,16,21,28,10,149534090,14,142,17500
ssq,2008108,2008-09-14,9,10,15,17,23,30,12,161811898,1,70,17500
ssq,2008107,2008-09-11,6,13,18,22,27,32,4,145917756,4,94,17500
ssq,2008106,2008-09-09,14,19,25,27,29,30,15,145583846,1,24,17500
ssq,2008105,2008-09-07,5,17,19,27,28,32,2,166483810,6,41,17500
ssq,2008104,2008-09-04,3,6,8,17,24,31,1,146186834,2,101,17500
ssq,2008103,2008-09-02,1,12,16,18,22,33,4,145961956,3,29,17500
ssq,2008102,2008-08-31,3,7,12,21,25,32,5,163061174,6,106,17500
ssq,2008101,2008-08-28,9,17,21,26,28,30,4,146389400,9,32,17500
ssq,2008100,2008-08-26,8,14,17,21,27,28,14,143116762,8,121,17500
ssq,2008099,2008-08-24,10,15,16,22,23,24,7,161894814,7,68,17500
ssq,2008098,2008-08-21,6,7,10,11,15,30,1,141788216,1,55,17500
ssq,2008097,2008-08-19,3,6,8,9,16,17,13,139512854,5,30,17500
ssq,2008096,2008-08-17,6,8,12,24,27,31,14,155836508,1,83,17500
ssq,2008095,2008-08-14,3,8,14,21,28,29,3,141671626,11,108,17500
ssq,2008094,2008-08-12,1,4,15,16,23,28,14,138848472,0,45,17500
ssq,2008093,2008-08-10,4,10,12,16,26,28,7,155710670,10,84,17500
ssq,2008092,2008-08-07,1,3,18,27,28,30,5,147648912,9,43,17500
ssq,2008091,2008-08-05,3,12,14,23,31,32,10,144363788,3,38,17500
ssq,2008090,2008-08-03,2,7,14,18,19,24,1,161612270,3,96,17500
ssq,2008089,2008-07-31,3,6,11,16,22,27,11,152919280,16,192,17500
ssq,2008088,2008-07-29,1,6,8,16,17,23,5,145378764,4,40,17500
ssq,2008087,2008-07-27,1,7,26,29,30,31,6,165513430,5,59,17500
ssq,2008086,2008-07-24,4,5,10,26,27,30,12,149218680,1,37,17500
ssq,2008085,2008-07-22,1,4,12,20,24,29,15,147121156,2,29,17500
ssq,2008084,2008-07-20,4,7,13,20,29,30,16,164902436,5,133,17500
ssq,2008083,2008-07-17,7,8,9,18,29,32,9,148998496,1,59,17500
ssq,2008082,2008-07-15,4,8,10,12,21,26,9,145747052,3,52,17500
ssq,2008081,2008-07-13,2,12,13,18,25,31,4,164515530,13,182,17500
ssq,2008080,2008-07-10,4,14,22,25,29,32,14,147833964,2,37,17500
ssq,2008079,2008-07-08,3,4,5,10,20,32,9,146233386,3,56,17500
ssq,2008078,2008-07-06,6,13,16,26,30,33,1,163038372,3,29,17500
ssq,2008077,2008-07-03,4,12,22,26,30,33,9,150267928,3,27,17500
ssq,2008076,2008-07-01,2,5,7,11,13,18,11,149452982,1,44,17500
ssq,2008075,2008-06-29,1,8,14,18,22,30,3,165190272,1,32,17500
ssq,2008074,2008-06-26,1,11,15,19,20,24,9,144760564,0,38,17500
ssq,2008073,2008-06-24,1,9,13,22,28,33,8,145507408,2,39,17500
ssq,2008072,2008-06-22,1,5,10,18,22,30,9,161487324,2,70,17500
ssq,2008071,2008-06-19,1,6,21,26,27,28,9,149342332,6,52,17500
ssq,2008070,2008-06-17,5,6,12,15,18,33,13,143853670,0,52,17500
ssq,2008069,2008-06-15,5,8,17,20,26,30,10,160540160,10,76,17500
ssq,2008068,2008-06-12,5,7,17,23,27,29,7,146064510,3,66,17500
ssq,2008067,2008-06-10,10,11,15,19,26,33,13,139167536,3,35,17500
ssq,2008066,2008-06-08,7,12,21,22,29,30,8,157257472,11,92,17500
ssq,2008065,2008-06-05,5,13,15,19,30,31,5,148399068,4,69,17500
ssq,2008064,2008-06-03,1,2,7,9,12,18,12,142377766,6,43,17500
ssq,2008063,2008-06-01,5,9,11,14,16,17,15,155226836,2,48,17500
ssq,2008062,2008-05-29,6,8,13,17,24,27,15,137719710,2,59,17500
ssq,2008061,2008-05-27,1,2,5,12,26,31,6,133881926,1,14,17500
ssq,2008060,2008-05-25,6,7,8,17,30,32,3,152605692,3,34,17500
ssq,2008059,2008-05-22,2,6,15,29,31,32,16,138178008,0,29,17500
ssq,2008058,2008-05-20,1,12,21,27,29,31,11,133093020,7,79,17500
ssq,2008057,2008-05-18,19,20,21,26,28,30,8,157009320,5,32,17500
ssq,2008056,2008-05-15,8,13,22,23,25,30,7,143711520,6,65,17500
ssq,2008055,2008-05-13,11,16,19,23,26,31,4,140054516,3,44,17500
ssq,2008054,2008-05-11,2,6,16,17,20,25,7,166384318,9,58,17500
ssq,2008053,2008-05-08,6,12,19,20,21,27,4,150163792,8,175,17500
ssq,2008052,2008-05-06,2,10,17,23,29,31,10,150880684,13,311,17500
ssq,2008051,2008-05-04,1,4,8,10,13,33,11,168795820,5,32,17500
ssq,2008050,2008-05-01,1,11,19,24,26,27,3,143428932,5,39,17500
ssq,2008049,2008-04-29,3,10,12,13,19,25,4,156554264,3,63,17500
ssq,2008048,2008-04-27,11,18,21,27,30,32,1,177125564,6,66,17500
ssq,2008047,2008-04-24,9,12,13,14,20,22,10,159244658,3,30,17500
ssq,2008046,2008-04-22,15,16,18,24,28,33,15,154575398,1,21,17500
ssq,2008045,2008-04-20,1,10,13,21,29,32,4,166853172,2,81,17500
ssq,2008044,2008-04-17,5,7,9,20,26,29,9,154045626,4,63,17500
ssq,2008043,2008-04-15,3,10,16,22,27,33,14,152620756,2,38,17500
ssq,2008042,2008-04-13,3,4,9,11,12,24,1,172844294,4,168,17500
ssq,2008041,2008-04-10,8,11,20,22,23,27,4,153107854,1,29,17500
ssq,2008040,2008-04-08,6,13,22,25,27,28,9,147866454,3,29,17500
ssq,2008039,2008-04-06,1,7,10,13,22,29,1,167098814,3,80,17500
ssq,2008038,2008-04-03,3,9,10,11,15,19,13,156472902,4,38,17500
ssq,2008037,2008-04-01,1,12,22,24,28,31,6,155799266,4,34,17500
ssq,2008036,2008-03-30,2,6,13,18,23,28,16,175839426,5,218,17500
ssq,2008035,2008-03-27,7,11,14,17,18,29,16,157220200,1,48,17500
ssq,2008034,2008-03-25,3,5,9,11,21,29,9,159514754,15,123,17500
ssq,2008033,2008-03-23,12,17,18,30,31,33,4,180595348,1,37,17500
ssq,2008032,2008-03-20,5,14,16,21,23,28,13,160439648,0,61,17500
ssq,2008031,2008-03-18,3,6,11,15,21,31,13,158624334,3,79,17500
ssq,2008030,2008-03-16,6,15,18,19,20,28,11,179312028,3,44,17500
ssq,2008029,2008-03-13,1,9,14,22,29,32,12,161219452,2,44,17500
ssq,2008028,2008-03-11,1,13,21,26,29,32,10,160518620,1,40,17500
ssq,2008027,2008-03-09,15,18,19,23,24,26,13,174009958,0,37,17500
ssq,2008026,2008-03-06,5,17,19,27,29,32,3,152462456,4,42,17500
ssq,2008025,2008-03-04,8,16,17,18,19,21,14,153154654,2,48,17500
ssq,2008024,2008-03-02,11,20,21,26,28,30,13,170256022,2,30,17500
ssq,2008023,2008-02-28,8,16,18,25,26,32,2,153560364,4,82,17500
ssq,2008022,2008-02-26,12,18,20,24,28,32,5,144863010,0,59,17500
ssq,2008021,2008-02-24,9,12,19,20,26,28,15,160910474,3,95,17500
ssq,2008020,2008-02-21,3,10,13,15,28,30,3,146348748,8,207,17500
ssq,2008019,2008-02-19,2,9,11,17,27,31,5,141971234,5,103,17500
ssq,2008018,2008-02-17,2,5,6,23,26,33,13,157186176,1,23,17500
ssq,2008017,2008-02-14,2,5,7,17,20,22,2,132359640,2,50,17500
ssq,2008016,2008-02-05,3,12,14,21,29,33,13,140568370,0,22,17500
ssq,2008015,2008-02-03,6,8,11,16,29,33,3,150230862,0,46,17500
ssq,2008014,2008-01-31,3,9,11,17,21,31,14,135835312,9,195,17500
ssq,2008013,2008-01-29,2,8,15,16,22,28,10,134411428,15,144,17500
ssq,2008012,2008-01-27,3,4,5,16,20,30,13,154610224,8,54,17500
ssq,2008011,2008-01-24,2,14,17,21,30,32,3,142739106,1,21,17500
ssq,2008010,2008-01-22,3,8,11,17,21,27,9,146738458,26,196,17500
ssq,2008009,2008-01-20,9,21,29,30,31,32,16,165349862,2,39,17500
ssq,2008008,2008-01-17,2,15,16,23,26,27,7,150661200,6,43,17500
ssq,2008007,2008-01-15,1,13,17,22,23,30,11,145532348,3,26,17500
ssq,2008006,2008-01-13,1,14,16,18,22,27,14,165907668,1,35,17500
ssq,2008005,2008-01-10,3,5,15,22,24,25,15,154340740,2,93,17500
ssq,2008004,2008-01-08,4,8,22,23,27,29,8,154299042,5,40,17500
ssq,2008003,2008-01-06,6,8,11,13,17,19,12,175940428,18,76,17500
ssq,2008002,2008-01-03,3,4,18,22,25,29,9,153610222,6,66,17500
ssq,2008001,2008-01-01,2,4,7,9,14,29,3,143343976,1,53,17500
ssq,2007153,2007-12-30,1,4,19,20,25,31,15,169633854,1,79,17500
ssq,2007152,2007-12-27,11,17,21,29,30,33,8,156184910,1,33,17500
ssq,2007151,2007-12-25,1,6,10,11,23,25,2,153939934,8,73,17500
ssq,2007150,2007-12-23,3,5,11,13,19,24,5,166649572,2,78,17500
ssq,2007149,2007-12-20,1,17,19,22,28,30,3,149288714,2,23,17500
ssq,2007148,2007-12-18,3,9,16,17,23,28,7,158818618,59,169,17500
ssq,2007147,2007-12-16,3,7,18,24,26,27,4,179005766,4,74,17500
ssq,2007146,2007-12-13,4,18,22,24,26,30,9,158863498,2,41,17500
ssq,2007145,2007-12-11,8,9,11,12,25,31,11,156683190,4,44,17500
ssq,2007144,2007-12-09,8,14,23,25,28,32,16,178734532,2,59,17500
ssq,2007143,2007-12-06,1,6,22,23,24,26,4,152332662,1,22,17500
ssq,2007142,2007-12-04,11,20,25,26,27,30,8,148389454,0,35,17500
ssq,2007141,2007-12-02,2,3,4,6,17,31,8,166050194,3,33,17500
ssq,2007140,2007-11-29,1,5,16,21,22,26,11,143598644,4,54,17500
ssq,2007139,2007-11-27,6,10,12,14,16,22,6,147362270,22,62,17500
ssq,2007138,2007-11-25,2,3,15,17,19,25,16,167481164,0,85,17500
ssq,2007137,2007-11-22,3,7,8,18,20,22,3,148358822,7,74,17500
ssq,2007136,2007-11-20,1,2,18,21,25,29,14,148075802,4,26,17500
ssq,2007135,2007-11-18,1,11,16,26,31,33,16,159526566,0,32,17500
ssq,2007134,2007-11-15,1,4,10,13,18,25,15,141752438,1,47,17500
ssq,2007133,2007-11-13,3,6,7,11,13,33,10,145163392,11,64,17500
ssq,2007132,2007-11-11,1,9,16,21,22,23,5,155862750,0,33,17500
ssq,2007131,2007-11-08,3,5,7,16,22,27,5,139489488,3,29,17500
ssq,2007130,2007-11-06,3,5,9,11,27,31,4,134915286,5,98,17500
ssq,2007129,2007-11-04,5,7,20,21,22,30,8,152215698,12,93,17500
ssq,2007128,2007-11-01,9,10,19,21,27,31,5,130058308,1,45,17500
ssq,2007127,2007-10-30,6,9,13,16,24,28,11,131706110,17,78,17500
ssq,2007126,2007-10-28,9,10,19,23,26,31,9,170508318,15,124,17500
ssq,2007125,2007-10-25,3,5,18,20,27,33,1,137439952,0,71,17500
ssq,2007124,2007-10-23,3,7,13,16,19,32,16,131087996,0,41,17500
ssq,2007123,2007-10-21,1,13,15,23,28,32,2,149864730,2,19,17500
ssq,2007122,2007-10-18,4,7,19,24,26,32,9,130402942,7,80,17500
ssq,2007121,2007-10-16,3,10,21,22,27,28,6,125337786,1,28,17500
ssq,2007120,2007-10-14,6,7,11,12,18,25,1,136778106,0,38,17500
ssq,2007119,2007-10-11,3,8,11,13,25,31,12,124850416,23,58,17500
ssq,2007118,2007-10-09,4,10,16,18,25,32,15,124978730,5,48,17500
ssq,2007117,2007-10-07,3,7,9,10,26,32,1,132239116,0,31,17500
ssq,2007116,2007-10-04,3,5,7,11,17,27,13,113457608,7,85,17500
ssq,2007115,2007-10-02,1,5,10,16,20,26,2,108125704,0,53,17500
ssq,2007114,2007-09-30,5,12,15,24,27,33,5,143109004,12,167,17500
ssq,2007113,2007-09-27,4,18,23,25,26,31,10,124724404,1,26,17500
ssq,2007112,2007-09-25,7,11,14,16,25,32,11,128550874,1,38,17500
ssq,2007111,2007-09-23,2,9,10,12,13,17,11,136651412,0,20,17500
ssq,2007110,2007-09-20,2,4,7,15,24,28,3,119714108,4,41,17500
ssq,2007109,2007-09-18,1,4,7,8,13,14,4,117653172,2,50,17500
ssq,2007108,2007-09-16,3,7,12,13,20,33,2,136419830,3,77,17500
ssq,2007107,2007-09-13,2,8,9,18,24,28,10,118762906,6,38,17500
ssq,2007106,2007-09-11,12,18,21,24,25,29,8,113328304,1,20,17500
ssq,2007105,2007-09-09,2,7,10,17,23,29,14,134273360,6,111,17500
ssq,2007104,2007-09-06,2,8,12,14,20,32,4,108150420,3,30,17500
ssq,2007103,2007-09-04,7,9,25,27,30,32,1,102844920,0,26,17500
ssq,2007102,2007-09-02,4,6,8,18,20,33,11,119528600,2,27,17500
ssq,2007101,2007-08-30,15,16,18,21,22,30,14,103261246,2,19,17500
ssq,2007100,2007-08-28,8,18,27,29,30,32,6,100804514,5,43,17500
ssq,2007099,2007-08-26,3,4,14,27,31,33,5,115727006,5,61,17500
ssq,2007098,2007-08-23,2,3,5,11,19,20,12,103284906,3,45,17500
ssq,2007097,2007-08-21,4,8,13,18,26,30,11,99828090,12,48,17500
ssq,2007096,2007-08-19,9,10,20,22,30,32,8,116298698,2,31,17500
ssq,2007095,2007-08-16,1,6,8,18,29,32,7,101322650,4,54,17500
ssq,2007094,2007-08-14,3,5,18,19,24,32,2,100279716,3,41,17500
ssq,2007093,2007-08-12,5,10,13,15,19,29,2,115267274,1,142,17500
ssq,2007092,2007-08-09,14,18,22,23,24,33,9,100547190,1,33,17500
ssq,2007091,2007-08-07,2,11,17,30,31,32,7,98640430,2,25,17500
ssq,2007090,2007-08-05,5,11,13,27,30,31,2,114857394,1,49,17500
ssq,2007089,2007-08-02,3,7,8,15,19,28,3,99074148,11,102,17500
ssq,2007088,2007-07-31,2,4,10,28,29,33,6,97931132,1,22,17500
ssq,2007087,2007-07-29,1,3,4,5,8,21,9,115648010,1,34,17500
ssq,2007086,2007-07-26,5,8,14,22,27,29,16,102347618,3,67,17500
ssq,2007085,2007-07-24,2,12,17,19,29,30,12,101375038,4,48,17500
ssq,2007084,2007-07-22,6,10,12,14,20,27,10,117091964,4,29,17500
ssq,2007083,2007-07-19,11,14,18,20,21,26,5,100264804,5,37,17500
ssq,2007082,2007-07-17,5,15,17,18,25,32,15,101473624,7,46,17500
ssq,2007081,2007-07-15,9,14,15,19,24,33,13,120651274,5,58,17500
ssq,2007080,2007-07-12,1,8,16,18,19,29,4,105252328,7,125,17500
ssq,2007079,2007-07-10,3,4,14,20,21,25,14,103249956,1,41,17500
ssq,2007078,2007-07-08,4,6,7,23,25,32,1,121749606,3,23,17500
ssq,2007077,2007-07-05,6,8,14,21,28,29,2,107569632,2,68,17500
ssq,2007076,2007-07-03,6,12,15,16,20,31,2,106329426,0,29,17500
ssq,2007075,2007-07-01,13,16,17,22,30,32,3,125477334,2,34,17500
ssq,2007074,2007-06-28,8,13,15,25,27,28,3,108638452,5,47,17500
ssq,2007073,2007-06-26,5,9,11,19,28,31,2,109359702,4,55,17500
ssq,2007072,2007-06-24,2,4,8,13,14,33,16,131085768,5,40,17500
ssq,2007071,2007-06-21,1,6,14,21,30,31,9,116647272,4,37,17500
ssq,2007070,2007-06-19,6,8,15,17,18,30,12,114811644,4,54,17500
ssq,2007069,2007-06-17,3,4,11,12,14,32,12,137143568,4,17,17500
ssq,2007068,2007-06-14,11,18,19,22,23,28,1,109334584,1,24,17500
ssq,2007067,2007-06-12,6,11,13,17,21,23,11,106213796,1,27,17500
ssq,2007066,2007-06-10,5,11,16,24,32,33,8,122787844,1,49,17500
ssq,2007065,2007-06-07,4,7,19,21,25,31,7,106720024,6,69,17500
ssq,2007064,2007-06-05,2,6,9,16,21,23,16,107504678,1,23,17500
ssq,2007063,2007-06-03,10,15,17,24,26,28,12,124445210,3,48,17500
ssq,2007062,2007-05-31,8,17,20,29,30,33,9,106979026,2,30,17500
ssq,2007061,2007-05-29,1,6,7,11,20,23,5,107509478,0,25,17500
ssq,2007060,2007-05-27,1,2,8,16,19,29,5,122877416,1,42,17500
ssq,2007059,2007-05-24,1,3,4,6,7,29,14,107668468,0,12,17500
ssq,2007058,2007-05-22,7,8,10,13,25,27,7,106118326,6,85,17500
ssq,2007057,2007-05-20,5,11,18,19,20,21,9,125193540,3,27,17500
ssq,2007056,2007-05-17,14,17,21,29,31,32,12,111070368,1,26,17500
ssq,2007055,2007-05-15,2,6,11,22,28,29,2,109364728,2,66,17500
ssq,2007054,2007-05-13,1,3,16,18,23,28,5,126641628,1,35,17500
ssq,2007053,2007-05-10,10,13,16,17,18,27,11,109175190,2,19,17500
ssq,2007052,2007-05-08,2,3,7,8,26,29,7,107460952,2,25,17500
ssq,2007051,2007-05-06,3,14,16,26,27,33,13,128364720,6,30,17500
ssq,2007050,2007-05-03,1,5,8,13,18,25,2,105495070,3,87,17500
ssq,2007049,2007-05-01,4,14,18,19,31,33,2,109032730,2,39,17500
ssq,2007048,2007-04-29,2,11,12,15,17,28,12,136379094,5,56,17500
ssq,2007047,2007-04-26,2,4,16,18,23,30,6,119916622,3,57,17500
ssq,2007046,2007-04-24,2,6,7,9,19,26,14,119427296,4,54,17500
ssq,2007045,2007-04-22,1,12,18,21,28,30,10,136615924,2,71,17500
ssq,2007044,2007-04-19,9,13,20,21,24,32,8,124340438,1,47,17500
ssq,2007043,2007-04-17,3,8,10,11,14,30,5,122386058,4,39,17500
ssq,2007042,2007-04-15,3,13,16,19,32,33,8,142691830,0,27,17500
ssq,2007041,2007-04-12,1,3,9,11,26,31,12,121205882,1,47,17500
ssq,2007040,2007-04-10,13,14,15,19,24,30,10,118331436,0,45,17500
ssq,2007039,2007-04-08,6,7,19,24,27,29,1,143011060,5,82,17500
ssq,2007038,2007-04-05,3,11,14,19,21,30,5,119984574,3,26,17500
ssq,2007037,2007-04-03,10,11,16,23,31,33,16,116812284,0,12,17500
ssq,2007036,2007-04-01,3,14,21,23,30,31,10,134541242,1,18,17500
ssq,2007035,2007-03-29,1,4,8,12,29,31,6,114653702,2,15,17500
ssq,2007034,2007-03-27,2,9,12,14,23,25,16,114516916,0,61,17500
ssq,2007033,2007-03-25,3,4,11,17,18,28,9,134912082,8,103,17500
ssq,2007032,2007-03-22,4,8,16,24,30,32,16,119343222,7,50,17500
ssq,2007031,2007-03-20,4,6,10,12,19,31,1,117363182,2,41,17500
ssq,2007030,2007-03-18,3,16,21,22,27,30,4,133913730,2,51,17500
ssq,2007029,2007-03-15,6,8,9,11,19,21,10,113666804,2,64,17500
ssq,2007028,2007-03-13,3,8,13,20,29,30,11,116965154,5,69,17500
ssq,2007027,2007-03-11,2,3,9,22,24,27,11,128748636,0,25,17500
ssq,2007026,2007-03-08,1,4,14,16,26,29,10,109462504,2,51,17500
ssq,2007025,2007-03-06,3,16,18,22,23,26,3,104560512,5,50,17500
ssq,2007024,2007-03-04,8,9,17,25,27,32,6,121542842,3,52,17500
ssq,2007023,2007-03-01,3,7,13,17,32,33,2,112284838,1,38,17500
ssq,2007022,2007-02-27,2,4,7,10,18,27,10,107756880,8,52,17500
ssq,2007021,2007-02-25,3,6,9,11,25,31,13,113756430,4,30,17500
ssq,2007020,2007-02-15,5,10,16,20,28,31,14,126700040,1,86,17500
ssq,2007019,2007-02-13,4,11,16,23,29,31,14,115956594,3,210,17500
ssq,2007018,2007-02-11,1,12,18,20,21,26,11,133609680,7,77,17500
ssq,2007017,2007-02-08,5,9,10,24,25,32,14,114012860,3,46,17500
ssq,2007016,2007-02-06,1,18,20,22,26,33,5,116998640,8,35,17500
ssq,2007015,2007-02-04,3,4,8,18,22,30,15,139341652,2,72,17500
ssq,2007014,2007-02-01,1,13,16,20,24,26,9,115219742,2,33,17500
ssq,2007013,2007-01-30,5,15,18,27,29,32,5,115053692,1,45,17500
ssq,2007012,2007-01-28,3,5,7,21,26,28,4,134084158,1,26,17500
ssq,2007011,2007-01-25,3,10,15,25,28,33,16,115841486,1,24,17500
ssq,2007010,2007-01-23,3,8,14,17,30,32,5,115335536,3,37,17500
ssq,2007009,2007-01-21,2,4,14,15,25,27,15,132693662,3,78,17500
ssq,2007008,2007-01-18,1,4,5,18,19,25,10,116492752,2,38,17500
ssq,2007007,2007-01-16,4,12,15,17,22,32,14,111917406,3,31,17500
ssq,2007006,2007-01-14,6,10,14,22,26,27,11,130460716,7,82,17500
ssq,2007005,2007-01-11,1,5,6,16,24,30,12,113427606,1,28,17500
ssq,2007004,2007-01-09,3,7,10,13,25,33,10,109946044,3,38,17500
ssq,2007003,2007-01-07,5,9,11,12,22,27,15,129783464,2,98,17500
ssq,2007002,2007-01-04,5,6,14,20,21,22,1,112130528,1,45,17500
ssq,2007001,2007-01-02,2,4,9,10,20,26,14,107551896,1,40,17500
ssq,2006154,2006-12-31,7,14,18,20,30,33,13,141112320,4,34,17500
ssq,2006153,2006-12-28,1,7,11,20,30,33,10,116654792,2,26,17500
ssq,2006152,2006-12-26,1,14,20,25,27,31,15,119601334,2,29,17500
ssq,2006151,2006-12-24,1,3,4,6,16,22,8,138410226,3,29,17500
ssq,2006150,2006-12-21,8,9,12,18,25,27,12,115993740,3,84,17500
ssq,2006149,2006-12-19,2,3,5,11,15,32,15,115306168,3,34,17500
ssq,2006148,2006-12-17,4,8,12,13,23,29,1,132637320,2,64,17500
ssq,2006147,2006-12-14,1,4,15,17,27,31,1,116514674,3,62,17500
ssq,2006146,2006-12-12,3,9,13,23,28,30,5,115654738,3,62,17500
ssq,2006145,2006-12-10,2,7,23,26,28,31,7,132458778,2,33,17500
ssq,2006144,2006-12-07,4,10,13,16,22,29,6,114335670,0,29,17500
ssq,2006143,2006-12-05,1,15,20,29,31,32,8,112319084,1,19,17500
ssq,2006142,2006-12-03,10,16,19,22,26,27,16,129524666,5,50,17500
ssq,2006141,2006-11-30,16,18,22,23,25,31,11,113085938,4,18,17500
ssq,2006140,2006-11-28,1,8,11,18,19,23,5,113078350,4,46,17500
ssq,2006139,2006-11-26,7,8,14,21,23,25,5,131547148,1,62,17500
ssq,2006138,2006-11-23,4,9,11,17,18,26,8,117330686,8,65,17500
ssq,2006137,2006-11-21,10,14,17,21,27,31,9,114978368,7,31,17500
ssq,2006136,2006-11-19,11,15,17,21,22,24,5,134814524,1,33,17500
ssq,2006135,2006-11-16,4,19,21,22,23,31,4,117256018,1,11,17500
ssq,2006134,2006-11-14,10,13,18,26,28,30,12,117122256,3,26,17500
ssq,2006133,2006-11-12,4,6,20,25,29,31,3,132260424,0,29,17500
ssq,2006132,2006-11-09,6,14,22,26,30,33,1,112975272,0,19,17500
ssq,2006131,2006-11-07,3,4,9,22,26,33,1,109252010,0,30,17500
ssq,2006130,2006-11-05,1,12,21,22,30,32,2,127450422,2,36,17500
ssq,2006129,2006-11-02,9,14,18,22,27,29,12,114763814,18,192,17500
ssq,2006128,2006-10-31,4,15,21,30,31,33,5,112378664,2,27,17500
ssq,2006127,2006-10-29,3,4,11,17,19,30,1,132007038,1,68,17500
ssq,2006126,2006-10-26,2,8,13,16,24,33,9,112001142,5,32,17500
ssq,2006125,2006-10-24,15,19,23,30,32,33,6,108541420,0,23,17500
ssq,2006124,2006-10-22,12,13,14,18,31,32,13,126512484,3,33,17500
ssq,2006123,2006-10-19,2,3,20,25,28,32,6,109186124,0,29,17500
ssq,2006122,2006-10-17,4,5,6,8,22,24,3,106944306,6,26,17500
ssq,2006121,2006-10-15,3,4,6,27,31,33,6,121563190,0,20,17500
ssq,2006120,2006-10-12,6,8,14,15,24,33,9,106800148,16,45,17500
ssq,2006119,2006-10-10,1,2,14,20,27,30,2,104253630,3,18,17500
ssq,2006118,2006-10-08,1,3,7,8,10,30,5,120456838,1,38,17500
ssq,2006117,2006-10-05,6,14,20,22,23,26,9,102567054,0,27,17500
ssq,2006116,2006-10-03,5,16,21,22,32,33,9,98613202,4,19,17500
ssq,2006115,2006-10-01,1,10,20,26,28,29,15,124883314,8,26,17500
ssq,2006114,2006-09-28,8,10,14,20,27,29,16,108934344,2,38,17500
ssq,2006113,2006-09-26,5,14,17,18,28,33,2,107572058,4,43,17500
ssq,2006112,2006-09-24,4,9,13,15,31,33,11,125399344,2,24,17500
ssq,2006111,2006-09-21,1,8,11,16,17,22,15,108913454,2,57,17500
ssq,2006110,2006-09-19,9,12,14,18,27,33,13,109867074,0,37,17500
ssq,2006109,2006-09-17,1,5,17,18,23,26,13,126119150,1,55,17500
ssq,2006108,2006-09-14,2,6,8,20,24,30,9,109119888,6,39,17500
ssq,2006107,2006-09-12,1,6,8,13,17,30,7,104721686,4,52,17500
ssq,2006106,2006-09-10,2,12,14,19,28,33,10,125436850,3,43,17500
ssq,2006105,2006-09-07,5,12,14,15,20,31,1,107101384,0,24,17500
ssq,2006104,2006-09-05,3,7,22,27,28,31,11,103600434,1,27,17500
ssq,2006103,2006-09-03,12,14,15,25,28,31,6,121181078,1,33,17500
ssq,2006102,2006-08-31,1,4,13,19,20,24,11,101870248,0,29,17500
ssq,2006101,2006-08-29,9,12,20,26,27,28,16,103642530,3,34,17500
ssq,2006100,2006-08-27,1,11,18,26,30,32,3,121377382,0,26,17500
ssq,2006099,2006-08-24,9,12,18,23,24,27,5,104632276,3,37,17500
ssq,2006098,2006-08-22,6,7,10,11,18,23,16,106596798,2,49,17500
ssq,2006097,2006-08-20,11,14,15,20,26,27,12,121243358,0,36,17500
ssq,2006096,2006-08-17,1,5,9,13,18,33,14,104405910,0,92,17500
ssq,2006095,2006-08-15,1,3,17,20,21,29,16,102008350,0,22,17500
ssq,2006094,2006-08-13,15,16,17,18,24,33,13,118981520,1,22,17500
ssq,2006093,2006-08-10,2,12,16,18,19,23,5,103069550,0,27,17500
ssq,2006092,2006-08-08,2,8,11,16,20,21,14,100741394,1,27,17500
ssq,2006091,2006-08-06,7,8,12,21,22,24,7,117308110,1,45,17500
ssq,2006090,2006-08-03,2,11,15,20,23,29,11,96271594,3,59,17500
ssq,2006089,2006-08-01,1,13,16,18,19,22,1,94591130,2,32,17500
ssq,2006088,2006-07-30,3,11,20,24,25,26,1,114786458,5,27,17500
ssq,2006087,2006-07-27,4,5,8,9,12,30,5,100404616,2,32,17500
ssq,2006086,2006-07-25,4,6,10,24,26,31,6,100268238,3,43,17500
ssq,2006085,2006-07-23,2,6,18,21,24,25,8,113841824,3,30,17500
ssq,2006084,2006-07-20,1,12,17,21,25,28,12,95796786,5,24,17500
ssq,2006083,2006-07-18,7,9,18,19,26,29,10,94698606,7,66,17500
ssq,2006082,2006-07-16,3,13,15,23,28,29,9,110771614,8,86,17500
ssq,2006081,2006-07-13,14,16,18,21,22,32,4,94879564,1,31,17500
ssq,2006080,2006-07-11,15,17,20,22,26,29,9,95689488,1,8,17500
ssq,2006079,2006-07-09,6,11,13,17,20,32,8,113367342,3,53,17500
ssq,2006078,2006-07-06,3,5,17,22,31,33,12,96331128,2,45,17500
ssq,2006077,2006-07-04,8,9,12,13,19,33,9,95566810,0,21,17500
ssq,2006076,2006-07-02,4,10,17,21,29,32,14,111315098,7,48,17500
ssq,2006075,2006-06-29,10,21,22,23,25,33,11,98135212,1,18,17500
ssq,2006074,2006-06-27,1,3,15,19,25,33,4,120780908,0,22,17500
ssq,2006073,2006-06-25,5,13,16,18,27,29,12,113616244,4,74,17500
ssq,2006072,2006-06-22,2,3,5,20,21,24,8,97222706,0,14,17500
ssq,2006071,2006-06-20,5,11,12,19,29,31,1,98069610,2,46,17500
ssq,2006070,2006-06-18,2,3,11,13,20,27,2,117810232,2,49,17500
ssq,2006069,2006-06-15,5,16,20,22,29,30,8,103486846,1,18,17500
ssq,2006068,2006-06-13,3,7,10,14,30,33,10,101776294,2,40,17500
ssq,2006067,2006-06-11,7,8,11,16,17,24,13,119304720,0,36,17500
ssq,2006066,2006-06-08,6,8,11,18,30,33,5,105113854,1,22,17500
ssq,2006065,2006-06-06,4,8,17,28,29,30,13,105179330,2,39,17500
ssq,2006064,2006-06-04,3,12,14,21,24,28,11,120208036,4,76,17500
ssq,2006063,2006-06-01,4,5,15,21,23,24,8,101449632,2,18,17500
ssq,2006062,2006-05-30,18,22,23,24,26,30,1,103173418,0,16,17500
ssq,2006061,2006-05-28,5,13,17,19,25,30,11,119567188,3,45,17500
ssq,2006060,2006-05-25,5,15,19,23,30,32,14,103935570,1,33,17500
ssq,2006059,2006-05-23,5,10,15,17,27,29,11,100396304,3,60,17500
ssq,2006058,2006-05-21,1,12,22,23,24,25,14,116033720,2,50,17500
ssq,2006057,2006-05-18,3,4,17,18,21,31,8,99929702,3,30,17500
ssq,2006056,2006-05-16,11,13,15,21,23,25,8,103929956,10,76,17500
ssq,2006055,2006-05-14,4,5,28,29,31,33,11,119895110,5,29,17500
ssq,2006054,2006-05-11,3,5,7,10,28,30,4,103152448,3,47,17500
ssq,2006053,2006-05-09,1,11,17,27,28,31,2,100676240,7,59,17500
ssq,2006052,2006-05-07,11,24,26,27,30,32,3,118886736,1,27,17500
ssq,2006051,2006-05-04,2,6,7,17,27,30,16,97800512,1,30,17500
ssq,2006050,2006-05-02,2,6,12,15,25,31,7,94915860,1,39,17500
ssq,2006049,2006-04-30,6,10,12,13,17,20,3,123714924,3,29,17500
ssq,2006048,2006-04-27,9,13,19,25,29,32,12,108892170,3,20,17500
ssq,2006047,2006-04-25,2,17,20,22,28,32,3,109048914,2,20,17500
ssq,2006046,2006-04-23,13,18,23,29,31,32,8,128175586,3,22,17500
ssq,2006045,2006-04-20,6,7,10,14,20,21,4,109852122,0,53,17500
ssq,2006044,2006-04-18,2,10,18,21,30,31,5,107026164,0,24,17500
ssq,2006043,2006-04-16,5,12,13,16,23,32,3,125637310,2,36,17500
ssq,2006042,2006-04-13,3,16,23,26,28,31,11,105723260,1,7,17500
ssq,2006041,2006-04-11,3,10,16,18,21,28,4,105725214,2,49,17500
ssq,2006040,2006-04-09,15,22,25,26,28,33,3,123352566,0,20,17500
ssq,2006039,2006-04-06,16,19,22,28,31,32,3,106258396,1,18,17500
ssq,2006038,2006-04-04,2,14,17,19,22,30,10,101996466,2,32,17500
ssq,2006037,2006-04-02,2,12,23,24,25,32,14,124438394,1,59,17500
ssq,2006036,2006-03-30,4,7,10,16,17,21,9,109841862,1,38,17500
ssq,2006035,2006-03-28,3,9,13,21,27,29,13,107522946,2,117,17500
ssq,2006034,2006-03-26,2,10,15,16,17,33,13,128871804,4,38,17500
ssq,2006033,2006-03-23,15,20,22,23,27,31,6,111163226,0,5,17500
ssq,2006032,2006-03-21,5,18,20,24,26,31,9,110906190,4,24,17500
ssq,2006031,2006-03-19,3,10,12,16,31,32,14,124118424,0,16,17500
ssq,2006030,2006-03-16,8,13,15,17,20,32,14,104007536,0,21,17500
ssq,2006029,2006-03-14,3,4,7,9,14,19,8,101076256,3,28,17500
ssq,2006028,2006-03-12,5,7,14,16,17,27,4,101076256,3,28,17500
ssq,2006027,2006-03-09,6,8,11,14,16,27,15,105074006,2,27,17500
ssq,2006026,2006-03-07,1,2,18,22,29,32,3,101697504,2,19,17500
ssq,2006025,2006-03-05,3,4,17,19,24,32,5,114242160,2,26,17500
ssq,2006024,2006-03-02,2,7,9,11,21,27,6,99899450,2,43,17500
ssq,2006023,2006-02-28,4,13,14,19,23,28,8,94622606,6,32,17500
ssq,2006022,2006-02-26,2,3,4,13,16,27,13,109077186,0,17,17500
ssq,2006021,2006-02-23,1,2,5,20,21,22,9,94454936,2,26,17500
ssq,2006020,2006-02-21,5,9,21,23,26,29,6,93253284,1,39,17500
ssq,2006019,2006-02-19,4,6,13,22,26,32,7,105480332,2,21,17500
ssq,2006018,2006-02-16,1,13,14,17,24,26,5,87008450,0,17,17500
ssq,2006017,2006-02-14,3,4,8,31,32,33,2,89616926,2,28,17500
ssq,2006016,2006-02-12,1,7,13,17,23,30,16,103427620,2,105,17500
ssq,2006015,2006-02-09,2,3,9,15,29,32,3,88355360,5,22,17500
ssq,2006014,2006-02-07,6,14,26,29,32,33,7,82668894,2,12,17500
ssq,2006013,2006-02-05,1,5,6,12,16,21,11,84977250,1,30,17500
ssq,2006012,2006-01-26,9,11,13,27,31,33,10,101562774,3,28,17500
ssq,2006011,2006-01-24,5,7,8,14,27,31,11,89227522,2,28,17500
ssq,2006010,2006-01-22,4,6,12,19,27,29,8,110089308,17,93,17500
ssq,2006009,2006-01-19,5,6,8,20,26,30,6,91943224,4,51,17500
ssq,2006008,2006-01-17,3,5,9,18,28,32,16,91800142,9,117,17500
ssq,2006007,2006-01-15,4,16,18,27,32,33,7,111611858,2,22,17500
ssq,2006006,2006-01-12,8,21,22,23,26,32,14,95871778,3,14,17500
ssq,2006005,2006-01-10,3,19,20,24,26,27,11,95099522,2,20,17500
ssq,2006004,2006-01-08,4,8,17,27,28,31,7,110726140,7,61,17500
ssq,2006003,2006-01-05,2,4,5,6,16,20,12,97626902,1,17,17500
ssq,2006002,2006-01-03,7,13,16,21,26,28,9,94624640,5,34,17500
ssq,2006001,2006-01-01,1,12,15,19,21,28,3,118081372,2,21,17500
ssq,2005153,2005-12-29,4,5,7,21,26,29,1,97908590,1,16,17500
ssq,2005152,2005-12-27,1,5,12,14,21,27,3,94543810,8,46,17500
ssq,2005151,2005-12-25,4,11,12,13,19,30,5,112380820,3,56,17500
ssq,2005150,2005-12-22,3,7,10,14,18,20,2,94339478,1,54,17500
ssq,2005149,2005-12-20,11,16,21,23,25,32,7,93699080,2,27,17500
ssq,2005148,2005-12-18,3,15,17,23,24,29,13,107658676,3,47,17500
ssq,2005147,2005-12-15,6,7,15,27,28,30,10,92151598,0,27,17500
ssq,2005146,2005-12-13,7,11,19,20,24,28,2,91683000,3,39,17500
ssq,2005145,2005-12-11,3,7,8,17,20,28,15,107763236,5,64,17500
ssq,2005144,2005-12-08,1,8,14,15,19,27,9,93615492,3,33,17500
ssq,2005143,2005-12-06,3,10,15,17,20,32,8,89833786,3,16,17500
ssq,2005142,2005-12-04,7,10,12,17,22,29,5,107920884,6,33,17500
ssq,2005141,2005-12-01,3,5,8,12,16,19,15,98736818,4,55,17500
ssq,2005140,2005-11-29,4,6,7,8,12,17,7,97816778,1,17,17500
ssq,2005139,2005-11-27,2,7,20,23,32,33,10,113954368,4,19,17500
ssq,2005138,2005-11-24,3,5,6,11,20,22,13,99148234,0,34,17500
ssq,2005137,2005-11-22,3,9,15,23,25,33,12,94838566,2,36,17500
ssq,2005136,2005-11-20,5,14,16,18,25,27,13,110922040,2,46,17500
ssq,2005135,2005-11-17,1,5,13,15,21,25,11,98055380,2,15,17500
ssq,2005134,2005-11-15,4,13,14,18,26,30,1,96024468,0,27,17500
ssq,2005133,2005-11-13,1,7,14,16,18,25,11,112647856,2,108,17500
ssq,2005132,2005-11-10,2,4,10,18,27,29,15,94130152,0,22,17500
ssq,2005131,2005-11-08,2,7,10,11,12,24,3,92470384,1,47,17500
ssq,2005130,2005-11-06,3,5,9,15,20,25,16,107409392,6,104,17500
ssq,2005129,2005-11-03,5,10,14,20,27,33,3,92402414,1,40,17500
ssq,2005128,2005-11-01,2,4,14,23,29,33,15,90364038,7,23,17500
ssq,2005127,2005-10-30,4,6,11,14,23,25,12,100319936,2,22,17500
ssq,2005126,2005-10-27,2,8,13,19,25,26,9,89725146,13,148,17500
ssq,2005125,2005-10-25,6,14,18,28,31,32,3,87866546,5,10,17500
ssq,2005124,2005-10-23,5,6,10,19,31,33,11,100141228,3,34,17500
ssq,2005123,2005-10-20,11,12,13,17,18,25,7,88748762,4,32,17500
ssq,2005122,2005-10-18,1,4,7,14,30,32,9,86580310,1,11,17500
ssq,2005121,2005-10-16,1,7,20,25,31,32,12,98424618,1,9,17500
ssq,2005120,2005-10-13,1,6,13,18,30,32,14,85309164,0,15,17500
ssq,2005119,2005-10-11,1,7,11,18,20,22,2,84606492,1,73,17500
ssq,2005118,2005-10-09,4,9,12,15,26,31,16,100005930,3,113,17500
ssq,2005117,2005-10-06,6,17,22,27,28,32,3,88046422,1,34,17500
ssq,2005116,2005-10-04,4,6,8,14,15,30,10,82761716,2,14,17500
ssq,2005115,2005-10-02,3,12,18,23,30,33,2,100744056,2,27,17500
ssq,2005114,2005-09-29,6,7,10,15,21,27,6,83220546,2,20,17500
ssq,2005113,2005-09-27,15,18,20,22,26,27,3,84045660,4,11,17500
ssq,2005112,2005-09-25,4,12,22,28,29,30,16,96648022,0,24,17500
ssq,2005111,2005-09-22,3,7,15,16,19,29,9,84986902,1,24,17500
ssq,2005110,2005-09-20,7,10,16,19,24,25,9,80799964,2,24,17500
ssq,2005109,2005-09-18,3,5,13,15,17,31,4,95781382,1,17,17500
ssq,2005108,2005-09-15,3,10,12,24,29,30,6,84723006,4,24,17500
ssq,2005107,2005-09-13,9,10,20,24,25,26,11,84794920,3,35,17500
ssq,2005106,2005-09-11,1,11,13,24,26,31,13,99286104,6,35,17500
ssq,2005105,2005-09-08,4,15,23,30,32,33,3,87687830,2,14,17500
ssq,2005104,2005-09-06,2,4,21,23,30,33,9,87523934,1,7,17500
ssq,2005103,2005-09-04,4,7,16,18,23,30,7,101882938,7,72,17500
ssq,2005102,2005-09-01,2,5,6,14,24,31,12,85261292,0,7,17500
ssq,2005101,2005-08-30,9,16,19,21,22,24,12,83203780,0,17,17500
ssq,2005100,2005-08-28,2,4,9,14,16,31,3,98607066,0,19,17500
ssq,2005099,2005-08-25,10,13,16,22,24,31,9,84539242,3,12,17500
ssq,2005098,2005-08-23,12,15,19,22,31,33,1,82354218,2,18,17500
ssq,2005097,2005-08-21,5,10,23,27,28,30,15,95744622,4,19,17500
ssq,2005096,2005-08-18,4,5,17,18,26,33,4,85977004,1,28,17500
ssq,2005095,2005-08-16,9,12,18,21,28,29,5,81902156,0,27,17500
ssq,2005094,2005-08-14,3,5,9,23,27,33,3,92955416,0,16,17500
ssq,2005093,2005-08-11,4,6,17,23,25,29,14,81066546,2,61,17500
ssq,2005092,2005-08-09,8,13,19,26,28,31,10,82564864,4,25,17500
ssq,2005091,2005-08-07,1,11,12,15,26,27,13,95665834,2,28,17500
ssq,2005090,2005-08-04,1,9,21,25,29,32,3,82913536,1,10,17500
ssq,2005089,2005-08-02,5,19,20,23,26,31,12,79337620,0,25,17500
ssq,2005088,2005-07-31,1,3,7,18,20,24,7,90904986,1,27,17500
ssq,2005087,2005-07-28,8,9,15,16,23,26,8,79213276,1,37,17500
ssq,2005086,2005-07-26,7,11,12,24,27,29,12,77364602,5,61,17500
ssq,2005085,2005-07-24,8,9,13,14,20,22,12,89568388,1,47,17500
ssq,2005084,2005-07-21,1,2,7,15,19,20,3,78941520,8,28,17500
ssq,2005083,2005-07-19,3,5,9,14,16,30,13,76251350,3,25,17500
ssq,2005082,2005-07-17,1,7,11,14,19,20,12,90397368,1,40,17500
ssq,2005081,2005-07-14,2,4,10,12,26,30,3,78229226,2,37,17500
ssq,2005080,2005-07-12,1,12,14,26,27,32,16,77732422,1,27,17500
ssq,2005079,2005-07-10,3,9,20,24,25,28,5,90690486,2,24,17500
ssq,2005078,2005-07-07,3,11,15,20,26,32,11,78597462,1,24,17500
ssq,2005077,2005-07-05,8,17,22,24,32,33,16,76776232,1,25,17500
ssq,2005076,2005-07-03,4,9,11,22,25,28,13,89406860,1,45,17500
ssq,2005075,2005-06-30,11,13,14,16,18,31,14,77727922,2,14,17500
ssq,2005074,2005-06-28,6,9,18,20,26,29,9,77117314,4,26,17500
ssq,2005073,2005-06-26,1,6,8,9,18,20,1,91231396,2,29,17500
ssq,2005072,2005-06-23,6,10,19,20,24,33,11,79624618,3,38,17500
ssq,2005071,2005-06-21,4,8,12,14,16,22,10,76440970,0,15,17500
ssq,2005070,2005-06-19,3,4,8,14,16,26,4,93029490,2,21,17500
ssq,2005069,2005-06-16,7,9,21,24,31,33,12,77421708,0,17,17500
ssq,2005068,2005-06-14,1,8,10,13,25,33,13,76931454,3,20,17500
ssq,2005067,2005-06-12,3,12,16,20,21,26,16,91360150,2,40,17500
ssq,2005066,2005-06-09,2,4,10,11,25,28,5,78834656,2,30,17500
ssq,2005065,2005-06-07,12,16,17,21,22,23,16,78406326,2,17,17500
ssq,2005064,2005-06-05,10,18,23,27,30,32,8,91725346,1,22,17500
ssq,2005063,2005-06-02,2,11,13,18,22,30,4,78062342,2,14,17500
ssq,2005062,2005-05-31,2,7,11,12,20,23,7,78069394,4,32,17500
ssq,2005061,2005-05-29,5,9,14,21,23,24,1,91763234,0,20,17500
ssq,2005060,2005-05-26,9,12,21,25,31,33,13,80020874,3,17,17500
ssq,2005059,2005-05-24,7,11,14,18,24,29,7,78358206,5,63,17500
ssq,2005058,2005-05-22,4,6,10,21,25,26,10,93045298,1,36,17500
ssq,2005057,2005-05-19,5,6,10,15,30,31,13,79892628,1,20,17500
ssq,2005056,2005-05-17,12,17,19,27,29,31,9,76174508,4,46,17500
ssq,2005055,2005-05-15,5,20,22,30,32,33,9,93309308,2,20,17500
ssq,2005054,2005-05-12,5,13,17,18,21,29,14,81854430,1,34,17500
ssq,2005053,2005-05-10,4,7,10,14,27,29,9,76967356,3,25,17500
ssq,2005052,2005-05-08,1,2,14,17,30,32,1,90275684,1,20,17500
ssq,2005051,2005-05-05,3,6,14,19,20,21,2,72706272,1,43,17500
ssq,2005050,2005-05-03,2,9,12,20,26,32,13,68676002,0,23,17500
ssq,2005049,2005-05-01,2,3,8,10,25,27,12,87276712,1,9,17500
ssq,2005048,2005-04-28,6,7,8,10,16,28,2,80188244,0,29,17500
ssq,2005047,2005-04-26,2,3,5,7,8,27,15,77150922,0,22,17500
ssq,2005046,2005-04-24,9,16,18,20,22,24,5,91639786,1,23,17500
ssq,2005045,2005-04-21,1,7,10,15,18,20,10,77512424,0,19,17500
ssq,2005044,2005-04-19,1,6,16,17,18,22,9,70627418,0,32,17500
ssq,2005043,2005-04-17,4,5,6,7,8,32,5,91903906,7,14,17500
ssq,2005042,2005-04-14,11,16,21,26,27,30,15,79192448,2,24,17500
ssq,2005041,2005-04-12,2,11,16,23,24,29,3,78144480,3,36,17500
ssq,2005040,2005-04-10,1,12,21,24,30,32,13,89311042,1,14,17500
ssq,2005039,2005-04-07,2,16,18,19,21,29,9,78209132,2,18,17500
ssq,2005038,2005-04-05,4,7,11,20,27,28,16,76754210,2,69,17500
ssq,2005037,2005-04-03,7,12,14,22,24,32,16,88843416,1,25,17500
ssq,2005036,2005-03-31,12,19,20,21,26,31,15,76548738,0,21,17500
ssq,2005035,2005-03-29,12,16,21,28,29,30,14,73995036,1,15,17500
ssq,2005034,2005-03-27,5,17,18,25,28,32,9,92625150,8,54,17500
ssq,2005033,2005-03-24,7,8,12,14,19,20,7,76996234,0,10,17500
ssq,2005032,2005-03-22,5,15,19,20,25,29,3,75420852,4,52,17500
ssq,2005031,2005-03-20,4,10,16,20,23,32,7,88181316,1,44,17500
ssq,2005030,2005-03-17,1,5,9,14,22,28,5,78215814,3,34,17500
ssq,2005029,2005-03-15,2,14,21,22,27,30,14,73015078,0,12,17500
ssq,2005028,2005-03-13,4,9,22,25,26,32,10,83942448,1,18,17500
ssq,2005027,2005-03-10,1,3,4,6,21,32,15,74896882,1,12,17500
ssq,2005026,2005-03-08,6,12,14,20,25,26,7,72124158,1,24,17500
ssq,2005025,2005-03-06,1,7,10,11,13,32,7,83986854,1,18,17500
ssq,2005024,2005-03-03,5,9,14,27,31,32,13,72808046,4,37,17500
ssq,2005023,2005-03-01,10,15,19,20,21,25,12,70112088,4,20,17500
ssq,2005022,2005-02-27,8,10,12,21,32,33,4,87869528,8,52,17500
ssq,2005021,2005-02-24,2,6,24,26,30,31,16,74925080,0,5,17500
ssq,2005020,2005-02-22,14,16,19,20,25,29,5,71772338,1,27,17500
ssq,2005019,2005-02-20,6,11,12,13,19,22,8,80017318,1,17,17500
ssq,2005018,2005-02-17,1,3,6,22,23,25,6,70853674,1,22,17500
ssq,2005017,2005-02-08,2,6,10,25,27,31,3,69139166,2,17,17500
ssq,2005016,2005-02-06,1,5,6,12,16,30,15,85896264,0,27,17500
ssq,2005015,2005-02-03,4,8,9,16,17,29,15,71767638,1,43,17500
ssq,2005014,2005-02-01,13,19,21,23,30,32,5,70400450,3,18,17500
ssq,2005013,2005-01-30,7,8,16,19,20,24,6,85862110,9,62,17500
ssq,2005012,2005-01-27,2,3,6,16,22,31,5,73524782,2,50,17500
ssq,2005011,2005-01-25,9,11,13,15,22,30,15,70934662,1,15,17500
ssq,2005010,2005-01-23,8,10,11,18,25,26,1,86560850,5,65,17500
ssq,2005009,2005-01-20,2,17,22,27,29,31,14,74072772,1,11,17500
ssq,2005008,2005-01-18,11,19,22,27,32,33,11,72041750,1,26,17500
ssq,2005007,2005-01-16,7,15,17,20,23,33,15,86322510,2,15,17500
ssq,2005006,2005-01-13,2,4,5,15,21,31,16,74203108,2,14,17500
ssq,2005005,2005-01-11,5,9,20,26,28,33,15,70647958,2,61,17500
ssq,2005004,2005-01-09,1,4,8,9,22,23,3,87357176,4,42,17500
ssq,2005003,2005-01-06,9,12,15,19,22,31,16,74532408,6,26,17500
ssq,2005002,2005-01-04,6,9,20,26,28,33,14,69161632,1,28,17500
ssq,2005001,2005-01-02,1,7,8,23,27,28,14,82345328,0,24,17500
ssq,2004122,2004-12-30,3,11,14,22,24,31,15,73723296,2,33,17500
ssq,2004121,2004-12-28,7,13,16,18,30,32,10,71029820,1,17,17500
ssq,2004120,2004-12-26,7,8,18,21,27,32,10,87000158,2,24,17500
ssq,2004119,2004-12-23,6,9,18,20,25,33,6,74319134,0,26,17500
ssq,2004118,2004-12-21,3,4,7,12,30,31,15,73120372,1,17,17500
ssq,2004117,2004-12-19,1,3,7,14,24,25,7,88600982,1,16,17500
ssq,2004116,2004-12-16,1,3,5,8,14,33,3,76958968,0,15,17500
ssq,2004115,2004-12-14,2,16,20,30,31,33,1,73673592,0,9,17500
ssq,2004114,2004-12-12,1,6,9,17,21,22,1,90387406,2,14,17500
ssq,2004113,2004-12-09,8,10,23,25,31,32,7,78297556,1,20,17500
ssq,2004112,2004-12-07,9,13,15,21,26,33,6,73167518,2,65,17500
ssq,2004111,2004-12-05,11,16,18,20,26,31,2,85650300,1,24,17500
ssq,2004110,2004-12-02,14,19,20,21,22,31,11,75845326,0,15,17500
ssq,2004109,2004-11-30,6,8,10,17,30,31,14,70969916,0,18,17500
ssq,2004108,2004-11-28,8,13,14,27,28,31,12,87178712,10,197,17500
ssq,2004107,2004-11-25,1,8,12,13,18,20,7,73766690,1,38,17500
ssq,2004106,2004-11-23,10,15,23,26,28,29,12,73170708,1,7,17500
ssq,2004105,2004-11-21,7,9,10,21,23,30,12,88083126,0,25,17500
ssq,2004104,2004-11-18,7,11,17,18,24,29,5,77680562,17,360,17500
ssq,2004103,2004-11-16,2,3,5,9,16,21,2,78484502,1,11,17500
ssq,2004102,2004-11-14,3,9,12,15,28,32,1,94949994,0,33,17500
ssq,2004101,2004-11-11,2,9,14,19,25,26,15,70744348,1,23,17500
ssq,2004100,2004-11-09,6,8,9,14,24,33,15,68740958,1,17,17500
ssq,2004099,2004-11-07,5,10,21,22,26,33,2,80866870,0,16,17500
ssq,2004098,2004-11-04,3,12,13,25,26,31,3,70521134,1,21,17500
ssq,2004097,2004-11-02,10,19,20,26,29,31,14,67373290,1,45,17500
ssq,2004096,2004-10-31,1,4,12,16,20,30,15,80026728,0,22,17500
ssq,2004095,2004-10-28,19,22,27,28,30,32,1,71852542,1,17,17500
ssq,2004094,2004-10-26,5,9,10,13,24,25,8,67261634,2,26,17500
ssq,2004093,2004-10-24,11,14,20,27,32,33,5,79237088,0,8,17500
ssq,2004092,2004-10-21,1,4,8,13,28,31,2,68711350,0,18,17500
ssq,2004091,2004-10-19,9,13,14,21,30,33,1,65871134,0,18,17500
ssq,2004090,2004-10-17,1,18,20,24,32,33,12,78631066,0,6,17500
ssq,2004089,2004-10-14,14,17,20,25,28,30,14,67942334,0,23,17500
ssq,2004088,2004-10-12,2,10,19,22,24,32,14,63311248,0,8,17500
ssq,2004087,2004-10-10,1,3,7,8,25,26,14,79731102,2,32,17500
ssq,2004086,2004-10-07,10,13,18,19,25,27,1,64152202,1,19,17500
ssq,2004085,2004-10-05,3,8,11,29,30,32,1,58608118,0,12,17500
ssq,2004084,2004-10-03,1,4,8,11,21,25,14,71287498,4,26,17500
ssq,2004083,2004-09-30,14,16,27,28,30,33,6,67740048,0,13,17500
ssq,2004082,2004-09-28,3,20,24,27,29,30,15,66973086,1,10,17500
ssq,2004081,2004-09-26,3,5,21,24,27,32,6,80066860,0,23,17500
ssq,2004080,2004-09-23,3,8,20,23,24,26,16,70123190,1,19,17500
ssq,2004079,2004-09-21,7,13,14,17,19,30,3,63685518,0,18,17500
ssq,2004078,2004-09-19,4,5,10,21,24,26,5,79354040,0,19,17500
ssq,2004077,2004-09-16,8,9,10,14,16,26,7,69121428,0,23,17500
ssq,2004076,2004-09-14,3,5,13,17,25,31,7,63859190,0,46,17500
ssq,2004075,2004-09-12,7,18,21,26,27,28,7,78991502,1,15,17500
ssq,2004074,2004-09-09,5,6,15,19,26,29,13,68096176,1,48,17500
ssq,2004073,2004-09-07,2,7,13,16,23,28,16,61137370,2,48,17500
ssq,2004072,2004-09-05,8,15,18,28,30,33,14,77849352,0,17,17500
ssq,2004071,2004-09-02,3,8,16,17,21,29,6,67283612,2,71,17500
ssq,2004070,2004-08-31,10,12,21,22,30,33,6,57522300,1,24,17500
ssq,2004069,2004-08-29,2,11,15,20,22,29,5,75514566,0,32,17500
ssq,2004068,2004-08-26,2,8,11,13,24,31,15,65964386,2,19,17500
ssq,2004067,2004-08-24,1,6,7,13,16,32,4,52451144,0,10,17500
ssq,2004066,2004-08-22,5,13,20,23,24,25,3,79363542,1,12,17500
ssq,2004065,2004-08-19,13,14,27,29,32,33,8,81729668,2,12,17500
ssq,2004064,2004-08-15,14,15,18,20,27,31,4,80884374,0,13,17500
ssq,2004063,2004-08-12,7,10,13,16,27,28,7,80827418,3,17,17500
ssq,2004062,2004-08-08,1,12,25,27,28,29,13,80873918,1,29,17500
ssq,2004061,2004-08-05,13,16,19,20,23,33,9,83100610,0,14,17500
ssq,2004060,2004-08-01,3,5,11,24,27,28,15,82300446,1,24,17500
ssq,2004059,2004-07-29,4,7,11,19,23,26,10,81550264,2,60,17500
ssq,2004058,2004-07-25,1,8,11,12,27,31,12,78945786,0,63,17500
ssq,2004057,2004-07-22,5,21,23,25,28,32,4,78588992,1,12,17500
ssq,2004056,2004-07-18,1,20,21,25,29,30,2,82258324,4,34,17500
ssq,2004055,2004-07-15,6,8,19,25,29,32,7,82803812,1,20,17500
ssq,2004054,2004-07-11,9,11,14,16,27,28,11,79867882,1,29,17500
ssq,2004053,2004-07-08,2,3,4,9,24,25,2,80917678,0,22,17500
ssq,2004052,2004-07-04,1,12,14,15,17,29,9,78771600,0,9,17500
ssq,2004051,2004-07-01,2,3,9,10,15,29,11,77098174,0,18,17500
ssq,2004050,2004-06-27,6,7,19,21,25,29,2,79279672,0,38,17500
ssq,2004049,2004-06-24,11,12,14,16,25,29,9,82759940,1,14,17500
ssq,2004048,2004-06-20,8,9,11,16,17,29,9,82446706,8,58,17500
ssq,2004047,2004-06-17,1,7,8,11,27,31,6,83699424,4,48,17500
ssq,2004046,2004-06-13,7,15,16,22,23,32,14,84024020,2,66,17500
ssq,2004045,2004-06-10,1,12,18,26,27,28,13,87139276,3,40,17500
ssq,2004044,2004-06-06,2,6,7,12,31,32,5,88925916,3,46,17500
ssq,2004043,2004-06-03,4,9,10,21,22,24,10,88243112,4,79,17500
ssq,2004042,2004-05-30,6,10,13,17,18,21,2,86844222,0,27,17500
ssq,2004041,2004-05-27,8,10,17,22,25,29,14,87199902,0,16,17500
ssq,2004040,2004-05-23,7,17,19,20,21,29,11,88282398,1,57,17500
ssq,2004039,2004-05-20,10,16,18,25,26,29,3,89037042,1,24,17500
ssq,2004038,2004-05-16,11,16,17,25,28,29,7,88138308,1,40,17500
ssq,2004037,2004-05-13,3,4,11,17,20,26,5,88267394,1,36,17500
ssq,2004036,2004-05-09,2,13,17,18,26,30,1,91493038,0,28,17500
ssq,2004035,2004-05-06,2,8,26,27,30,32,16,80558094,2,31,17500
ssq,2004034,2004-05-02,2,7,13,20,27,30,14,87333028,4,57,17500
ssq,2004033,2004-04-29,1,4,8,9,19,20,1,95181550,2,43,17500
ssq,2004032,2004-04-25,2,5,8,11,15,31,13,95382618,4,45,17500
ssq,2004031,2004-04-22,3,6,19,20,21,24,11,93249470,0,6,17500
ssq,2004030,2004-04-18,1,7,9,17,26,31,5,85809328,0,38,17500
ssq,2004029,2004-04-15,9,13,20,22,24,32,5,88313002,3,27,17500
ssq,2004028,2004-04-11,1,2,3,5,10,22,12,91292310,2,17,17500
ssq,2004027,2004-04-08,1,5,9,10,18,32,11,89134080,5,13,17500
ssq,2004026,2004-04-04,4,10,14,18,28,32,15,92237208,3,65,17500
ssq,2004025,2004-04-01,7,8,10,24,29,33,4,96888986,4,43,17500
ssq,2004024,2004-03-28,1,13,21,23,25,32,6,86812189,0,5,17500
ssq,2004023,2004-03-25,1,8,14,17,19,30,3,76833710,0,11,17500
ssq,2004022,2004-03-21,3,10,14,19,20,30,6,75568694,3,54,17500
ssq,2004021,2004-03-18,5,9,11,17,26,27,10,73472684,0,26,17500
ssq,2004020,2004-03-14,1,2,9,22,28,31,4,72242026,0,22,17500
ssq,2004019,2004-03-11,5,10,11,23,24,32,4,70336884,2,34,17500
ssq,2004018,2004-03-07,2,5,6,8,28,30,6,66466596,2,25,17500
ssq,2004017,2004-03-04,5,12,14,15,25,31,9,64576288,1,30,17500
ssq,2004016,2004-02-29,4,7,8,28,30,32,5,64489348,0,17,17500
ssq,2004015,2004-02-26,1,3,5,18,22,23,13,67256520,1,17,17500
ssq,2004014,2004-02-22,3,7,11,17,20,26,12,63952992,5,39,17500
ssq,2004013,2004-02-19,12,14,21,29,30,32,13,64366718,0,19,17500
ssq,2004012,2004-02-15,1,7,27,30,31,33,8,63403910,2,12,17500
ssq,2004011,2004-02-12,1,4,13,23,28,30,3,64816706,0,3,17500
ssq,2004010,2004-02-08,6,7,8,13,14,19,15,63960828,6,75,17500
ssq,2004009,2004-02-05,1,9,10,16,22,24,11,62089966,1,15,17500
ssq,2004008,2004-02-01,1,7,10,22,32,33,13,56569688,4,26,17500
ssq,2004007,2004-01-29,4,12,17,20,25,28,9,55455670,1,18,17500
ssq,2004006,2004-01-18,4,12,18,20,23,32,6,70062020,0,22,17500
ssq,2004005,2004-01-15,9,11,13,16,17,18,7,67960088,7,37,17500
ssq,2004004,2004-01-11,10,19,22,23,25,29,9,68221230,3,11,17500
ssq,2004003,2004-01-08,3,5,6,17,26,33,8,68220442,5,36,17500
ssq,2004002,2004-01-04,10,12,18,22,30,31,11,68295172,4,18,17500
ssq,2004001,2004-01-01,1,2,3,7,10,25,7,66703336,0,13,17500
ssq,2003089,2003-12-28,18,19,21,26,27,33,16,0,0,0,17500
ssq,2003088,2003-12-25,3,10,21,22,24,33,12,0,0,0,17500
ssq,2003087,2003-12-21,2,3,4,5,24,28,13,0,0,0,17500
ssq,2003086,2003-12-18,5,12,16,18,26,30,13,0,0,0,17500
ssq,2003085,2003-12-14,1,4,11,12,19,27,14,0,0,0,17500
ssq,2003084,2003-12-11,2,6,7,10,17,33,3,0,0,0,17500
ssq,2003083,2003-12-07,1,3,14,18,26,28,1,0,0,0,17500
ssq,2003082,2003-12-04,7,17,18,19,30,31,14,0,0,0,17500
ssq,2003081,2003-11-30,1,2,14,26,29,30,7,0,0,0,17500
ssq,2003080,2003-11-27,9,20,24,25,28,30,10,0,0,0,17500
ssq,2003079,2003-11-23,12,15,22,23,26,31,4,0,0,0,17500
ssq,2003078,2003-11-20,7,12,23,26,29,30,11,0,0,0,17500
ssq,2003077,2003-11-16,4,12,16,22,24,25,6,0,0,0,17500
ssq,2003076,2003-11-13,1,13,16,18,20,29,2,0,0,0,17500
ssq,2003075,2003-11-09,16,17,19,22,31,33,11,0,0,0,17500
ssq,2003074,2003-11-06,2,12,19,22,27,32,1,0,0,0,17500
ssq,2003073,2003-11-02,2,12,14,21,23,30,13,0,0,0,17500
ssq,2003072,2003-10-30,3,6,8,11,19,27,11,0,0,0,17500
ssq,2003071,2003-10-26,9,11,12,14,15,33,11,0,0,0,17500
ssq,2003070,2003-10-23,1,2,4,17,18,19,8,0,0,0,17500
ssq,2003069,2003-10-19,7,11,16,19,26,28,11,0,0,0,17500
ssq,2003068,2003-10-16,9,19,25,27,32,33,11,0,0,0,17500
ssq,2003067,2003-10-12,5,11,12,13,27,31,10,0,0,0,17500
ssq,2003066,2003-10-09,3,7,8,20,24,32,14,0,0,0,17500
ssq,2003065,2003-10-05,6,15,16,17,30,33,11,0,0,0,17500
ssq,2003064,2003-10-02,4,6,8,12,15,30,1,0,0,0,17500
ssq,2003063,2003-09-28,5,8,9,14,21,33,11,0,0,0,17500
ssq,2003062,2003-09-25,1,6,12,19,20,32,14,0,0,0,17500
ssq,2003061,2003-09-21,3,5,20,21,28,32,2,0,0,0,17500
ssq,2003060,2003-09-18,2,4,6,17,21,28,11,0,0,0,17500
ssq,2003059,2003-09-14,2,3,5,6,18,30,4,0,0,0,17500
ssq,2003058,2003-09-11,9,11,16,28,32,33,2,0,0,0,17500
ssq,2003057,2003-09-07,18,19,24,25,30,31,16,0,0,0,17500
ssq,2003056,2003-09-04,8,17,21,26,28,29,7,0,0,0,17500
ssq,2003055,2003-08-31,6,13,16,21,28,31,16,0,0,0,17500
ssq,2003054,2003-08-28,2,5,9,21,31,33,12,0,0,0,17500
ssq,2003053,2003-08-24,15,19,20,21,28,29,13,0,0,0,17500
ssq,2003052,2003-08-21,1,12,13,23,30,31,11,0,0,0,17500
ssq,2003051,2003-08-17,4,13,15,17,24,27,1,0,0,0,17500
ssq,2003050,2003-08-14,2,8,17,23,24,26,13,0,0,0,17500
ssq,2003049,2003-08-10,3,6,7,13,24,25,15,0,0,0,17500
ssq,2003048,2003-08-07,10,12,20,28,30,31,9,0,0,0,17500
ssq,2003047,2003-08-03,3,17,26,28,32,33,16,0,0,0,17500
ssq,2003046,2003-07-31,7,8,10,11,17,26,11,0,0,0,17500
ssq,2003045,2003-07-27,3,7,14,15,17,32,3,0,0,0,17500
ssq,2003044,2003-07-24,2,5,9,16,32,33,15,0,0,0,17500
ssq,2003043,2003-07-20,2,8,10,19,20,32,13,0,0,0,17500
ssq,2003042,2003-07-17,3,5,7,10,15,20,7,0,0,0,17500
ssq,2003041,2003-07-13,2,3,17,18,24,25,11,0,0,0,17500
ssq,2003040,2003-07-10,4,5,6,12,14,23,16,0,0,0,17500
ssq,2003039,2003-07-06,3,5,23,24,27,32,3,0,0,0,17500
ssq,2003038,2003-07-03,5,7,8,24,25,27,16,0,0,0,17500
ssq,2003037,2003-06-29,9,14,17,18,26,32,7,0,0,0,17500
ssq,2003036,2003-06-26,7,21,24,25,27,28,15,0,0,0,17500
ssq,2003035,2003-06-22,3,4,5,8,10,11,8,0,0,0,17500
ssq,2003034,2003-06-19,8,13,14,16,23,25,14,0,0,0,17500
ssq,2003033,2003-06-15,1,7,14,20,27,30,10,0,0,0,17500
ssq,2003032,2003-06-12,4,11,25,27,29,30,13,0,0,0,17500
ssq,2003031,2003-06-08,11,17,20,22,28,32,1,0,0,0,17500
ssq,2003030,2003-06-05,2,6,13,14,23,27,7,0,0,0,17500
ssq,2003029,2003-06-01,2,7,15,26,29,32,10,0,0,0,17500
ssq,2003028,2003-05-29,6,13,16,20,28,32,7,0,0,0,17500
ssq,2003027,2003-05-25,1,11,14,17,27,28,15,0,0,0,17500
ssq,2003026,2003-05-22,8,13,15,26,29,31,16,0,0,0,17500
ssq,2003025,2003-05-18,1,5,11,13,14,27,12,0,0,0,17500
ssq,2003024,2003-05-15,2,7,15,17,22,30,14,0,0,0,17500
ssq,2003023,2003-05-11,1,10,20,22,26,31,2,0,0,0,17500
ssq,2003022,2003-05-08,2,7,11,12,14,32,8,0,0,0,17500
ssq,2003021,2003-05-04,14,15,18,25,26,30,1,0,0,0,17500
ssq,2003020,2003-05-01,7,10,25,26,27,32,4,0,0,0,17500
ssq,2003019,2003-04-27,4,8,12,13,16,33,9,0,0,0,17500
ssq,2003018,2003-04-24,5,16,19,20,25,28,13,0,0,0,17500
ssq,2003017,2003-04-20,5,8,18,23,25,31,6,0,0,0,17500
ssq,2003016,2003-04-17,11,17,28,30,31,33,6,0,0,0,17500
ssq,2003015,2003-04-13,4,11,19,25,26,32,13,0,0,0,17500
ssq,2003014,2003-04-10,3,5,7,8,21,31,2,0,0,0,17500
ssq,2003013,2003-04-06,8,13,17,21,23,32,12,0,0,0,17500
ssq,2003012,2003-04-03,2,12,16,17,27,30,12,0,0,0,17500
ssq,2003011,2003-03-30,4,5,11,12,30,32,15,0,0,0,17500
ssq,2003010,2003-03-27,1,2,8,13,17,24,13,0,0,0,17500
ssq,2003009,2003-03-23,5,9,18,20,22,30,9,0,0,0,17500
ssq,2003008,2003-03-20,5,8,9,14,17,23,8,0,0,0,17500
ssq,2003007,2003-03-16,1,9,19,21,23,26,7,0,0,0,17500
ssq,2003006,2003-03-13,1,3,10,21,26,27,6,0,0,0,17500
ssq,2003005,2003-03-09,4,6,15,17,30,31,16,0,0,0,17500
ssq,2003004,2003-03-06,4,6,7,10,13,25,3,0,0,0,17500
ssq,2003003,2003-03-02,1,7,10,23,28,32,16,0,0,0,17500
ssq,2003002,2003-02-27,4,9,19,20,21,26,12,0,0,0,17500
ssq,2003001,2003-02-23,10,11,12,13,26,28,11,0,0,0,17500
